order_id,customer_id,product_id,quantity,unit_price,discount_rate,total_amount,order_date,order_status,payment_method
ORD-0000001,CUST-000335,P-PRD-106,1,1200.0,0.2,960.0,2026-05-30 12:20:32,Pending,Cash on Delivery
ORD-0000002,CUST-000429,P-PRD-101,3,2499.0,0.2,5997.6,2026-06-17 12:54:37,Shipped,Wallet
ORD-0000003,CUST-000118,P-PRD-104,1,299.0,0.0,299.0,2026-04-07 21:11:46,Completed,Cash on Delivery
ORD-0000004,CUST-000394,P-PRD-101,1,2499.0,0.0,2499.0,2026-07-20 18:18:36,Shipped,Wallet
ORD-0000005,CUST-000448,P-PRD-101,1,2499.0,0.0,2499.0,2026-06-11 01:37:11,Cancelled,Debit Card
ORD-0000006,CUST-000399,P-PRD-101,1,2499.0,0.2,1999.2,2026-04-19 14:03:47,Processing,Wallet
ORD-0000007,CUST-000345,P-PRD-106,1,1200.0,0.15,1020.0,2026-08-07 12:03:57,Pending,Net Banking
ORD-0000008,CUST-000032,P-PRD-109,4,550.0,0.15,1870.0,2026-04-04 15:52:46,Refunded,Net Banking
ORD-0000009,CUST-000025,P-PRD-106,4,1200.0,0.05,4560.0,2026-07-03 04:41:33,Refunded,Net Banking
ORD-0000010,CUST-000154,P-PRD-107,1,199.0,0.0,199.0,2026-04-21 01:17:32,Processing,Cash on Delivery
ORD-0000011,CUST-000238,P-PRD-101,2,2499.0,0.2,3998.4,2026-07-11 12:23:03,Pending,Net Banking
ORD-0000012,CUST-000105,P-PRD-106,2,1200.0,0.15,2040.0,2026-05-23 20:27:15,Cancelled,Cash on Delivery
ORD-0000013,CUST-000027,P-PRD-105,1,4500.0,0.05,4275.0,2026-02-28 19:44:15,Pending,Wallet
ORD-0000014,CUST-000287,P-PRD-104,1,299.0,0.1,269.1,2026-05-15 04:07:35,Completed,Debit Card
ORD-0000015,CUST-000494,P-PRD-112,1,179.0,0.2,143.2,2026-06-21 01:55:13,Refunded,Wallet
ORD-0000016,CUST-000204,P-PRD-104,2,299.0,0.1,538.2,2026-05-27 10:03:48,Cancelled,Cash on Delivery
ORD-0000017,CUST-000134,P-PRD-106,2,1200.0,0.0,2400.0,2026-03-16 10:10:53,Processing,Debit Card
ORD-0000018,CUST-000212,P-PRD-101,2,2499.0,0.0,4998.0,2026-03-27 17:40:41,Processing,Wallet
ORD-0000019,CUST-000297,P-PRD-112,1,179.0,0.0,179.0,2026-05-14 01:27:45,Shipped,Wallet
ORD-0000020,CUST-000256,P-PRD-109,2,550.0,0.05,1045.0,2026-04-25 10:52:40,Refunded,Cash on Delivery
ORD-0000021,CUST-000236,P-PRD-103,2,189.0,0.0,378.0,2026-03-26 12:59:12,Shipped,Debit Card
ORD-0000022,CUST-000278,P-PRD-111,5,249.0,0.0,1245.0,2026-03-09 18:51:14,Completed,Net Banking
ORD-0000023,CUST-000323,P-PRD-104,1,299.0,0.0,299.0,2026-04-15 11:30:03,Shipped,UPI
ORD-0000024,CUST-000327,P-PRD-111,4,249.0,0.15,846.6,2026-08-06 10:51:00,Completed,Credit Card
ORD-0000025,CUST-000211,P-PRD-101,1,2499.0,0.05,2374.05,2026-07-06 03:31:32,Completed,Wallet
ORD-0000026,CUST-000346,P-PRD-107,3,199.0,0.15,507.45,2026-03-17 20:35:40,Cancelled,Debit Card
ORD-0000027,CUST-000318,P-PRD-109,1,550.0,0.0,550.0,2026-05-30 19:57:53,Processing,Net Banking
ORD-0000028,CUST-000125,P-PRD-112,1,179.0,0.05,170.05,2026-03-11 16:53:22,Refunded,Credit Card
ORD-0000029,CUST-000195,P-PRD-107,2,199.0,0.0,398.0,2026-02-20 23:19:39,Completed,Net Banking
ORD-0000030,CUST-000331,P-PRD-106,2,1200.0,0.1,2160.0,2026-03-15 12:19:02,Completed,Debit Card
ORD-0000031,CUST-000446,P-PRD-112,4,179.0,0.0,716.0,2026-03-01 19:47:40,Refunded,UPI
ORD-0000032,CUST-000289,P-PRD-111,1,249.0,0.15,211.65,2026-05-09 17:39:28,Pending,Wallet
ORD-0000033,CUST-000422,P-PRD-112,3,179.0,0.15,456.45,2026-05-05 23:00:08,Cancelled,Debit Card
ORD-0000034,CUST-000436,P-PRD-107,2,199.0,0.0,398.0,2026-05-27 22:10:59,Refunded,Cash on Delivery
ORD-0000035,CUST-000383,P-PRD-106,1,1200.0,0.0,1200.0,2026-03-10 05:29:18,Cancelled,Wallet
ORD-0000036,CUST-000204,P-PRD-106,1,1200.0,0.0,1200.0,2026-06-14 10:57:00,Pending,UPI
ORD-0000037,CUST-000193,P-PRD-107,1,199.0,0.0,199.0,2026-05-26 20:12:28,Cancelled,UPI
ORD-0000038,CUST-000367,P-PRD-102,1,899.0,0.0,899.0,2026-07-30 22:42:17,Refunded,Net Banking
ORD-0000039,CUST-000055,P-PRD-102,1,899.0,0.0,899.0,2026-05-22 02:54:34,Completed,Debit Card
ORD-0000040,CUST-000221,P-PRD-108,2,750.0,0.0,1500.0,2026-03-16 18:02:38,Completed,UPI
ORD-0000041,CUST-000306,P-PRD-110,3,3500.0,0.1,9450.0,2026-02-22 03:42:49,Shipped,Net Banking
ORD-0000042,CUST-000373,P-PRD-109,4,550.0,0.2,1760.0,2026-07-15 12:03:38,Pending,Cash on Delivery
ORD-0000043,CUST-000072,P-PRD-105,1,4500.0,0.0,4500.0,2026-03-06 23:10:32,Shipped,UPI
ORD-0000044,CUST-000248,P-PRD-102,1,899.0,0.15,764.15,2026-07-29 11:08:21,Cancelled,Wallet
ORD-0000045,CUST-000055,P-PRD-103,1,189.0,0.15,160.65,2026-05-15 15:40:05,Shipped,UPI
ORD-0000046,CUST-000221,P-PRD-111,5,249.0,0.0,1245.0,2026-05-12 15:03:00,Refunded,Debit Card
ORD-0000047,CUST-000091,P-PRD-107,5,199.0,0.0,995.0,2026-08-15 16:07:51,Shipped,Wallet
ORD-0000048,CUST-000167,P-PRD-107,1,199.0,0.1,179.1,2026-05-22 21:14:03,Cancelled,Debit Card
ORD-0000049,CUST-000280,P-PRD-103,2,189.0,0.0,378.0,2026-06-17 00:43:15,Shipped,UPI
ORD-0000050,CUST-000036,P-PRD-107,2,199.0,0.0,398.0,2026-05-07 01:53:58,Processing,Cash on Delivery
ORD-0000051,CUST-000217,P-PRD-107,1,199.0,0.2,159.2,2026-06-21 14:17:11,Shipped,Wallet
ORD-0000052,CUST-000473,P-PRD-112,1,179.0,0.0,179.0,2026-05-22 12:38:09,Cancelled,Cash on Delivery
ORD-0000053,CUST-000056,P-PRD-104,2,299.0,0.0,598.0,2026-08-03 15:23:40,Completed,Wallet
ORD-0000054,CUST-000347,P-PRD-111,1,249.0,0.1,224.1,2026-06-08 20:56:42,Completed,Credit Card
ORD-0000055,CUST-000262,P-PRD-112,2,179.0,0.0,358.0,2026-07-16 01:08:07,Shipped,UPI
ORD-0000056,CUST-000397,P-PRD-111,2,249.0,0.0,498.0,2026-05-17 17:58:55,Shipped,Credit Card
ORD-0000057,CUST-000473,P-PRD-102,1,899.0,0.15,764.15,2026-03-27 05:46:12,Processing,UPI
ORD-0000058,CUST-000106,P-PRD-109,1,550.0,0.0,550.0,2026-06-11 09:33:39,Processing,Credit Card
ORD-0000059,CUST-000416,P-PRD-112,1,179.0,0.1,161.1,2026-08-02 21:04:10,Refunded,Debit Card
ORD-0000060,CUST-000381,P-PRD-104,2,299.0,0.0,598.0,2026-05-14 13:28:16,Shipped,Net Banking
ORD-0000061,CUST-000208,P-PRD-111,1,249.0,0.05,236.55,2026-06-09 07:29:25,Completed,Cash on Delivery
ORD-0000062,CUST-000102,P-PRD-108,2,750.0,0.0,1500.0,2026-08-18 00:54:29,Pending,UPI
ORD-0000063,CUST-000416,P-PRD-102,2,899.0,0.1,1618.2,2026-07-05 23:53:41,Processing,UPI
ORD-0000064,CUST-000059,P-PRD-105,2,4500.0,0.0,9000.0,2026-08-01 04:29:54,Cancelled,Net Banking
ORD-0000065,CUST-000301,P-PRD-102,1,899.0,0.1,809.1,2026-07-26 23:22:09,Refunded,Cash on Delivery
ORD-0000066,CUST-000472,P-PRD-110,2,3500.0,0.05,6650.0,2026-05-09 21:22:44,Pending,UPI
ORD-0000067,CUST-000192,P-PRD-112,1,179.0,0.0,179.0,2026-07-20 22:06:26,Cancelled,Net Banking
ORD-0000068,CUST-000250,P-PRD-111,2,249.0,0.15,423.3,2026-04-04 13:17:29,Pending,Net Banking
ORD-0000069,CUST-000096,P-PRD-106,3,1200.0,0.05,3420.0,2026-05-20 17:26:12,Shipped,Debit Card
ORD-0000070,CUST-000197,P-PRD-109,2,550.0,0.0,1100.0,2026-08-13 10:59:27,Shipped,Cash on Delivery
ORD-0000071,CUST-000251,P-PRD-103,1,189.0,0.0,189.0,2026-04-16 03:43:20,Completed,UPI
ORD-0000072,CUST-000148,P-PRD-103,3,189.0,0.0,567.0,2026-06-25 13:06:09,Cancelled,Credit Card
ORD-0000073,CUST-000138,P-PRD-109,3,550.0,0.0,1650.0,2026-03-01 09:09:26,Cancelled,Debit Card
ORD-0000074,CUST-000053,P-PRD-112,3,179.0,0.1,483.3,2026-05-05 18:15:40,Shipped,UPI
ORD-0000075,CUST-000420,P-PRD-102,1,899.0,0.2,719.2,2026-04-20 00:43:45,Refunded,Wallet
ORD-0000076,CUST-000442,P-PRD-112,2,179.0,0.0,358.0,2026-07-25 22:09:25,Pending,Debit Card
ORD-0000077,CUST-000292,P-PRD-106,2,1200.0,0.0,2400.0,2026-04-03 04:52:17,Refunded,UPI
ORD-0000078,CUST-000137,P-PRD-109,5,550.0,0.05,2612.5,2026-03-14 22:01:27,Shipped,Credit Card
ORD-0000079,CUST-000445,P-PRD-111,1,249.0,0.1,224.1,2026-04-22 22:24:44,Refunded,UPI
ORD-0000080,CUST-000391,P-PRD-111,1,249.0,0.0,249.0,2026-07-30 02:52:17,Refunded,Net Banking
ORD-0000081,CUST-000039,P-PRD-111,3,249.0,0.1,672.3,2026-06-02 11:51:38,Refunded,UPI
ORD-0000082,CUST-000451,P-PRD-106,1,1200.0,0.0,1200.0,2026-07-16 17:10:40,Refunded,Credit Card
ORD-0000083,CUST-000235,P-PRD-111,2,249.0,0.0,498.0,2026-03-07 12:32:44,Shipped,Debit Card
ORD-0000084,CUST-000424,P-PRD-104,1,299.0,0.0,299.0,2026-05-02 05:23:06,Cancelled,Wallet
ORD-0000085,CUST-000438,P-PRD-108,3,750.0,0.15,1912.5,2026-03-02 18:45:37,Completed,Cash on Delivery
ORD-0000086,CUST-000236,P-PRD-101,1,2499.0,0.1,2249.1,2026-06-11 09:42:32,Completed,Net Banking
ORD-0000087,CUST-000353,P-PRD-103,4,189.0,0.0,756.0,2026-04-29 20:29:10,Refunded,UPI
ORD-0000088,CUST-000191,P-PRD-111,4,249.0,0.0,996.0,2026-05-31 15:51:55,Processing,Cash on Delivery
ORD-0000089,CUST-000120,P-PRD-107,2,199.0,0.05,378.1,2026-02-19 00:51:29,Shipped,Credit Card
ORD-0000090,CUST-000116,P-PRD-109,2,550.0,0.0,1100.0,2026-08-16 05:35:48,Completed,Net Banking
ORD-0000091,CUST-000245,P-PRD-102,1,899.0,0.0,899.0,2026-03-16 20:50:42,Processing,UPI
ORD-0000092,CUST-000071,P-PRD-107,3,199.0,0.1,537.3,2026-03-25 16:26:48,Refunded,Debit Card
ORD-0000093,CUST-000289,P-PRD-101,2,2499.0,0.0,4998.0,2026-05-19 00:50:41,Refunded,Cash on Delivery
ORD-0000094,CUST-000211,P-PRD-110,2,3500.0,0.1,6300.0,2026-03-12 20:44:44,Pending,Credit Card
ORD-0000095,CUST-000197,P-PRD-106,5,1200.0,0.0,6000.0,2026-03-26 02:06:33,Processing,Cash on Delivery
ORD-0000096,CUST-000284,P-PRD-110,2,3500.0,0.05,6650.0,2026-08-13 18:03:51,Refunded,UPI
ORD-0000097,CUST-000311,P-PRD-109,1,550.0,0.0,550.0,2026-08-02 19:04:28,Pending,Net Banking
ORD-0000098,CUST-000124,P-PRD-108,2,750.0,0.0,1500.0,2026-02-22 06:14:05,Processing,Debit Card
ORD-0000099,CUST-000431,P-PRD-110,1,3500.0,0.0,3500.0,2026-04-04 10:14:12,Completed,Credit Card
ORD-0000100,CUST-000008,P-PRD-105,1,4500.0,0.15,3825.0,2026-05-31 11:31:58,Processing,Cash on Delivery
ORD-0000101,CUST-000394,P-PRD-107,1,199.0,0.0,199.0,2026-08-01 12:37:24,Cancelled,Wallet
ORD-0000102,CUST-000043,P-PRD-105,1,4500.0,0.15,3825.0,2026-03-30 12:37:01,Processing,Net Banking
ORD-0000103,CUST-000392,P-PRD-111,2,249.0,0.0,498.0,2026-08-16 09:00:58,Refunded,Debit Card
ORD-0000104,CUST-000045,P-PRD-107,1,199.0,0.05,189.05,2026-03-05 04:20:55,Refunded,Cash on Delivery
ORD-0000105,CUST-000090,P-PRD-102,1,899.0,0.0,899.0,2026-02-20 23:03:09,Shipped,UPI
ORD-0000106,CUST-000402,P-PRD-112,1,179.0,0.0,179.0,2026-04-27 21:23:09,Completed,UPI
ORD-0000107,CUST-000140,P-PRD-109,1,550.0,0.05,522.5,2026-07-16 15:56:07,Completed,Net Banking
ORD-0000108,CUST-000185,P-PRD-101,1,2499.0,0.0,2499.0,2026-05-23 22:48:54,Processing,Credit Card
ORD-0000109,CUST-ORPHAN-950197,P-PRD-112,1,179.0,0.05,170.05,2026-02-18 18:41:28,Completed,Debit Card
ORD-0000110,CUST-000473,P-PRD-103,1,189.0,0.2,151.2,2026-02-28 13:13:01,Refunded,Cash on Delivery
ORD-0000111,CUST-000115,P-PRD-106,1,1200.0,0.15,1020.0,2026-05-11 02:57:50,Completed,Wallet
ORD-0000112,CUST-000258,P-PRD-111,4,249.0,0.0,996.0,2026-06-30 18:45:35,Shipped,Credit Card
ORD-0000113,CUST-000445,P-PRD-105,3,4500.0,0.0,13500.0,2026-03-13 13:13:30,Shipped,Credit Card
ORD-0000114,CUST-000150,P-PRD-110,3,3500.0,0.05,9975.0,2026-04-22 09:58:43,Processing,Wallet
ORD-0000115,CUST-ORPHAN-983354,P-PRD-104,2,299.0,0.0,598.0,2026-04-21 22:34:11,Completed,Net Banking
ORD-0000116,CUST-000431,P-PRD-112,4,179.0,0.2,572.8,2026-02-19 17:01:10,Shipped,Cash on Delivery
ORD-0000117,CUST-000054,P-PRD-104,2,299.0,0.0,598.0,2026-06-23 19:16:06,Pending,Cash on Delivery
ORD-0000118,CUST-000023,P-PRD-104,4,299.0,0.0,1196.0,2026-08-17 06:38:59,Shipped,Cash on Delivery
ORD-0000119,CUST-000049,P-PRD-109,1,550.0,0.1,495.0,2026-03-10 14:38:16,Cancelled,Credit Card
ORD-0000120,CUST-000495,P-PRD-103,1,189.0,0.0,189.0,2026-05-10 07:23:41,Refunded,Cash on Delivery
ORD-0000121,CUST-000232,P-PRD-105,1,4500.0,0.15,3825.0,2026-03-25 14:22:34,Completed,Debit Card
ORD-0000122,CUST-000231,P-PRD-108,1,750.0,0.0,750.0,2026-05-21 00:38:51,Shipped,UPI
ORD-0000123,CUST-000438,P-PRD-102,1,899.0,0.1,809.1,2026-05-07 15:03:12,Completed,Debit Card
ORD-0000124,CUST-000168,P-PRD-103,1,189.0,0.0,189.0,2026-05-21 07:30:52,Cancelled,Credit Card
ORD-0000125,CUST-000134,P-PRD-103,1,189.0,0.0,189.0,2026-06-14 13:19:45,Refunded,Wallet
ORD-0000126,CUST-000237,P-PRD-102,3,899.0,0.0,2697.0,2026-02-21 19:19:59,Pending,Debit Card
ORD-0000127,CUST-000206,P-PRD-106,2,1200.0,0.15,2040.0,2026-03-12 14:17:22,Cancelled,UPI
ORD-0000128,CUST-000039,P-PRD-101,10,2499.0,0.0,24990.0,2026-08-03 09:13:57,Pending,Credit Card
ORD-0000129,CUST-000426,P-PRD-106,1,1200.0,0.15,1020.0,2026-03-02 23:12:14,Cancelled,Net Banking
ORD-0000130,CUST-000203,P-PRD-108,1,750.0,0.05,712.5,2026-04-04 05:58:28,Pending,Debit Card
ORD-0000131,CUST-000229,P-PRD-103,1,189.0,0.05,179.55,2026-04-22 16:39:16,Processing,Net Banking
ORD-0000132,CUST-000282,P-PRD-108,1,750.0,0.0,750.0,2026-03-26 08:21:05,Pending,Cash on Delivery
ORD-0000133,CUST-000270,P-PRD-104,2,299.0,0.1,538.2,2026-02-23 07:00:50,Refunded,UPI
ORD-0000008,CUST-000402,P-PRD-108,1,750.0,0.0,750.0,2026-05-12 07:13:41,Processing,Debit Card
ORD-0000135,CUST-000460,P-PRD-105,1,4500.0,0.2,3600.0,2026-07-04 06:06:05,Cancelled,Debit Card
ORD-0000136,CUST-000052,P-PRD-104,2,299.0,0.0,598.0,2026-03-05 01:04:34,Cancelled,Net Banking
ORD-0000137,CUST-000431,P-PRD-103,1,189.0,0.0,189.0,2026-08-16 06:09:02,Cancelled,Credit Card
ORD-0000138,CUST-000181,P-PRD-110,2,3500.0,0.0,7000.0,2026-04-08 11:00:33,Cancelled,UPI
ORD-0000139,CUST-000020,P-PRD-102,1,899.0,0.05,854.05,2026-02-24 12:15:18,Shipped,Credit Card
ORD-0000140,CUST-000315,P-PRD-104,3,299.0,0.0,897.0,2026-04-05 04:52:09,Completed,Credit Card
ORD-0000141,CUST-000361,P-PRD-103,3,189.0,0.1,510.3,2026-05-22 19:43:42,Processing,Cash on Delivery
ORD-0000142,CUST-000203,P-PRD-110,1,3500.0,0.0,3500.0,2026-03-24 22:49:20,Refunded,Net Banking
ORD-0000143,CUST-000493,P-PRD-108,2,750.0,0.0,1500.0,2026-07-12 15:25:56,Processing,Debit Card
ORD-0000144,CUST-000419,P-PRD-103,1,189.0,0.05,179.55,2026-05-04 21:43:27,UNKNOWN_ERROR_STATUS,Cash on Delivery
ORD-0000145,CUST-000437,P-PRD-110,1,3500.0,0.05,3325.0,2026-07-25 01:07:49,Refunded,Wallet
ORD-0000146,CUST-000255,P-PRD-103,1,189.0,0.0,189.0,2026-05-18 04:43:15,Pending,Cash on Delivery
ORD-0000147,CUST-000046,P-PRD-112,2,179.0,0.05,340.1,2026-05-15 09:20:56,Completed,UPI
ORD-0000148,CUST-000355,P-PRD-102,1,899.0,0.1,809.1,2026-02-18 18:50:26,Shipped,Net Banking
ORD-0000149,CUST-000499,P-PRD-103,4,189.0,0.0,756.0,2026-05-26 05:52:32,Cancelled,Net Banking
ORD-0000150,CUST-000246,P-PRD-110,2,3500.0,0.05,6650.0,2026-04-01 09:31:07,Completed,Credit Card
ORD-0000151,CUST-000164,P-PRD-105,5,4500.0,0.0,22500.0,2026-04-03 06:45:28,Pending,Cash on Delivery
ORD-0000152,CUST-000484,P-PRD-102,1,899.0,0.2,719.2,2026-06-21 18:12:58,Shipped,Cash on Delivery
ORD-0000153,CUST-000457,P-PRD-107,1,199.0,0.0,199.0,2026-04-12 00:00:17,Shipped,Cash on Delivery
ORD-0000154,CUST-000475,P-PRD-112,2,179.0,0.05,340.1,2026-05-06 01:44:11,Completed,Credit Card
ORD-0000155,CUST-000282,P-PRD-108,1,750.0,0.0,750.0,2026-06-07 20:16:41,Processing,Cash on Delivery
ORD-0000156,CUST-000246,P-PRD-104,1,299.0,0.0,299.0,2026-08-01 03:42:44,Completed,Net Banking
ORD-0000157,CUST-000158,P-PRD-107,1,199.0,0.15,169.15,2026-04-26 20:24:21,Refunded,Wallet
ORD-0000158,CUST-000190,P-PRD-107,1,199.0,0.0,199.0,2026-04-27 09:05:53,Shipped,UPI
ORD-0000159,CUST-000138,P-PRD-110,1,3500.0,0.1,3150.0,2026-08-07 20:36:31,Completed,Cash on Delivery
ORD-0000160,CUST-000278,P-PRD-107,5,199.0,0.0,995.0,2026-07-09 19:18:29,Shipped,Wallet
ORD-0000161,CUST-000275,P-PRD-111,3,249.0,0.0,747.0,2026-04-20 10:25:40,Processing,Credit Card
ORD-0000162,CUST-000439,P-PRD-112,1,179.0,0.0,179.0,2026-07-01 13:53:41,Refunded,Wallet
ORD-0000163,CUST-000488,P-PRD-108,1,750.0,0.2,600.0,2026-04-14 00:06:16,Pending,Credit Card
ORD-0000164,CUST-000350,P-PRD-107,1,199.0,0.1,179.1,2026-03-28 14:45:10,Processing,UPI
ORD-0000165,CUST-000470,P-PRD-102,1,899.0,0.0,899.0,2026-07-10 04:57:42,Processing,Wallet
ORD-0000166,CUST-000449,P-PRD-101,3,2499.0,0.05,7122.15,2026-07-02 08:21:53,Completed,Net Banking
ORD-0000167,CUST-000291,P-PRD-110,2,3500.0,0.2,5600.0,2026-03-15 20:56:01,Cancelled,Credit Card
ORD-0000168,CUST-000446,P-PRD-109,4,550.0,0.15,1870.0,2026-04-27 07:02:02,Refunded,Net Banking
ORD-0000169,CUST-000243,P-PRD-101,1,2499.0,0.0,2499.0,2026-07-27 15:14:53,Refunded,Cash on Delivery
ORD-0000170,CUST-000203,P-PRD-106,2,1200.0,0.0,2400.0,2026-06-20 02:51:59,Processing,Credit Card
ORD-0000171,CUST-000408,P-PRD-105,1,4500.0,0.1,4050.0,2026-08-15 20:39:49,Pending,Debit Card
ORD-0000172,CUST-000382,P-PRD-108,3,750.0,0.0,2250.0,2026-06-05 15:06:51,Refunded,Credit Card
ORD-0000173,CUST-000109,P-PRD-107,2,199.0,0.1,358.2,2026-05-24 19:08:03,Cancelled,Debit Card
ORD-0000174,CUST-000364,P-PRD-109,1,550.0,0.1,495.0,2026-07-03 13:47:33,Completed,Debit Card
ORD-0000175,CUST-000428,P-PRD-104,3,299.0,0.0,897.0,2026-06-14 18:55:42,Processing,Cash on Delivery
ORD-0000176,CUST-000189,P-PRD-108,2,750.0,0.05,1425.0,2026-03-21 18:12:01,Pending,UPI
ORD-0000177,CUST-000229,P-PRD-103,5,189.0,0.0,945.0,2026-07-10 05:49:19,Processing,Debit Card
ORD-0000178,CUST-000133,P-PRD-112,3,179.0,0.0,537.0,2026-02-26 07:09:43,Completed,Debit Card
ORD-0000179,CUST-000401,P-PRD-104,3,299.0,0.05,852.15,2026-08-11 00:36:52,Processing,Cash on Delivery
ORD-0000180,CUST-000011,P-PRD-111,1,249.0,0.15,211.65,2026-08-02 23:23:37,Cancelled,Credit Card
ORD-0000181,CUST-000312,P-PRD-105,2,4500.0,0.05,8550.0,2026-04-30 08:31:05,Shipped,UPI
ORD-0000182,CUST-ORPHAN-973591,P-PRD-108,1,750.0,0.0,750.0,2026-07-28 07:32:51,Cancelled,Credit Card
ORD-0000183,CUST-000332,P-PRD-110,2,3500.0,0.0,7000.0,2026-03-18 10:37:38,Completed,UPI
ORD-0000184,CUST-000328,P-PRD-106,3,1200.0,0.0,3600.0,2026-08-04 03:57:59,Pending,Debit Card
ORD-0000185,CUST-000124,P-PRD-101,3,2499.0,0.1,6747.3,2026-07-22 07:48:01,Refunded,UPI
ORD-0000186,CUST-000371,P-PRD-101,2,2499.0,0.2,3998.4,2026-04-26 08:19:38,Shipped,Net Banking
ORD-0000187,CUST-000299,P-PRD-112,10,179.0,0.1,1611.0,2026-05-17 01:11:01,Refunded,Wallet
ORD-0000188,CUST-000244,P-PRD-111,1,249.0,0.0,249.0,2026-04-03 17:01:50,Cancelled,Debit Card
ORD-0000189,CUST-000242,P-PRD-103,2,189.0,0.05,359.1,2026-07-11 23:45:11,Refunded,UPI
ORD-0000190,CUST-000114,P-PRD-106,1,1200.0,0.15,1020.0,2026-06-06 05:09:02,Processing,UPI
ORD-0000191,CUST-000238,P-PRD-102,1,899.0,0.1,809.1,2026-07-18 14:12:58,Cancelled,Credit Card
ORD-0000192,CUST-000100,P-PRD-109,1,550.0,0.05,522.5,2026-07-04 03:57:02,Shipped,Credit Card
ORD-0000193,CUST-000078,P-PRD-103,10,189.0,0.0,1890.0,2026-07-14 09:44:50,Pending,UPI
ORD-0000194,CUST-000093,P-PRD-102,1,899.0,0.05,854.05,2026-99-99 25:99:99,Refunded,Credit Card
ORD-0000195,CUST-000108,P-PRD-103,2,189.0,0.0,378.0,2026-03-12 21:47:57,Cancelled,Net Banking
ORD-0000196,CUST-000207,P-PRD-107,5,199.0,0.0,995.0,2026-02-28 12:31:19,Pending,Cash on Delivery
ORD-0000197,CUST-000008,P-PRD-106,3,1200.0,0.0,3600.0,2026-02-22 17:14:16,Refunded,Cash on Delivery
ORD-0000198,CUST-000356,P-PRD-106,1,1200.0,0.0,1200.0,2026-06-27 14:31:14,Processing,Debit Card
ORD-0000199,CUST-000024,P-PRD-105,4,4500.0,0.0,18000.0,2026-07-02 14:48:03,Cancelled,UPI
ORD-0000187,CUST-000352,P-PRD-103,1,189.0,0.15,160.65,2026-05-20 23:56:53,Pending,Net Banking
ORD-0000201,CUST-000068,P-PRD-104,2,299.0,0.0,598.0,2026-04-02 21:34:19,Processing,Cash on Delivery
ORD-0000202,CUST-000020,P-PRD-107,4,199.0,0.0,796.0,2026-07-05 15:46:31,Completed,Wallet
ORD-0000203,CUST-000339,P-PRD-102,2,899.0,0.0,1798.0,2026-08-13 21:18:12,Shipped,Net Banking
ORD-0000204,CUST-000281,P-PRD-105,1,4500.0,0.0,4500.0,2026-08-15 16:02:12,Completed,UPI
ORD-0000205,CUST-000052,P-PRD-111,2,249.0,0.05,473.1,2026-08-16 22:04:54,Shipped,Credit Card
ORD-0000206,CUST-000317,P-PRD-102,1,899.0,0.1,809.1,2026-06-26 00:19:13,Cancelled,Debit Card
ORD-0000207,CUST-000427,P-PRD-109,5,550.0,0.0,2750.0,2026-06-03 03:50:28,Pending,Credit Card
ORD-0000208,CUST-000468,P-PRD-104,2,299.0,0.0,598.0,2026-04-19 17:11:14,Completed,Cash on Delivery
ORD-0000209,CUST-000057,P-PRD-110,2,3500.0,0.0,7000.0,2026-03-14 11:43:06,Completed,Cash on Delivery
ORD-0000210,CUST-000465,P-PRD-105,2,4500.0,0.0,9000.0,2026-05-05 02:42:15,Shipped,Credit Card
ORD-0000211,CUST-000090,P-PRD-101,3,2499.0,0.0,7497.0,2026-08-11 04:28:23,Shipped,Cash on Delivery
ORD-0000212,CUST-000437,P-PRD-101,1,2499.0,0.0,2499.0,2026-08-02 23:17:45,Processing,UPI
ORD-0000213,CUST-000491,P-PRD-110,1,3500.0,0.05,3325.0,2026-05-25 05:33:57,Pending,Credit Card
ORD-0000214,CUST-000494,P-PRD-108,1,750.0,0.0,750.0,2026-06-21 08:26:34,Refunded,Debit Card
ORD-0000215,CUST-000357,P-PRD-112,1,179.0,0.15,152.15,2026-03-30 20:51:49,Shipped,Wallet
ORD-0000216,CUST-000292,P-PRD-111,1,249.0,0.05,236.55,2026-05-21 15:20:47,Completed,Cash on Delivery
ORD-0000217,CUST-000374,P-PRD-103,1,189.0,0.0,189.0,2026-06-04 09:07:57,Completed,Credit Card
ORD-0000218,CUST-000161,P-PRD-101,2,2499.0,0.05,4748.1,2026-07-16 13:39:33,Pending,Cash on Delivery
ORD-0000219,CUST-000266,P-PRD-109,2,550.0,0.05,1045.0,2026-06-09 02:08:17,Shipped,UPI
ORD-0000220,CUST-000329,P-PRD-107,1,199.0,0.1,179.1,2026-07-24 19:04:28,Completed,Cash on Delivery
ORD-0000221,CUST-000259,P-PRD-108,3,750.0,0.1,2025.0,2026-03-10 10:59:17,Processing,Debit Card
ORD-0000222,CUST-000143,P-PRD-101,2,2499.0,0.0,4998.0,2026-05-26 07:46:14,Pending,Credit Card
ORD-0000223,CUST-000412,P-PRD-110,1,3500.0,0.1,3150.0,2026-06-13 04:35:42,Completed,Net Banking
ORD-0000224,CUST-000010,P-PRD-102,1,899.0,0.0,899.0,2026-07-08 17:05:38,Completed,Wallet
ORD-0000225,CUST-000327,P-PRD-105,4,4500.0,0.0,18000.0,2026-08-05 09:41:52,Processing,UPI
ORD-0000226,CUST-000420,P-PRD-104,3,299.0,0.0,897.0,2026-07-27 14:55:52,Shipped,Cash on Delivery
ORD-0000227,CUST-000368,P-PRD-108,1,750.0,0.1,675.0,2026-04-15 17:10:03,Processing,UPI
ORD-0000228,CUST-000495,P-PRD-105,2,4500.0,0.0,9000.0,2026-03-17 18:45:16,Pending,Net Banking
ORD-0000229,CUST-000369,P-PRD-112,2,179.0,0.0,358.0,2026-07-25 00:13:15,Pending,Credit Card
ORD-0000230,CUST-000202,P-PRD-104,1,299.0,0.1,269.1,2026-05-15 21:00:41,Shipped,Credit Card
ORD-0000231,CUST-000430,P-PRD-111,2,249.0,0.1,448.2,2026-06-14 09:44:26,Refunded,Wallet
ORD-0000232,CUST-000069,P-PRD-108,1,750.0,0.05,712.5,2026-07-10 08:50:45,Cancelled,Net Banking
ORD-0000233,CUST-000401,P-PRD-103,2,189.0,0.0,378.0,2026-03-22 20:51:29,Shipped,Cash on Delivery
ORD-0000234,CUST-000453,P-PRD-106,2,1200.0,0.0,2400.0,2026-07-24 02:07:33,Processing,Net Banking
ORD-0000235,CUST-000499,P-PRD-105,1,4500.0,0.0,4500.0,2026-06-04 15:01:30,Refunded,Cash on Delivery
ORD-0000236,CUST-000433,P-PRD-112,2,179.0,0.0,358.0,2026-07-10 16:07:09,Pending,Debit Card
ORD-0000237,CUST-000367,P-PRD-105,2,4500.0,0.15,7650.0,2026-03-24 16:45:24,Pending,Wallet
ORD-0000238,CUST-000327,P-PRD-106,2,1200.0,0.1,2160.0,2026-07-12 10:34:39,Cancelled,Wallet
ORD-0000239,CUST-000364,P-PRD-107,2,199.0,0.15,338.3,2026-07-05 03:29:53,Shipped,Credit Card
ORD-0000240,CUST-000013,P-PRD-107,1,199.0,0.05,189.05,2026-04-11 02:48:29,Pending,UPI
ORD-0000241,CUST-000075,P-PRD-101,2,2499.0,0.0,4998.0,2026-07-06 18:15:50,Processing,Net Banking
ORD-0000242,CUST-000446,P-PRD-111,2,249.0,0.1,448.2,2026-08-03 13:31:22,Shipped,Debit Card
ORD-0000243,CUST-000409,P-PRD-112,1,179.0,0.05,170.05,2026-05-27 07:11:53,Shipped,Cash on Delivery
ORD-0000244,CUST-000283,P-PRD-101,1,2499.0,0.0,2499.0,2026-07-27 09:13:09,Pending,Cash on Delivery
ORD-0000245,CUST-000332,P-PRD-106,3,1200.0,0.0,3600.0,2026-07-23 00:14:27,Refunded,Debit Card
ORD-0000246,CUST-000091,P-PRD-111,1,249.0,0.2,199.2,2026-06-29 21:25:59,Shipped,Credit Card
ORD-0000247,CUST-000285,P-PRD-105,1,4500.0,0.0,4500.0,2026-04-24 17:17:35,Processing,Net Banking
ORD-0000248,CUST-000080,P-PRD-101,1,2499.0,0.0,2499.0,2026-03-04 15:51:24,Cancelled,Cash on Delivery
ORD-0000249,CUST-000406,P-PRD-110,2,3500.0,0.0,7000.0,2026-05-11 12:13:00,Pending,Debit Card
ORD-0000250,CUST-000404,P-PRD-109,1,550.0,0.0,550.0,2026-06-01 20:26:07,Processing,Debit Card
ORD-0000251,CUST-000340,P-PRD-106,1,1200.0,0.0,1200.0,2026-07-27 12:24:09,Shipped,Wallet
ORD-0000252,CUST-000333,P-PRD-101,1,2499.0,0.0,2499.0,2026-04-21 16:28:18,Cancelled,Wallet
ORD-0000253,CUST-000021,P-PRD-111,4,249.0,0.0,996.0,2026-03-20 07:08:13,Processing,Wallet
ORD-0000254,CUST-000013,P-PRD-109,3,550.0,0.0,1650.0,2026-06-29 09:18:36,Shipped,Credit Card
ORD-0000255,CUST-000334,P-PRD-104,1,-299.0,0.0,-299.0,2026-03-14 23:10:56,Cancelled,Wallet
ORD-0000256,CUST-000108,P-PRD-111,2,249.0,0.0,498.0,2026-08-13 08:31:57,Completed,Debit Card
ORD-0000257,CUST-000360,P-PRD-112,3,179.0,0.05,510.15,2026-03-08 22:41:08,Completed,Net Banking
ORD-0000258,CUST-000020,P-PRD-102,1,899.0,0.0,899.0,2026-04-24 13:24:25,Completed,Wallet
ORD-0000259,CUST-000468,P-PRD-105,1,4500.0,0.0,4500.0,2026-06-02 08:51:13,Processing,Credit Card
ORD-0000260,CUST-000061,P-PRD-109,1,550.0,0.05,522.5,2026-03-07 14:24:32,Completed,Cash on Delivery
ORD-0000261,CUST-000184,P-PRD-109,1,550.0,0.1,495.0,2026-05-07 15:10:19,Completed,UPI
ORD-0000262,CUST-000225,P-PRD-107,1,199.0,0.05,189.05,2026-06-19 22:46:45,Cancelled,Debit Card
ORD-0000263,CUST-000201,P-PRD-109,1,550.0,0.05,522.5,2026-05-06 16:40:42,Processing,Credit Card
ORD-0000264,CUST-000285,P-PRD-103,1,189.0,0.0,189.0,2026-07-21 07:26:09,Cancelled,Wallet
ORD-0000265,CUST-000157,P-PRD-104,2,299.0,0.15,508.3,2026-05-18 00:47:48,Shipped,Cash on Delivery
ORD-0000266,CUST-000073,P-PRD-103,1,189.0,0.05,179.55,2026-04-24 00:09:46,Completed,Debit Card
ORD-0000267,CUST-000291,P-PRD-101,3,2499.0,0.15,6372.45,2026-07-09 09:52:54,Refunded,Wallet
ORD-0000268,CUST-000344,P-PRD-102,1,899.0,0.0,899.0,2026-07-17 10:49:33,Processing,UPI
ORD-0000269,CUST-000336,P-PRD-104,1,299.0,0.05,284.05,2026-04-09 04:39:28,Shipped,Net Banking
ORD-0000270,CUST-000338,P-PRD-105,2,4500.0,0.0,9000.0,2026-07-14 06:21:30,Processing,Net Banking
ORD-0000271,CUST-000161,P-PRD-104,3,299.0,0.05,852.15,2026-08-02 08:57:59,Processing,UPI
ORD-0000272,CUST-000377,P-PRD-106,4,1200.0,0.0,4800.0,2026-05-21 04:12:34,Shipped,Wallet
ORD-0000273,CUST-000331,P-PRD-110,1,3500.0,0.0,3500.0,2026-03-26 12:41:53,Pending,UPI
ORD-0000274,CUST-000321,P-PRD-102,2,899.0,0.15,1528.3,2026-06-28 16:05:04,Completed,Wallet
ORD-0000275,CUST-000395,P-PRD-110,1,3500.0,0.0,3500.0,2026-04-26 12:52:29,Cancelled,Net Banking
ORD-0000276,CUST-000077,P-PRD-106,1,1200.0,0.15,1020.0,2026-07-19 03:40:57,Pending,Net Banking
ORD-0000277,CUST-000047,P-PRD-107,1,199.0,0.0,199.0,2026-04-21 15:26:38,Refunded,Debit Card
ORD-0000278,CUST-000072,P-PRD-108,1,750.0,0.0,750.0,2026-07-12 22:24:38,Refunded,Cash on Delivery
ORD-0000266,CUST-000184,P-PRD-101,1,2499.0,0.0,2499.0,2026-03-07 02:42:45,Processing,Debit Card
ORD-0000280,CUST-000466,P-PRD-106,1,1200.0,0.15,1020.0,2026-03-01 18:32:26,Refunded,UPI
ORD-0000281,CUST-000498,P-PRD-109,2,550.0,0.0,1100.0,2026-04-27 14:09:18,Cancelled,Wallet
ORD-0000282,CUST-000335,P-PRD-107,1,199.0,0.05,189.05,2026-03-10 11:53:56,Processing,Net Banking
ORD-0000283,,P-PRD-109,1,550.0,0.1,495.0,2026-05-18 10:48:49,Shipped,Wallet
ORD-0000284,CUST-000226,P-PRD-103,1,189.0,0.0,189.0,2026-05-01 00:47:19,Pending,Debit Card
ORD-0000285,CUST-000309,P-PRD-112,3,179.0,0.05,510.15,2026-06-05 05:06:39,Refunded,Credit Card
ORD-0000286,CUST-000246,P-PRD-108,1,750.0,0.0,750.0,2026-06-03 17:54:18,Pending,Credit Card
ORD-0000287,CUST-000304,P-PRD-103,1,189.0,0.0,189.0,2026-07-14 22:26:05,Completed,Debit Card
ORD-0000288,CUST-000093,P-PRD-109,5,550.0,0.0,2750.0,2026-07-13 16:18:10,Completed,Cash on Delivery
ORD-0000289,CUST-000422,P-PRD-105,4,4500.0,0.0,18000.0,2026-07-24 10:15:05,Shipped,Debit Card
ORD-0000290,CUST-000211,P-PRD-110,1,3500.0,0.0,3500.0,2026-04-06 15:46:41,Refunded,Wallet
ORD-0000291,CUST-000372,P-PRD-111,1,249.0,0.0,249.0,2026-07-19 19:35:39,Pending,Net Banking
ORD-0000292,CUST-000056,P-PRD-101,1,2499.0,0.1,2249.1,2026-06-28 08:22:19,Pending,Wallet
ORD-0000293,CUST-000244,P-PRD-110,2,3500.0,0.15,5950.0,2026-07-05 11:24:48,Completed,Credit Card
ORD-0000294,CUST-000067,P-PRD-110,2,3500.0,0.0,7000.0,2026-08-11 16:43:32,Shipped,Wallet
ORD-0000295,CUST-000449,P-PRD-101,2,2499.0,0.0,4998.0,2026-06-22 06:58:05,Processing,Wallet
ORD-0000296,CUST-000466,P-PRD-112,2,179.0,0.0,358.0,2026-04-25 10:27:35,Pending,Credit Card
ORD-0000297,CUST-000450,P-PRD-109,1,550.0,0.0,550.0,2026-02-20 14:07:53,Cancelled,Credit Card
ORD-0000298,CUST-000193,P-PRD-111,1,249.0,0.1,224.1,2026-06-03 06:16:39,Completed,Debit Card
ORD-0000299,CUST-000300,P-PRD-105,1,4500.0,0.0,4500.0,2026-07-13 06:24:01,Cancelled,UPI
ORD-0000300,CUST-000204,P-PRD-104,1,299.0,0.1,269.1,2026-06-21 23:35:41,Processing,Wallet
ORD-0000301,CUST-000130,P-PRD-105,2,4500.0,0.1,8100.0,2026-05-30 22:06:52,Refunded,Credit Card
ORD-0000302,CUST-000229,P-PRD-112,4,179.0,0.0,716.0,2026-06-29 07:40:18,Processing,Wallet
ORD-0000303,CUST-000351,P-PRD-112,1,179.0,0.0,179.0,2026-07-30 17:16:49,Completed,Debit Card
ORD-0000304,CUST-000308,P-PRD-107,1,199.0,0.0,199.0,2026-05-23 20:00:06,Cancelled,Credit Card
ORD-0000305,CUST-000478,P-PRD-107,2,199.0,0.0,398.0,2026-07-20 19:10:47,Pending,Cash on Delivery
ORD-0000306,CUST-000006,P-PRD-104,3,299.0,0.15,762.45,2026-07-01 03:30:03,Pending,Credit Card
ORD-0000307,CUST-000262,P-PRD-109,2,550.0,0.05,1045.0,2026-08-09 18:24:02,Processing,Debit Card
ORD-0000308,CUST-000081,P-PRD-102,10,899.0,0.1,8091.0,2026-05-20 07:28:28,Shipped,Wallet
ORD-0000309,CUST-000008,P-PRD-112,2,179.0,0.15,304.3,2026-07-09 03:26:45,Refunded,Wallet
ORD-0000310,CUST-000179,P-PRD-106,5,1200.0,0.0,6000.0,2026-07-24 00:10:12,Shipped,Net Banking
ORD-0000311,CUST-000134,P-PRD-103,1,189.0,0.0,189.0,2026-03-09 11:24:27,Processing,UPI
ORD-0000312,CUST-000413,P-PRD-109,5,550.0,0.15,2337.5,2026-07-16 02:11:42,Refunded,Net Banking
ORD-0000313,CUST-000289,P-PRD-108,3,750.0,0.1,2025.0,2026-06-16 09:51:43,Cancelled,Credit Card
ORD-0000314,CUST-000133,P-PRD-102,1,899.0,0.1,809.1,2026-04-16 01:27:33,Processing,Net Banking
ORD-0000315,CUST-000265,P-PRD-109,1,550.0,0.1,495.0,2026-04-23 03:32:51,Completed,Net Banking
ORD-0000316,CUST-000422,P-PRD-106,1,1200.0,0.15,1020.0,2026-06-20 04:30:55,Processing,Debit Card
ORD-0000317,CUST-000138,P-PRD-103,4,189.0,0.05,718.2,2026-04-08 11:15:20,Refunded,Debit Card
ORD-0000318,CUST-000124,P-PRD-105,1,4500.0,0.0,4500.0,2026-04-23 15:36:36,Processing,Debit Card
ORD-0000319,CUST-000062,P-PRD-102,2,899.0,0.05,1708.1,2026-07-25 17:19:44,Cancelled,Credit Card
ORD-0000320,CUST-000191,P-PRD-110,1,3500.0,0.15,2975.0,2026-07-16 03:05:25,Shipped,Debit Card
ORD-0000321,CUST-000470,P-PRD-109,1,550.0,0.0,550.0,2026-07-15 21:45:25,Completed,Wallet
ORD-0000322,CUST-000245,P-PRD-109,1,550.0,0.0,550.0,2026-08-12 23:27:07,Shipped,Credit Card
ORD-0000323,CUST-000236,P-PRD-106,2,1200.0,0.0,2400.0,2026-04-13 06:54:08,Cancelled,Credit Card
ORD-0000324,CUST-000314,P-PRD-105,1,4500.0,0.0,4500.0,2026-04-28 10:14:56,Cancelled,UPI
ORD-0000325,CUST-000256,P-PRD-107,1,199.0,0.05,189.05,2026-05-25 06:22:47,Shipped,UPI
ORD-0000326,CUST-000293,P-PRD-103,5,189.0,0.05,897.75,2026-03-16 02:54:58,Pending,Wallet
ORD-0000327,CUST-000196,P-PRD-104,1,299.0,0.2,239.2,2026-03-29 10:18:31,Completed,Debit Card
ORD-0000328,CUST-000069,P-PRD-111,2,249.0,0.05,473.1,2026-06-23 04:00:42,Processing,Wallet
ORD-0000329,CUST-000025,P-PRD-107,1,199.0,0.0,199.0,2026-04-15 02:20:46,Shipped,Cash on Delivery
ORD-0000330,CUST-000383,P-PRD-106,1,1200.0,0.0,1200.0,2026-07-11 02:28:15,Processing,Credit Card
ORD-0000331,CUST-000180,P-PRD-111,5,249.0,0.0,1245.0,2026-07-16 16:44:55,Refunded,Wallet
ORD-0000332,CUST-000401,P-PRD-105,1,4500.0,0.05,4275.0,2026-06-23 09:21:36,Completed,Net Banking
ORD-0000333,CUST-000238,P-PRD-111,5,249.0,0.1,1120.5,2026-08-01 05:22:18,Shipped,Cash on Delivery
ORD-0000334,CUST-000208,P-PRD-102,1,899.0,0.0,899.0,2026-05-10 04:37:29,Refunded,UPI
ORD-0000335,CUST-000310,P-PRD-111,1,249.0,0.15,211.65,2026-05-22 14:27:24,Cancelled,Net Banking
ORD-0000336,CUST-000095,P-PRD-101,1,2499.0,0.0,2499.0,2026-04-23 20:00:10,Pending,Debit Card
ORD-0000337,CUST-000049,P-PRD-102,4,899.0,0.0,3596.0,2026-03-03 18:02:51,Shipped,Wallet
ORD-0000338,CUST-000043,P-PRD-102,1,899.0,0.0,899.0,2026-08-05 07:16:53,Processing,Debit Card
ORD-0000339,CUST-000146,P-PRD-108,2,750.0,0.0,1500.0,2026-04-02 18:07:40,Completed,Cash on Delivery
ORD-0000340,CUST-000470,P-PRD-106,3,1200.0,0.0,3600.0,2026-07-07 03:00:21,Cancelled,Net Banking
ORD-0000341,CUST-000487,P-PRD-112,2,179.0,0.0,358.0,2026-06-15 16:03:48,Refunded,Cash on Delivery
ORD-0000342,CUST-000223,P-PRD-109,2,550.0,0.0,1100.0,2026-05-18 10:37:27,Cancelled,Debit Card
ORD-0000343,CUST-000227,P-PRD-105,1,4500.0,0.0,4500.0,2026-05-06 17:28:19,Completed,Wallet
ORD-0000344,CUST-000436,P-PRD-103,1,189.0,0.0,189.0,2026-02-21 10:59:54,UNKNOWN_ERROR_STATUS,UPI
ORD-0000345,CUST-000410,P-PRD-105,2,4500.0,0.1,8100.0,2026-07-09 06:41:30,Pending,Net Banking
ORD-0000346,CUST-000224,P-PRD-107,1,199.0,0.05,189.05,2026-08-03 07:16:37,Shipped,Debit Card
ORD-0000347,CUST-000217,P-PRD-111,1,249.0,0.1,224.1,2026-07-25 02:59:09,Processing,Cash on Delivery
ORD-0000348,CUST-000416,P-PRD-105,1,4500.0,0.1,4050.0,2026-04-05 22:03:43,Processing,Credit Card
ORD-0000349,CUST-000317,P-PRD-108,-2,750.0,0.05,-1500.0,2026-04-08 04:45:43,Completed,Debit Card
ORD-0000350,CUST-000500,P-PRD-102,1,899.0,0.0,899.0,2026-06-10 17:23:11,Pending,Credit Card
ORD-0000351,CUST-000253,P-PRD-104,1,299.0,0.0,299.0,2026-06-26 06:36:35,Shipped,Cash on Delivery
ORD-0000352,CUST-000170,P-PRD-102,3,899.0,0.2,2157.6,2026-03-05 02:47:27,Shipped,Credit Card
ORD-0000353,CUST-000093,P-PRD-104,4,299.0,0.0,1196.0,2026-05-26 17:32:49,Completed,Cash on Delivery
ORD-0000354,CUST-000396,P-PRD-108,1,750.0,0.2,600.0,2026-04-10 09:51:58,Refunded,Credit Card
ORD-0000355,CUST-000107,P-PRD-108,1,-750.0,0.2,-750.0,2026-05-11 22:51:45,Refunded,Cash on Delivery
ORD-0000356,CUST-000130,P-PRD-108,2,750.0,0.0,1500.0,2026-03-04 01:01:01,Completed,Debit Card
ORD-0000357,CUST-000167,P-PRD-101,1,2499.0,0.0,2499.0,2026-03-21 07:29:55,Pending,Credit Card
ORD-0000358,CUST-000298,P-PRD-112,1,179.0,0.0,179.0,2026-05-24 20:20:44,Pending,Debit Card
ORD-0000359,CUST-000352,P-PRD-110,1,3500.0,0.2,2800.0,2026-07-28 19:16:27,Completed,UPI
ORD-0000360,CUST-000360,P-PRD-109,3,550.0,0.0,1650.0,2026-04-19 04:37:11,Cancelled,Cash on Delivery
ORD-0000361,CUST-000414,P-PRD-108,2,750.0,0.0,1500.0,2026-05-26 06:07:41,Refunded,Debit Card
ORD-0000362,CUST-000021,P-PRD-108,2,750.0,0.0,1500.0,2026-07-07 10:55:53,Pending,Wallet
ORD-0000363,CUST-000179,P-PRD-106,2,1200.0,0.0,2400.0,2026-07-22 13:16:38,Pending,Credit Card
ORD-0000364,CUST-000231,P-PRD-105,3,4500.0,0.0,13500.0,2026-06-14 17:06:50,Refunded,Wallet
ORD-0000365,CUST-000095,P-PRD-101,2,2499.0,0.0,4998.0,2026-07-27 01:46:54,Processing,Cash on Delivery
ORD-0000366,CUST-000498,P-PRD-109,3,550.0,0.0,1650.0,2026-08-12 11:12:10,Cancelled,Debit Card
ORD-0000367,CUST-000166,P-PRD-107,2,199.0,0.0,398.0,2026-07-02 17:04:38,Completed,Credit Card
ORD-0000368,CUST-000067,P-PRD-103,4,189.0,0.0,756.0,2026-06-23 00:03:51,Completed,Credit Card
ORD-0000369,CUST-000430,P-PRD-107,2,199.0,0.0,398.0,2026-08-17 14:34:47,Processing,Credit Card
ORD-0000370,CUST-000311,P-PRD-112,1,179.0,0.15,152.15,2026-04-13 16:57:46,Shipped,Credit Card
ORD-0000371,CUST-000328,P-PRD-101,1,2499.0,0.05,2374.05,2026-06-05 06:31:30,Refunded,Credit Card
ORD-0000372,CUST-000137,P-PRD-109,1,550.0,0.0,550.0,2026-05-06 19:55:31,Pending,Wallet
ORD-0000373,CUST-000373,P-PRD-104,2,299.0,0.0,598.0,2026-07-03 17:00:14,Pending,Wallet
ORD-0000374,CUST-000092,P-PRD-109,2,550.0,0.0,1100.0,2026-03-18 16:20:21,Cancelled,UPI
ORD-0000375,CUST-000360,P-PRD-111,1,249.0,0.0,249.0,2026-04-06 13:06:41,Shipped,Wallet
ORD-0000376,CUST-000081,P-PRD-109,10,550.0,0.0,5500.0,2026-05-20 04:33:43,Cancelled,UPI
ORD-0000377,CUST-000212,P-PRD-111,1,249.0,0.05,236.55,2026-07-24 01:51:07,Cancelled,Wallet
ORD-0000378,CUST-000394,P-PRD-109,4,550.0,0.0,2200.0,2026-06-14 09:22:50,Shipped,Credit Card
ORD-0000379,CUST-000146,P-PRD-110,1,3500.0,0.0,3500.0,2026-05-06 17:19:36,Processing,Debit Card
ORD-0000380,CUST-000162,P-PRD-101,3,2499.0,0.15,6372.45,2026-04-30 13:14:45,Cancelled,Wallet
ORD-0000381,CUST-000293,P-PRD-103,1,189.0,0.0,189.0,2026-03-29 22:07:37,Processing,UPI
ORD-0000382,CUST-000128,P-PRD-104,1,299.0,0.0,299.0,2026-07-15 07:38:38,Cancelled,Debit Card
ORD-0000383,CUST-000372,P-PRD-106,3,1200.0,0.0,3600.0,2026-08-14 14:04:03,Completed,Wallet
ORD-0000384,CUST-000020,P-PRD-112,3,179.0,0.0,537.0,2026-03-05 05:15:45,Processing,Net Banking
ORD-0000385,CUST-000446,P-PRD-102,3,899.0,0.0,2697.0,2026-08-05 15:01:00,Completed,Cash on Delivery
ORD-0000386,CUST-000196,P-PRD-101,1,2499.0,0.0,2499.0,2026-07-07 13:39:20,Pending,UPI
ORD-0000387,CUST-000114,P-PRD-103,1,189.0,0.05,179.55,2026-05-30 09:18:43,Cancelled,Wallet
ORD-0000388,CUST-000114,P-PRD-107,1,199.0,0.0,199.0,2026-03-24 05:19:38,Completed,Net Banking
ORD-0000389,CUST-000026,P-PRD-109,1,550.0,0.0,550.0,2026-06-27 08:54:25,Refunded,Debit Card
ORD-0000390,CUST-000247,P-PRD-109,1,550.0,0.0,550.0,2026-07-15 00:13:39,Cancelled,Wallet
ORD-0000391,CUST-000269,P-PRD-104,1,299.0,0.0,299.0,2026-06-09 04:51:46,Refunded,Wallet
ORD-0000392,CUST-000344,P-PRD-107,1,199.0,0.0,199.0,2026-99-99 25:99:99,Cancelled,Cash on Delivery
ORD-0000103,CUST-000087,P-PRD-106,2,1200.0,0.2,1920.0,2026-06-12 15:46:37,Pending,Net Banking
ORD-0000394,CUST-000351,P-PRD-106,1,1200.0,0.05,1140.0,2026-03-11 21:10:44,Refunded,Credit Card
ORD-0000395,CUST-000318,P-PRD-103,3,189.0,0.1,510.3,2026-02-22 05:35:09,Refunded,Credit Card
ORD-0000396,CUST-000242,P-PRD-101,1,2499.0,0.05,2374.05,2026-04-14 00:30:28,Cancelled,Wallet
ORD-0000397,CUST-000281,P-PRD-108,2,750.0,0.2,1200.0,2026-08-14 17:45:26,Shipped,Wallet
ORD-0000398,CUST-000270,P-PRD-101,1,2499.0,0.0,2499.0,2026-04-11 15:35:13,Processing,Credit Card
ORD-0000399,CUST-000485,P-PRD-101,1,2499.0,0.05,2374.05,2026-08-07 06:12:10,Completed,Credit Card
ORD-0000400,CUST-000454,P-PRD-111,1,249.0,0.2,199.2,2026-06-28 20:42:51,Processing,Net Banking
ORD-0000401,CUST-000273,P-PRD-102,1,899.0,0.0,899.0,2026-99-99 25:99:99,Refunded,Credit Card
ORD-0000402,CUST-000171,P-PRD-108,1,750.0,0.0,750.0,2026-05-18 05:54:01,Processing,Cash on Delivery
ORD-0000403,CUST-000257,P-PRD-105,3,4500.0,0.05,12825.0,2026-05-28 18:09:38,Cancelled,UPI
ORD-0000404,CUST-000175,P-PRD-107,2,199.0,0.0,398.0,2026-05-27 12:02:47,Refunded,Wallet
ORD-0000405,CUST-000352,P-PRD-104,1,299.0,0.0,299.0,2026-06-08 04:27:40,Cancelled,UPI
ORD-0000406,CUST-000068,P-PRD-104,2,299.0,0.0,598.0,2026-08-13 00:27:13,Pending,UPI
ORD-0000407,CUST-000462,P-PRD-109,4,550.0,0.0,2200.0,2026-03-28 16:58:49,Cancelled,Debit Card
ORD-0000408,CUST-000286,P-PRD-109,4,550.0,0.0,2200.0,2026-05-10 22:23:09,Refunded,Credit Card
ORD-0000409,CUST-000452,P-PRD-107,5,199.0,0.0,995.0,2026-08-01 03:03:23,Pending,Debit Card
ORD-0000410,CUST-000095,P-PRD-101,3,2499.0,0.05,7122.15,2026-04-28 15:08:13,Cancelled,Wallet
ORD-0000411,CUST-000119,P-PRD-104,2,299.0,0.0,598.0,2026-08-14 10:26:25,Pending,Wallet
ORD-0000412,CUST-000241,P-PRD-112,2,179.0,0.0,358.0,2026-05-29 10:58:50,Shipped,Debit Card
ORD-0000413,CUST-000116,P-PRD-101,1,2499.0,0.2,1999.2,2026-04-29 08:07:34,Pending,Cash on Delivery
ORD-0000414,CUST-000104,P-PRD-104,1,299.0,0.15,254.15,2026-06-11 15:33:15,Shipped,Cash on Delivery
ORD-0000415,CUST-000235,P-PRD-104,1,299.0,0.1,269.1,2026-07-24 06:56:12,Refunded,UPI
ORD-0000416,CUST-000482,P-PRD-112,2,179.0,0.0,358.0,2026-08-01 18:29:23,Cancelled,Credit Card
ORD-0000417,CUST-000425,P-PRD-101,4,2499.0,0.0,9996.0,2026-07-06 07:29:29,Refunded,Credit Card
ORD-0000418,CUST-000265,P-PRD-111,5,249.0,0.0,1245.0,2026-06-11 07:34:47,Processing,UPI
ORD-0000419,CUST-000217,P-PRD-105,2,4500.0,0.0,9000.0,2026-06-30 22:15:59,Shipped,Cash on Delivery
ORD-0000420,CUST-000371,P-PRD-109,1,550.0,0.1,495.0,2026-08-16 12:58:54,Pending,Net Banking
ORD-0000421,CUST-000231,P-PRD-101,1,2499.0,0.0,2499.0,2026-04-11 09:38:32,Completed,UPI
ORD-0000422,CUST-000333,P-PRD-112,3,179.0,0.05,510.15,2026-03-21 20:24:28,Completed,Cash on Delivery
ORD-0000423,CUST-000186,P-PRD-102,2,899.0,0.0,1798.0,2026-06-29 15:22:21,Pending,Net Banking
ORD-0000424,CUST-000023,P-PRD-103,4,189.0,0.0,756.0,2026-08-05 22:33:08,Pending,Debit Card
ORD-0000425,CUST-000365,P-PRD-101,1,2499.0,0.0,2499.0,2026-06-13 03:36:07,Refunded,Debit Card
ORD-0000426,CUST-000068,P-PRD-104,1,299.0,0.1,269.1,2026-02-22 09:47:11,Shipped,Net Banking
ORD-0000427,CUST-000003,P-PRD-110,4,3500.0,0.0,14000.0,2026-07-19 10:24:28,Shipped,Net Banking
ORD-0000428,CUST-000308,P-PRD-110,1,3500.0,0.15,2975.0,2026-05-01 15:39:09,Refunded,Wallet
ORD-0000429,CUST-000107,P-PRD-101,1,2499.0,0.0,2499.0,2026-05-18 18:25:29,Pending,Credit Card
ORD-0000430,CUST-000431,P-PRD-110,1,3500.0,0.15,2975.0,2026-03-02 21:03:08,Shipped,Debit Card
ORD-0000431,CUST-000146,P-PRD-110,2,3500.0,0.05,6650.0,2026-07-15 13:33:21,Pending,Net Banking
ORD-0000432,CUST-000185,P-PRD-101,1,2499.0,0.0,2499.0,2026-05-24 06:53:04,Completed,Net Banking
ORD-0000433,CUST-000034,P-PRD-105,1,4500.0,0.0,4500.0,2026-04-30 05:04:26,Cancelled,Net Banking
ORD-0000434,CUST-000357,P-PRD-104,2,299.0,0.0,598.0,2026-07-30 12:20:46,Completed,Net Banking
ORD-0000435,CUST-000310,P-PRD-112,1,179.0,0.05,170.05,2026-05-11 02:32:30,Cancelled,Wallet
ORD-0000436,CUST-000182,P-PRD-103,2,189.0,0.0,378.0,2026-07-30 11:12:35,Shipped,Debit Card
ORD-0000437,CUST-000120,P-PRD-112,1,179.0,0.0,179.0,2026-03-20 17:57:39,Shipped,Cash on Delivery
ORD-0000438,CUST-000379,P-PRD-104,3,299.0,0.2,717.6,2026-06-03 18:44:38,Processing,UPI
ORD-0000439,CUST-000327,P-PRD-104,1,299.0,0.0,299.0,2026-05-02 02:21:03,Completed,UPI
ORD-0000440,CUST-000282,P-PRD-106,3,1200.0,0.0,3600.0,2026-05-15 05:30:58,Shipped,Cash on Delivery
ORD-0000441,CUST-000493,P-PRD-101,3,2499.0,0.0,7497.0,2026-05-16 10:31:53,Shipped,Credit Card
ORD-0000442,CUST-000247,P-PRD-103,2,189.0,0.15,321.3,2026-07-06 05:17:19,Shipped,Net Banking
ORD-0000443,CUST-000029,P-PRD-109,1,550.0,0.05,522.5,2026-05-10 13:18:04,Cancelled,Credit Card
ORD-0000444,CUST-000351,P-PRD-106,3,1200.0,0.15,3060.0,2026-05-19 19:29:54,Pending,UPI
ORD-0000445,CUST-000174,P-PRD-107,2,199.0,0.1,358.2,2026-07-15 15:08:24,Shipped,Debit Card
ORD-0000446,CUST-000444,P-PRD-105,2,4500.0,0.0,9000.0,2026-02-27 02:58:21,Shipped,Credit Card
ORD-0000447,CUST-000122,P-PRD-106,1,1200.0,0.2,960.0,2026-04-15 12:12:21,Processing,Debit Card
ORD-0000448,CUST-000403,P-PRD-101,3,2499.0,0.15,6372.45,2026-06-12 11:30:37,Completed,Net Banking
ORD-0000449,CUST-000079,P-PRD-104,1,299.0,0.0,299.0,2026-07-03 04:23:15,Processing,Debit Card
ORD-0000450,CUST-000051,P-PRD-109,2,550.0,0.0,1100.0,2026-02-28 09:48:46,Shipped,Cash on Delivery
ORD-0000451,CUST-000060,P-PRD-101,1,2499.0,0.0,2499.0,2026-07-20 20:15:29,Processing,Net Banking
ORD-0000452,CUST-000053,P-PRD-109,3,550.0,0.05,1567.5,2026-02-24 14:06:57,Processing,Cash on Delivery
ORD-0000453,CUST-000165,P-PRD-104,1,299.0,0.0,299.0,2026-05-11 09:08:53,Refunded,Credit Card
ORD-0000454,CUST-000081,P-PRD-105,1,4500.0,0.2,3600.0,2026-07-12 11:48:14,Completed,Debit Card
ORD-0000455,CUST-000282,P-PRD-106,1,1200.0,0.15,1020.0,2026-05-02 13:59:22,Pending,Debit Card
ORD-0000456,CUST-000314,P-PRD-106,2,1200.0,0.0,2400.0,2026-02-26 10:13:36,Refunded,Credit Card
ORD-0000457,CUST-000028,P-PRD-102,1,899.0,0.0,899.0,2026-07-21 14:40:09,Refunded,Cash on Delivery
ORD-0000458,CUST-000316,P-PRD-106,1,1200.0,0.1,1080.0,2026-08-09 12:30:40,Completed,Net Banking
ORD-0000459,CUST-000048,P-PRD-112,1,179.0,0.0,179.0,2026-08-13 16:33:01,Refunded,Net Banking
ORD-0000460,CUST-000487,P-PRD-104,1,299.0,0.15,254.15,2026-04-26 06:19:14,Shipped,Debit Card
ORD-0000461,CUST-000341,P-PRD-106,3,1200.0,0.15,3060.0,2026-06-15 10:50:14,Completed,Credit Card
ORD-0000462,CUST-000180,P-PRD-108,1,750.0,0.0,750.0,2026-05-19 15:05:41,Cancelled,Debit Card
ORD-0000463,CUST-000208,P-PRD-112,3,179.0,0.0,537.0,2026-08-03 19:40:12,Processing,Wallet
ORD-0000464,CUST-000303,P-PRD-107,1,199.0,0.0,199.0,2026-03-31 10:39:01,Shipped,Credit Card
ORD-0000465,CUST-000418,P-PRD-112,2,179.0,0.1,322.2,2026-06-10 13:44:21,Processing,Wallet
ORD-0000466,CUST-000089,P-PRD-111,2,249.0,0.05,473.1,2026-07-15 10:48:19,Completed,Wallet
ORD-0000467,CUST-000167,P-PRD-109,1,550.0,0.0,550.0,2026-05-08 07:51:44,Completed,Wallet
ORD-0000468,CUST-000418,P-PRD-110,3,3500.0,0.0,10500.0,2026-06-25 16:34:16,Refunded,Credit Card
ORD-0000469,CUST-000420,P-PRD-103,4,189.0,0.15,642.6,2026-07-30 17:05:40,Pending,Cash on Delivery
ORD-0000470,CUST-000273,P-PRD-105,1,4500.0,0.0,4500.0,2026-04-10 00:34:32,Refunded,UPI
ORD-0000471,CUST-000408,P-PRD-111,1,249.0,0.15,211.65,2026-06-10 05:37:19,UNKNOWN_ERROR_STATUS,Wallet
ORD-0000472,CUST-000435,P-PRD-103,3,189.0,0.0,567.0,2026-07-08 19:01:19,Completed,Cash on Delivery
ORD-0000473,CUST-000184,P-PRD-102,3,899.0,0.1,2427.3,2026-04-20 08:48:21,Refunded,Wallet
ORD-0000474,CUST-000163,P-PRD-112,1,179.0,0.0,179.0,2026-07-08 00:46:40,Refunded,Debit Card
ORD-0000475,CUST-000097,P-PRD-109,1,550.0,0.15,467.5,2026-06-04 22:42:16,Processing,Cash on Delivery
ORD-0000476,CUST-000006,P-PRD-102,2,899.0,0.0,1798.0,2026-06-23 17:02:31,Shipped,Debit Card
ORD-0000477,CUST-000329,P-PRD-107,3,199.0,0.15,507.45,2026-08-16 15:05:39,Shipped,Wallet
ORD-0000478,CUST-000261,P-PRD-107,2,199.0,0.0,398.0,2026-05-20 01:18:24,Pending,Net Banking
ORD-0000479,CUST-000296,P-PRD-108,3,750.0,0.0,2250.0,2026-06-27 02:53:27,Shipped,Wallet
ORD-0000480,CUST-000018,P-PRD-101,2,2499.0,0.05,4748.1,2026-03-19 14:12:52,Shipped,Cash on Delivery
ORD-0000481,CUST-000375,P-PRD-112,2,179.0,0.1,322.2,2026-05-01 10:00:56,Cancelled,Credit Card
ORD-0000482,CUST-000313,P-PRD-102,1,899.0,0.05,854.05,2026-08-06 19:55:50,Refunded,Cash on Delivery
ORD-0000483,CUST-000297,P-PRD-105,2,4500.0,0.15,7650.0,2026-07-04 17:28:49,Shipped,Net Banking
ORD-0000484,CUST-000241,P-PRD-110,2,3500.0,0.0,7000.0,2026-05-05 03:37:03,Pending,Credit Card
ORD-0000485,CUST-000306,P-PRD-112,1,179.0,0.1,161.1,2026-04-25 19:19:26,Refunded,Net Banking
ORD-0000486,CUST-000294,P-PRD-101,2,2499.0,0.0,4998.0,2026-07-27 18:04:54,Processing,Net Banking
ORD-0000487,CUST-000259,P-PRD-102,3,899.0,0.0,2697.0,2026-03-24 15:30:29,Processing,UPI
ORD-0000488,CUST-000008,P-PRD-112,1,179.0,0.0,179.0,2026-07-19 22:35:25,Refunded,Net Banking
ORD-0000489,CUST-000090,P-PRD-105,3,4500.0,0.0,13500.0,2026-04-06 12:17:21,Completed,UPI
ORD-0000490,CUST-000498,P-PRD-103,2,189.0,0.1,340.2,2026-06-25 08:07:21,Shipped,Debit Card
ORD-0000491,CUST-000373,P-PRD-111,1,249.0,0.0,249.0,2026-05-17 19:03:56,Refunded,UPI
ORD-0000492,CUST-000060,P-PRD-101,1,2499.0,0.0,2499.0,2026-05-07 10:25:41,Refunded,Wallet
ORD-0000493,CUST-000350,P-PRD-112,1,179.0,0.0,179.0,2026-07-04 08:54:57,Completed,UPI
ORD-0000494,CUST-000230,P-PRD-107,2,199.0,0.2,318.4,2026-08-11 18:34:52,Completed,Wallet
ORD-0000495,CUST-000491,P-PRD-107,2,199.0,0.05,378.1,2026-04-29 05:17:00,Processing,UPI
ORD-0000496,CUST-000131,P-PRD-111,2,249.0,0.0,498.0,2026-08-10 01:53:28,Refunded,Cash on Delivery
ORD-0000497,CUST-000100,P-PRD-109,1,550.0,0.05,522.5,2026-04-06 04:29:36,Cancelled,Credit Card
ORD-0000498,CUST-000427,P-PRD-102,1,899.0,0.0,899.0,2026-03-17 09:19:26,Processing,Debit Card
ORD-0000499,CUST-000129,P-PRD-104,1,299.0,0.05,284.05,2026-03-05 14:43:10,Refunded,Debit Card
ORD-0000500,CUST-000327,P-PRD-102,2,899.0,0.0,1798.0,2026-07-22 21:49:03,Shipped,Cash on Delivery
ORD-0000501,CUST-000332,P-PRD-110,3,3500.0,0.0,10500.0,2026-03-18 23:47:47,Processing,UPI
ORD-0000502,CUST-000481,P-PRD-102,2,899.0,0.15,1528.3,2026-04-30 08:38:01,Refunded,Cash on Delivery
ORD-0000503,CUST-000166,P-PRD-105,1,4500.0,0.0,4500.0,2026-03-06 07:01:30,Shipped,UPI
ORD-0000504,CUST-000133,P-PRD-105,1,4500.0,0.0,4500.0,2026-04-11 15:18:29,Shipped,Debit Card
ORD-0000505,CUST-000056,P-PRD-103,2,189.0,0.0,378.0,2026-07-26 16:30:39,Completed,Net Banking
ORD-0000506,CUST-000053,P-PRD-101,1,2499.0,0.0,2499.0,2026-04-24 09:19:18,Completed,Net Banking
ORD-0000507,CUST-000328,P-PRD-101,4,2499.0,0.05,9496.2,2026-04-27 22:36:27,Refunded,UPI
ORD-0000508,CUST-000295,P-PRD-101,2,2499.0,0.15,4248.3,2026-06-24 10:29:46,Shipped,Net Banking
ORD-0000509,CUST-000401,P-PRD-102,2,899.0,0.0,1798.0,2026-08-14 10:38:21,Completed,Wallet
ORD-0000510,CUST-000184,P-PRD-106,2,1200.0,0.0,2400.0,2026-07-30 16:38:49,Completed,UPI
ORD-0000511,CUST-000493,P-PRD-106,1,1200.0,0.0,1200.0,2026-05-04 16:40:23,Pending,Debit Card
ORD-0000512,CUST-000498,P-PRD-107,2,199.0,0.0,398.0,2026-05-28 20:58:30,Refunded,Cash on Delivery
ORD-0000513,CUST-000044,P-PRD-111,1,249.0,0.0,249.0,2026-02-28 00:07:05,Completed,Cash on Delivery
ORD-0000514,CUST-000123,P-PRD-108,1,750.0,0.1,675.0,2026-08-02 04:17:30,Shipped,Wallet
ORD-0000515,CUST-000417,P-PRD-108,5,-750.0,0.0,-3750.0,2026-05-15 19:07:43,Processing,Cash on Delivery
ORD-0000516,CUST-000109,P-PRD-111,2,249.0,0.0,498.0,2026-08-11 12:37:24,Pending,Cash on Delivery
ORD-0000517,,P-PRD-102,1,899.0,0.0,899.0,2026-08-04 17:46:54,Shipped,Wallet
ORD-0000518,CUST-000008,P-PRD-103,2,189.0,0.15,321.3,2026-03-15 09:41:49,Cancelled,Debit Card
ORD-0000519,CUST-000033,P-PRD-102,1,899.0,0.0,899.0,2026-07-26 01:07:06,Completed,Debit Card
ORD-0000520,CUST-000417,P-PRD-112,2,179.0,0.0,358.0,2026-08-13 14:03:29,Cancelled,Debit Card
ORD-0000521,CUST-000495,P-PRD-104,3,299.0,0.0,897.0,2026-05-14 19:23:22,Completed,UPI
ORD-0000522,CUST-000213,P-PRD-103,2,189.0,0.0,378.0,2026-06-11 01:57:30,Cancelled,Credit Card
ORD-0000523,CUST-000407,P-PRD-111,2,-249.0,0.1,-498.0,2026-02-23 10:49:03,Completed,Credit Card
ORD-0000524,CUST-000362,P-PRD-111,2,249.0,0.0,498.0,2026-08-15 10:25:07,Refunded,Debit Card
ORD-0000525,CUST-000328,P-PRD-105,2,4500.0,0.0,9000.0,2026-04-04 15:19:00,Refunded,Credit Card
ORD-0000526,CUST-000369,P-PRD-108,2,750.0,0.0,1500.0,2026-05-07 05:45:09,Shipped,Credit Card
ORD-0000527,CUST-000099,P-PRD-102,5,899.0,0.2,3596.0,2026-07-27 06:15:51,Cancelled,Wallet
ORD-0000528,CUST-000396,P-PRD-111,2,249.0,0.0,498.0,2026-04-08 21:11:25,Pending,Cash on Delivery
ORD-0000529,CUST-000468,P-PRD-108,1,750.0,0.0,750.0,2026-03-01 19:03:17,Refunded,UPI
ORD-0000530,CUST-000223,P-PRD-105,1,4500.0,0.1,4050.0,2026-06-14 18:39:53,Completed,Cash on Delivery
ORD-0000531,CUST-000276,P-PRD-103,1,189.0,0.0,189.0,2026-06-29 21:18:48,Completed,Debit Card
ORD-0000532,CUST-000304,P-PRD-110,1,3500.0,0.0,3500.0,2026-08-11 04:56:44,Pending,Credit Card
ORD-0000533,CUST-000051,P-PRD-104,2,299.0,0.1,538.2,2026-05-26 01:07:18,Completed,Net Banking
ORD-0000534,CUST-000028,P-PRD-107,1,199.0,0.15,169.15,2026-06-14 23:34:14,Shipped,UPI
ORD-0000535,CUST-000370,P-PRD-104,2,299.0,0.2,478.4,2026-04-11 05:19:01,Pending,Credit Card
ORD-0000536,CUST-000031,P-PRD-105,1,4500.0,0.1,4050.0,2026-06-16 08:18:53,Pending,UPI
ORD-0000537,CUST-000152,P-PRD-110,1,3500.0,0.1,3150.0,2026-07-24 23:16:29,Cancelled,Wallet
ORD-0000538,CUST-000045,P-PRD-107,3,199.0,0.0,597.0,2026-04-15 14:37:35,Shipped,Net Banking
ORD-0000539,CUST-000375,P-PRD-107,2,199.0,0.0,398.0,2026-05-13 08:53:53,Cancelled,Debit Card
ORD-0000540,CUST-000303,P-PRD-103,4,189.0,0.15,642.6,2026-06-04 18:41:52,Completed,Net Banking
ORD-0000541,CUST-000259,P-PRD-101,1,2499.0,0.0,2499.0,2026-08-15 20:39:20,Shipped,Net Banking
ORD-0000542,CUST-000286,P-PRD-101,2,2499.0,0.0,4998.0,2026-04-14 21:55:10,Processing,UPI
ORD-0000543,CUST-000047,P-PRD-101,1,2499.0,0.0,2499.0,2026-08-18 09:48:35,Cancelled,Cash on Delivery
ORD-0000544,CUST-000233,P-PRD-108,3,750.0,0.15,1912.5,2026-06-01 23:49:17,Processing,Cash on Delivery
ORD-0000545,CUST-000325,P-PRD-101,3,2499.0,0.0,7497.0,2026-08-14 05:12:30,Cancelled,Credit Card
ORD-0000546,CUST-000387,P-PRD-105,2,4500.0,0.05,8550.0,2026-07-16 00:37:47,Refunded,Credit Card
ORD-0000547,CUST-000172,P-PRD-112,4,179.0,0.0,716.0,2026-08-10 06:20:24,Completed,Credit Card
ORD-0000548,CUST-000239,P-PRD-110,1,3500.0,0.0,3500.0,2026-08-03 13:25:57,Refunded,Credit Card
ORD-0000549,CUST-000398,P-PRD-104,1,299.0,0.0,299.0,2026-07-06 21:13:20,Refunded,Net Banking
ORD-0000550,CUST-000387,P-PRD-110,4,3500.0,0.05,13300.0,2026-04-17 04:45:19,Processing,UPI
ORD-0000551,CUST-000217,P-PRD-105,1,4500.0,0.0,4500.0,2026-06-14 10:47:26,Cancelled,Wallet
ORD-0000552,CUST-000241,P-PRD-112,2,179.0,0.1,322.2,2026-05-04 09:32:37,Cancelled,UPI
ORD-0000553,CUST-000486,P-PRD-112,3,179.0,0.15,456.45,2026-03-06 23:56:43,Shipped,Credit Card
ORD-0000554,CUST-000461,P-PRD-103,1,189.0,0.2,151.2,2026-03-17 23:05:12,Processing,Credit Card
ORD-0000555,CUST-000255,P-PRD-103,4,189.0,0.0,756.0,2026-07-28 17:54:50,Processing,Net Banking
ORD-0000556,CUST-000278,P-PRD-103,1,189.0,0.0,189.0,2026-08-02 17:52:11,Processing,Debit Card
ORD-0000557,CUST-000448,P-PRD-104,3,299.0,0.0,897.0,2026-05-15 08:04:37,Cancelled,UPI
ORD-0000558,CUST-000404,P-PRD-106,1,1200.0,0.05,1140.0,2026-07-04 13:03:24,Shipped,Net Banking
ORD-0000559,CUST-000068,P-PRD-105,1,4500.0,0.0,4500.0,2026-06-22 06:37:41,Processing,Credit Card
ORD-0000560,CUST-000146,P-PRD-108,5,750.0,0.05,3562.5,2026-04-01 12:34:41,Processing,Debit Card
ORD-0000561,CUST-ORPHAN-975304,P-PRD-112,2,179.0,0.05,340.1,2026-03-29 22:57:31,Pending,Credit Card
ORD-0000562,CUST-000065,P-PRD-108,1,750.0,0.0,750.0,2026-07-11 18:21:02,Refunded,UPI
ORD-0000563,CUST-000076,P-PRD-106,1,1200.0,0.2,960.0,2026-07-05 04:04:02,Completed,Credit Card
ORD-0000564,CUST-000256,P-PRD-103,4,189.0,0.15,642.6,2026-03-29 17:14:38,Refunded,Wallet
ORD-0000565,CUST-000170,P-PRD-111,2,249.0,0.0,498.0,2026-05-04 13:58:35,Refunded,Debit Card
ORD-0000566,CUST-000375,P-PRD-108,1,750.0,0.0,750.0,2026-06-20 18:32:49,Pending,Cash on Delivery
ORD-0000567,CUST-000158,P-PRD-101,1,2499.0,0.1,2249.1,2026-06-13 06:06:00,Completed,UPI
ORD-0000568,CUST-000329,P-PRD-104,2,299.0,0.0,598.0,2026-05-01 00:12:48,Completed,Credit Card
ORD-0000569,CUST-000229,P-PRD-111,2,249.0,0.0,498.0,2026-06-30 07:26:53,Pending,Net Banking
ORD-0000570,CUST-000310,P-PRD-109,4,550.0,0.15,1870.0,2026-05-22 07:33:44,Pending,Cash on Delivery
ORD-0000571,CUST-000190,P-PRD-107,1,199.0,0.0,199.0,2026-05-19 04:18:17,Shipped,Wallet
ORD-0000572,CUST-000374,P-PRD-108,2,750.0,0.0,1500.0,2026-06-12 03:35:47,Pending,Cash on Delivery
ORD-0000573,CUST-000218,P-PRD-112,4,179.0,0.0,716.0,2026-07-19 14:51:28,Completed,Debit Card
ORD-0000574,CUST-000244,P-PRD-109,5,550.0,0.0,2750.0,2026-07-20 06:46:09,Completed,Credit Card
ORD-0000575,CUST-000470,P-PRD-105,1,4500.0,0.0,4500.0,2026-07-13 22:04:23,Pending,Debit Card
ORD-0000576,CUST-000149,P-PRD-109,1,550.0,0.1,495.0,2026-05-07 14:23:40,Processing,Net Banking
ORD-0000577,CUST-000238,P-PRD-104,1,299.0,0.0,299.0,2026-04-27 04:00:59,Refunded,Cash on Delivery
ORD-0000578,CUST-000335,P-PRD-111,4,249.0,0.0,996.0,2026-06-24 16:33:49,Pending,Credit Card
ORD-0000579,CUST-000142,P-PRD-108,10,750.0,0.0,7500.0,2026-05-22 14:14:37,Shipped,Wallet
ORD-0000580,CUST-000133,P-PRD-111,2,249.0,0.2,398.4,2026-03-21 06:40:32,Cancelled,Cash on Delivery
ORD-0000581,CUST-000434,P-PRD-105,1,4500.0,0.0,4500.0,2026-05-11 09:52:25,Refunded,Debit Card
ORD-0000582,CUST-000028,P-PRD-105,1,4500.0,0.05,4275.0,2026-05-20 18:51:41,Processing,UPI
ORD-0000583,CUST-000481,P-PRD-102,2,899.0,0.1,1618.2,2026-04-05 20:31:43,Cancelled,Debit Card
ORD-0000584,CUST-000448,P-PRD-106,3,1200.0,0.05,3420.0,2026-05-07 02:58:16,Refunded,Cash on Delivery
ORD-0000585,CUST-000050,P-PRD-109,2,550.0,0.1,990.0,2026-02-21 22:04:26,Cancelled,UPI
ORD-0000586,CUST-000249,P-PRD-107,1,199.0,0.15,169.15,2026-03-17 01:01:13,Pending,Wallet
ORD-0000587,CUST-000097,P-PRD-109,2,550.0,0.1,990.0,2026-07-03 12:27:38,Refunded,Wallet
ORD-0000588,CUST-000412,P-PRD-102,1,899.0,0.15,764.15,2026-03-19 21:51:56,Completed,Net Banking
ORD-0000589,CUST-000354,P-PRD-106,1,1200.0,0.0,1200.0,2026-07-21 12:08:02,Processing,Debit Card
ORD-0000590,CUST-000015,P-PRD-112,3,179.0,0.0,537.0,2026-08-14 22:16:15,Refunded,Debit Card
ORD-0000591,CUST-000108,P-PRD-103,5,189.0,0.0,945.0,2026-03-18 19:55:04,Completed,Net Banking
ORD-0000592,CUST-000022,P-PRD-104,1,299.0,0.1,269.1,2026-06-30 14:41:04,Completed,Net Banking
ORD-0000593,CUST-000130,P-PRD-101,1,2499.0,0.05,2374.05,2026-03-14 21:35:41,Cancelled,Debit Card
ORD-0000594,CUST-000103,P-PRD-103,2,189.0,0.0,378.0,2026-03-28 03:11:12,Cancelled,UPI
ORD-0000595,CUST-000439,P-PRD-109,3,550.0,0.05,1567.5,2026-06-28 13:50:57,Completed,Credit Card
ORD-0000596,CUST-000392,P-PRD-101,2,2499.0,0.05,4748.1,2026-05-01 23:20:30,Cancelled,Credit Card
ORD-0000597,CUST-000051,P-PRD-104,4,299.0,0.1,1076.4,2026-06-20 06:25:49,Refunded,Wallet
ORD-0000598,CUST-000345,P-PRD-102,1,899.0,0.0,899.0,2026-05-27 08:31:42,Pending,Wallet
ORD-0000599,CUST-000058,P-PRD-106,1,1200.0,0.0,1200.0,2026-03-25 11:08:23,Processing,Cash on Delivery
ORD-0000600,CUST-000371,P-PRD-101,1,2499.0,0.0,2499.0,2026-05-28 03:24:49,Shipped,Wallet
ORD-0000601,CUST-000352,P-PRD-108,1,750.0,0.0,750.0,2026-06-07 23:57:40,Completed,Net Banking
ORD-0000602,CUST-000189,P-PRD-103,1,189.0,0.05,179.55,2026-08-09 20:55:01,Shipped,Net Banking
ORD-0000603,CUST-000347,P-PRD-102,1,899.0,0.0,899.0,2026-08-15 14:35:21,Completed,Cash on Delivery
ORD-0000604,CUST-000087,P-PRD-102,1,899.0,0.0,899.0,2026-04-11 14:44:58,Shipped,Credit Card
ORD-0000605,CUST-000218,P-PRD-112,1,179.0,0.1,161.1,2026-07-17 14:42:06,Processing,Cash on Delivery
ORD-0000606,CUST-000183,P-PRD-108,2,750.0,0.2,1200.0,2026-06-23 11:42:28,Processing,Debit Card
ORD-0000607,CUST-000056,P-PRD-102,1,899.0,0.0,899.0,2026-07-28 21:59:19,Completed,Credit Card
ORD-0000608,CUST-000427,P-PRD-102,1,899.0,0.0,899.0,2026-04-05 07:01:08,Cancelled,Cash on Delivery
ORD-0000609,CUST-000156,P-PRD-110,2,3500.0,0.1,6300.0,2026-08-07 12:01:06,Shipped,Net Banking
ORD-0000610,CUST-000339,P-PRD-108,1,750.0,0.0,750.0,2026-05-17 12:46:04,Cancelled,Credit Card
ORD-0000611,CUST-000017,P-PRD-107,4,199.0,0.0,796.0,2026-06-14 04:32:25,Shipped,Net Banking
ORD-0000612,CUST-000017,P-PRD-103,2,189.0,0.1,340.2,2026-05-06 23:03:50,Shipped,Net Banking
ORD-0000613,CUST-000368,P-PRD-107,1,199.0,0.0,199.0,2026-08-10 10:56:53,Refunded,Wallet
ORD-0000614,CUST-000293,P-PRD-108,1,750.0,0.1,675.0,2026-06-27 19:07:01,Shipped,UPI
ORD-0000615,CUST-000500,P-PRD-107,2,199.0,0.0,398.0,2026-05-02 04:45:22,Completed,Credit Card
ORD-0000616,CUST-000066,P-PRD-106,1,1200.0,0.05,1140.0,2026-02-25 15:50:56,Processing,Net Banking
ORD-0000617,CUST-000177,P-PRD-106,1,1200.0,0.0,1200.0,2026-04-22 02:06:11,Pending,Cash on Delivery
ORD-0000618,CUST-000044,P-PRD-112,1,179.0,0.0,179.0,2026-05-15 23:16:09,Completed,Wallet
ORD-0000619,CUST-000236,P-PRD-111,3,249.0,0.0,747.0,2026-06-06 02:47:42,Completed,Cash on Delivery
ORD-0000620,CUST-000012,P-PRD-106,1,1200.0,0.0,1200.0,2026-07-14 20:38:45,Shipped,Credit Card
ORD-0000621,CUST-000106,P-PRD-106,1,1200.0,0.1,1080.0,2026-08-08 05:27:00,Pending,Wallet
ORD-0000622,CUST-000499,P-PRD-107,1,199.0,0.05,189.05,2026-03-10 12:35:48,Pending,UPI
ORD-0000623,CUST-000153,P-PRD-110,1,3500.0,0.0,3500.0,2026-03-14 14:08:20,Completed,Wallet
ORD-0000624,CUST-000035,P-PRD-110,3,3500.0,0.0,10500.0,2026-04-13 05:43:59,Completed,Cash on Delivery
ORD-0000625,CUST-000259,P-PRD-105,1,4500.0,0.0,4500.0,2026-04-11 08:10:20,Shipped,UPI
ORD-0000626,CUST-000233,P-PRD-111,3,249.0,0.0,747.0,2026-02-23 15:56:48,Refunded,Wallet
ORD-0000627,CUST-000296,P-PRD-108,1,750.0,0.2,600.0,2026-06-18 02:50:34,Refunded,Wallet
ORD-0000628,CUST-000438,P-PRD-107,4,199.0,0.05,756.2,2026-03-06 12:06:10,Pending,UPI
ORD-0000629,CUST-000124,P-PRD-103,2,189.0,0.1,340.2,2026-06-10 08:01:29,Processing,Credit Card
ORD-0000630,CUST-000435,P-PRD-107,1,199.0,0.0,199.0,2026-04-01 02:25:28,Refunded,Wallet
ORD-0000631,CUST-000123,P-PRD-102,1,899.0,0.0,899.0,2026-05-09 09:59:14,Shipped,Wallet
ORD-0000632,CUST-000217,P-PRD-111,4,249.0,0.0,996.0,2026-04-28 22:03:18,Completed,UPI
ORD-0000633,CUST-000143,P-PRD-111,2,249.0,0.05,473.1,2026-03-01 10:46:36,Completed,Credit Card
ORD-0000634,CUST-000043,P-PRD-106,2,1200.0,0.1,2160.0,2026-06-03 06:19:12,Refunded,Cash on Delivery
ORD-0000635,CUST-000204,P-PRD-112,3,179.0,0.0,537.0,2026-07-15 11:18:04,Completed,Wallet
ORD-0000636,CUST-000298,P-PRD-109,1,550.0,0.15,467.5,2026-04-20 14:55:35,Completed,UPI
ORD-0000637,CUST-000300,P-PRD-112,1,179.0,0.05,170.05,2026-04-20 08:29:02,Pending,Debit Card
ORD-0000638,CUST-000110,P-PRD-105,1,4500.0,0.0,4500.0,2026-07-18 19:07:26,Shipped,Wallet
ORD-0000639,CUST-000487,P-PRD-102,1,899.0,0.0,899.0,2026-08-12 02:03:25,Processing,Debit Card
ORD-0000640,CUST-000368,P-PRD-106,3,1200.0,0.0,3600.0,2026-07-23 18:21:18,Refunded,Cash on Delivery
ORD-0000641,CUST-000028,P-PRD-112,4,179.0,0.05,680.2,2026-04-24 13:12:43,Shipped,UPI
ORD-0000642,CUST-000359,P-PRD-106,4,1200.0,0.05,4560.0,2026-07-05 01:41:39,UNKNOWN_ERROR_STATUS,Net Banking
ORD-0000643,CUST-000476,P-PRD-105,1,4500.0,0.15,3825.0,2026-04-20 03:54:59,Pending,Debit Card
ORD-0000644,CUST-000324,P-PRD-106,4,1200.0,0.1,4320.0,2026-06-02 18:19:16,Processing,Credit Card
ORD-0000645,CUST-000483,P-PRD-108,1,750.0,0.0,750.0,2026-05-15 08:27:56,Completed,Debit Card
ORD-0000646,CUST-000260,P-PRD-102,-2,899.0,0.05,-1798.0,2026-07-09 04:59:06,Shipped,Cash on Delivery
ORD-0000647,CUST-000323,P-PRD-108,3,750.0,0.0,2250.0,2026-06-01 00:22:20,Refunded,UPI
ORD-0000648,CUST-000043,P-PRD-102,1,899.0,0.0,899.0,2026-08-03 21:49:27,Cancelled,Cash on Delivery
ORD-0000649,CUST-000482,P-PRD-106,1,1200.0,0.15,1020.0,2026-03-25 02:34:43,Pending,Cash on Delivery
ORD-0000650,CUST-000168,P-PRD-105,1,4500.0,0.0,4500.0,2026-04-06 07:24:52,Shipped,Wallet
ORD-0000651,CUST-000487,P-PRD-101,4,2499.0,0.05,9496.2,2026-07-29 01:24:53,Completed,Net Banking
ORD-0000652,CUST-000360,P-PRD-103,1,189.0,0.05,179.55,2026-07-22 02:33:35,Pending,Credit Card
ORD-0000653,CUST-000088,P-PRD-110,1,3500.0,0.05,3325.0,2026-06-10 09:36:24,Refunded,Net Banking
ORD-0000654,CUST-000367,P-PRD-104,1,299.0,0.1,269.1,2026-04-28 03:34:19,Refunded,Net Banking
ORD-0000655,CUST-000221,P-PRD-104,2,299.0,0.2,478.4,2026-05-01 23:58:56,Shipped,Debit Card
ORD-0000656,CUST-000075,P-PRD-101,1,2499.0,0.0,2499.0,2026-07-27 09:30:26,Pending,UPI
ORD-0000657,CUST-000332,P-PRD-108,1,750.0,0.0,750.0,2026-05-12 07:33:44,Refunded,Debit Card
ORD-0000658,CUST-000363,P-PRD-107,2,199.0,0.0,398.0,2026-03-15 13:22:03,Completed,Credit Card
ORD-0000659,CUST-000121,P-PRD-108,4,750.0,0.2,2400.0,2026-08-09 14:52:07,Refunded,Cash on Delivery
ORD-0000660,,P-PRD-105,2,4500.0,0.0,9000.0,2026-05-31 06:35:30,Pending,Wallet
ORD-0000661,CUST-000134,P-PRD-103,2,189.0,0.15,321.3,2026-06-17 21:53:26,Completed,UPI
ORD-0000662,CUST-000222,P-PRD-103,1,189.0,0.0,189.0,2026-03-23 11:15:48,Processing,Cash on Delivery
ORD-0000663,CUST-000221,P-PRD-105,4,4500.0,0.0,18000.0,2026-04-27 11:54:36,Processing,Net Banking
ORD-0000664,CUST-000162,P-PRD-112,10,179.0,0.1,1611.0,2026-03-29 13:19:09,Refunded,Cash on Delivery
ORD-0000665,CUST-000028,P-PRD-104,1,299.0,0.0,299.0,2026-02-28 10:12:32,Processing,Debit Card
ORD-0000666,CUST-000224,P-PRD-102,10,899.0,0.15,7641.5,2026-03-01 09:09:46,Processing,Cash on Delivery
ORD-0000667,CUST-000235,P-PRD-108,1,750.0,0.05,712.5,2026-03-27 21:35:23,Processing,Credit Card
ORD-0000668,CUST-000146,P-PRD-103,3,189.0,0.05,538.65,2026-04-29 13:35:41,Refunded,Wallet
ORD-0000669,CUST-000500,P-PRD-101,2,2499.0,0.0,4998.0,2026-06-04 19:53:06,Pending,Net Banking
ORD-0000670,CUST-000456,P-PRD-106,1,1200.0,0.05,1140.0,2026-08-11 21:31:45,Shipped,UPI
ORD-0000671,CUST-000489,P-PRD-102,3,899.0,0.0,2697.0,2026-03-11 09:50:39,Refunded,Cash on Delivery
ORD-0000672,CUST-000322,P-PRD-105,2,4500.0,0.0,9000.0,2026-03-02 16:58:41,Cancelled,Net Banking
ORD-0000673,CUST-000376,P-PRD-112,4,179.0,0.1,644.4,2026-03-24 00:47:00,Completed,Cash on Delivery
ORD-0000674,CUST-000410,P-PRD-101,2,2499.0,0.0,4998.0,2026-07-23 06:58:25,Completed,Net Banking
ORD-0000675,CUST-000123,P-PRD-107,1,199.0,0.1,179.1,2026-04-01 07:13:57,Shipped,UPI
ORD-0000676,CUST-000490,P-PRD-111,1,249.0,0.0,249.0,2026-06-09 04:22:41,Refunded,Wallet
ORD-0000677,CUST-000341,P-PRD-102,3,899.0,0.0,2697.0,2026-06-24 09:18:21,Shipped,Net Banking
ORD-0000678,CUST-000308,P-PRD-107,1,199.0,0.0,199.0,2026-05-24 15:26:16,Pending,Net Banking
ORD-0000679,CUST-000048,P-PRD-101,2,2499.0,0.2,3998.4,2026-08-11 01:15:06,Refunded,Cash on Delivery
ORD-0000680,CUST-000478,P-PRD-108,2,750.0,0.05,1425.0,2026-03-12 03:40:19,Shipped,Net Banking
ORD-0000681,CUST-000412,P-PRD-108,1,750.0,0.2,600.0,2026-08-13 04:01:31,Pending,Wallet
ORD-0000682,CUST-000292,P-PRD-101,2,2499.0,0.15,4248.3,2026-06-29 21:00:23,Cancelled,Net Banking
ORD-0000683,CUST-000238,P-PRD-111,2,249.0,0.1,448.2,2026-05-20 02:22:01,Cancelled,Credit Card
ORD-0000684,CUST-000009,P-PRD-102,2,899.0,0.0,1798.0,2026-04-06 07:23:41,Completed,Credit Card
ORD-0000685,CUST-000361,P-PRD-105,1,4500.0,0.05,4275.0,2026-08-09 09:28:11,Cancelled,UPI
ORD-0000686,CUST-000472,P-PRD-103,1,189.0,0.0,189.0,2026-07-23 02:31:45,Refunded,Credit Card
ORD-0000687,CUST-000010,P-PRD-101,1,2499.0,0.0,2499.0,2026-08-05 10:27:33,Shipped,Cash on Delivery
ORD-0000688,CUST-000337,P-PRD-112,2,179.0,0.0,358.0,2026-07-27 15:32:33,Processing,Cash on Delivery
ORD-0000689,CUST-000354,P-PRD-111,1,249.0,0.0,249.0,2026-03-22 22:00:25,Completed,Debit Card
ORD-0000690,CUST-000009,P-PRD-112,5,179.0,0.1,805.5,2026-04-13 10:36:16,Refunded,Debit Card
ORD-0000691,CUST-000224,P-PRD-111,3,249.0,0.0,747.0,2026-03-13 04:02:37,Shipped,Debit Card
ORD-0000692,CUST-000012,P-PRD-102,0,899.0,0.0,0.0,2026-08-17 09:17:57,Shipped,Net Banking
ORD-0000693,CUST-000300,P-PRD-104,1,299.0,0.0,299.0,2026-05-29 18:56:30,Processing,Credit Card
ORD-0000694,CUST-000435,P-PRD-112,1,179.0,0.0,179.0,2026-06-25 14:09:22,Cancelled,Cash on Delivery
ORD-0000695,CUST-000149,P-PRD-101,1,2499.0,0.0,2499.0,2026-07-20 15:21:05,Refunded,Net Banking
ORD-0000696,CUST-000032,P-PRD-109,1,550.0,0.0,550.0,2026-07-09 19:24:00,Processing,Cash on Delivery
ORD-0000697,CUST-000243,P-PRD-102,1,899.0,0.15,764.15,2026-99-99 25:99:99,Refunded,Net Banking
ORD-0000698,CUST-000373,P-PRD-104,1,299.0,0.0,299.0,2026-06-28 01:05:12,Cancelled,Cash on Delivery
ORD-0000699,CUST-000309,P-PRD-112,2,179.0,0.0,358.0,2026-05-05 07:18:02,Shipped,Cash on Delivery
ORD-0000700,CUST-000185,P-PRD-108,3,750.0,0.1,2025.0,2026-07-28 00:37:55,Processing,Cash on Delivery
ORD-0000701,CUST-000342,P-PRD-108,1,750.0,0.0,750.0,2026-07-24 11:00:27,Completed,Net Banking
ORD-0000702,CUST-000253,P-PRD-105,1,4500.0,0.0,4500.0,2026-02-23 06:09:02,Processing,UPI
ORD-0000703,CUST-000090,P-PRD-109,1,550.0,0.0,550.0,2026-06-08 21:14:14,Cancelled,Debit Card
ORD-0000704,CUST-000115,P-PRD-108,1,750.0,0.0,750.0,2026-05-19 18:47:13,Cancelled,UPI
ORD-0000705,CUST-000438,P-PRD-112,4,179.0,0.05,680.2,2026-03-16 18:55:24,Shipped,Net Banking
ORD-0000706,CUST-000388,P-PRD-102,5,899.0,0.1,4045.5,2026-07-24 20:47:48,Cancelled,Credit Card
ORD-0000707,CUST-000086,P-PRD-111,1,249.0,0.0,249.0,2026-05-21 22:48:18,Refunded,UPI
ORD-0000708,CUST-000392,P-PRD-109,1,550.0,0.15,467.5,2026-03-30 16:38:51,Processing,UPI
ORD-0000709,CUST-000063,P-PRD-104,1,299.0,0.0,299.0,2026-02-20 02:01:10,Shipped,UPI
ORD-0000710,CUST-000088,P-PRD-102,1,899.0,0.05,854.05,2026-06-05 06:13:06,Refunded,Cash on Delivery
ORD-0000711,CUST-000387,P-PRD-109,1,550.0,0.0,550.0,2026-06-08 08:08:22,Shipped,Net Banking
ORD-0000712,CUST-000265,P-PRD-111,1,249.0,0.0,249.0,2026-03-27 17:26:59,Refunded,Wallet
ORD-0000713,CUST-000044,P-PRD-106,1,1200.0,0.2,960.0,2026-04-02 08:53:30,Completed,Net Banking
ORD-0000714,CUST-000339,P-PRD-111,1,249.0,0.0,249.0,2026-07-30 12:00:44,Processing,Net Banking
ORD-0000715,CUST-000349,P-PRD-112,2,179.0,0.0,358.0,2026-05-10 05:37:05,Completed,UPI
ORD-0000716,CUST-000313,P-PRD-103,2,189.0,0.0,378.0,2026-04-12 12:54:34,Cancelled,Wallet
ORD-0000717,CUST-ORPHAN-951117,P-PRD-106,4,1200.0,0.1,4320.0,2026-06-02 00:16:15,Processing,Credit Card
ORD-0000718,CUST-000373,P-PRD-112,2,179.0,0.0,358.0,2026-07-07 03:25:30,Pending,Credit Card
ORD-0000719,CUST-000160,P-PRD-109,1,550.0,0.05,522.5,2026-02-23 18:06:11,Cancelled,Wallet
ORD-0000720,CUST-000428,P-PRD-105,2,4500.0,0.2,7200.0,2026-03-18 19:16:13,Processing,UPI
ORD-0000721,CUST-000182,P-PRD-102,1,899.0,0.05,854.05,2026-03-22 09:25:32,Processing,Wallet
ORD-0000722,CUST-000233,P-PRD-106,5,1200.0,0.1,5400.0,2026-07-17 13:40:49,Refunded,Cash on Delivery
ORD-0000723,CUST-000434,P-PRD-110,1,3500.0,0.0,3500.0,2026-08-08 13:56:29,Refunded,Debit Card
ORD-0000724,CUST-000267,P-PRD-112,1,179.0,0.0,179.0,2026-07-18 00:05:54,Processing,Net Banking
ORD-0000725,CUST-000365,P-PRD-107,3,199.0,0.0,597.0,2026-03-06 08:33:26,Pending,Net Banking
ORD-0000726,CUST-000040,P-PRD-106,2,1200.0,0.0,2400.0,2026-07-12 11:58:55,Shipped,UPI
ORD-0000727,CUST-000326,P-PRD-107,10,199.0,0.05,1890.5,2026-06-24 08:16:02,Pending,Debit Card
ORD-0000728,CUST-000249,P-PRD-112,1,179.0,0.2,143.2,2026-06-30 12:21:11,Completed,Cash on Delivery
ORD-0000729,CUST-000243,P-PRD-101,2,2499.0,0.15,4248.3,2026-05-23 21:24:42,Cancelled,Net Banking
ORD-0000730,CUST-000190,P-PRD-110,1,3500.0,0.0,3500.0,2026-03-21 06:36:44,Processing,UPI
ORD-0000731,CUST-000249,P-PRD-101,3,2499.0,0.0,7497.0,2026-07-19 08:26:36,Completed,UPI
ORD-0000732,CUST-000111,P-PRD-103,3,189.0,0.0,567.0,2026-03-22 13:01:22,Processing,Credit Card
ORD-0000733,CUST-000214,P-PRD-108,2,750.0,0.0,1500.0,2026-05-16 06:49:30,Shipped,Cash on Delivery
ORD-0000734,CUST-000068,P-PRD-103,2,189.0,0.0,378.0,2026-06-14 09:26:17,Pending,Cash on Delivery
ORD-0000735,CUST-000411,P-PRD-110,0,3500.0,0.0,0.0,2026-04-19 07:29:01,Processing,Wallet
ORD-0000736,CUST-000378,P-PRD-105,2,4500.0,0.1,8100.0,2026-02-25 13:54:48,Refunded,Cash on Delivery
ORD-0000737,CUST-000331,P-PRD-102,2,899.0,0.0,1798.0,2026-07-27 12:48:55,Cancelled,Credit Card
ORD-0000738,CUST-000268,P-PRD-104,3,299.0,0.0,897.0,2026-02-22 21:28:01,Refunded,Wallet
ORD-0000739,CUST-000010,P-PRD-105,3,4500.0,0.0,13500.0,2026-08-18 14:11:19,Shipped,Credit Card
ORD-0000740,CUST-000311,P-PRD-106,1,1200.0,0.0,1200.0,2026-02-24 05:27:54,Shipped,Debit Card
ORD-0000741,CUST-000442,P-PRD-109,1,550.0,0.0,550.0,2026-03-19 20:42:15,Cancelled,Debit Card
ORD-0000742,CUST-000094,P-PRD-105,3,4500.0,0.0,13500.0,2026-06-02 23:14:52,Completed,Wallet
ORD-0000743,CUST-000093,P-PRD-101,2,2499.0,0.0,4998.0,2026-03-16 04:44:24,Pending,Net Banking
ORD-0000744,CUST-000133,P-PRD-107,4,199.0,0.15,676.6,2026-03-04 00:27:45,Pending,Wallet
ORD-0000745,CUST-000253,P-PRD-109,3,550.0,0.0,1650.0,2026-03-20 02:53:32,Completed,UPI
ORD-0000746,CUST-000209,P-PRD-102,1,899.0,0.0,899.0,2026-04-18 17:45:56,Processing,Wallet
ORD-0000747,CUST-000346,P-PRD-102,1,899.0,0.0,899.0,2026-03-23 04:10:42,Cancelled,Net Banking
ORD-0000748,CUST-000435,P-PRD-111,2,249.0,0.1,448.2,2026-03-27 06:40:45,Cancelled,Debit Card
ORD-0000749,CUST-000276,P-PRD-107,5,199.0,0.0,995.0,2026-02-28 17:07:27,Shipped,Wallet
ORD-0000750,CUST-000500,P-PRD-103,1,189.0,0.15,160.65,2026-06-22 03:02:18,Cancelled,UPI
ORD-0000751,CUST-000195,P-PRD-106,3,1200.0,0.0,3600.0,2026-06-29 03:19:48,Completed,Debit Card
ORD-0000752,CUST-000289,P-PRD-102,1,899.0,0.0,899.0,2026-03-21 22:10:20,Refunded,Wallet
ORD-0000753,CUST-000451,P-PRD-107,1,199.0,0.0,199.0,2026-05-11 05:33:45,Refunded,UPI
ORD-0000754,CUST-000363,P-PRD-108,1,750.0,0.05,712.5,2026-05-12 05:31:34,Pending,Net Banking
ORD-0000755,CUST-000169,P-PRD-101,4,2499.0,0.0,9996.0,2026-02-19 15:15:10,Shipped,Credit Card
ORD-0000756,CUST-000345,P-PRD-103,1,189.0,0.15,160.65,2026-08-18 10:53:27,Shipped,Wallet
ORD-0000757,CUST-000450,P-PRD-111,2,249.0,0.0,498.0,2026-08-09 09:17:46,Refunded,Credit Card
ORD-0000758,CUST-000418,P-PRD-107,3,199.0,0.0,597.0,2026-04-04 17:23:41,Completed,Net Banking
ORD-0000759,CUST-000099,P-PRD-108,1,750.0,0.05,712.5,2026-05-01 06:06:56,Pending,Credit Card
ORD-0000760,CUST-000321,P-PRD-105,3,4500.0,0.0,13500.0,2026-06-25 06:18:15,Completed,UPI
ORD-0000761,CUST-000361,P-PRD-112,2,179.0,0.0,358.0,2026-08-01 07:30:31,Completed,UPI
ORD-0000762,CUST-000253,P-PRD-103,2,189.0,0.05,359.1,2026-07-13 15:02:28,Cancelled,Debit Card
ORD-0000763,CUST-000066,P-PRD-112,1,179.0,0.0,179.0,2026-07-14 01:23:15,Cancelled,Cash on Delivery
ORD-0000764,CUST-000099,P-PRD-111,1,249.0,0.2,199.2,2026-08-11 12:29:29,Cancelled,UPI
ORD-0000765,CUST-000454,P-PRD-108,1,750.0,0.0,750.0,2026-08-10 16:45:16,Completed,UPI
ORD-0000766,CUST-000209,P-PRD-105,1,4500.0,0.0,4500.0,2026-06-25 06:14:54,Cancelled,Credit Card
ORD-0000767,CUST-000115,P-PRD-101,1,2499.0,0.0,2499.0,2026-06-13 04:36:06,Completed,Net Banking
ORD-0000768,CUST-000042,P-PRD-110,3,3500.0,0.2,8400.0,2026-04-17 08:31:06,Completed,Debit Card
ORD-0000769,CUST-000169,P-PRD-105,1,4500.0,0.05,4275.0,2026-02-26 10:33:46,Shipped,Credit Card
ORD-0000770,CUST-000321,P-PRD-106,3,1200.0,0.0,3600.0,2026-06-20 01:45:58,Processing,Credit Card
ORD-0000771,CUST-000267,P-PRD-104,4,299.0,0.1,1076.4,2026-07-27 09:03:14,Completed,Cash on Delivery
ORD-0000772,CUST-000064,P-PRD-102,5,899.0,0.15,3820.75,2026-05-26 04:29:38,Refunded,Credit Card
ORD-0000773,CUST-000032,P-PRD-108,1,750.0,0.05,712.5,2026-06-08 19:28:59,Completed,Cash on Delivery
ORD-0000774,CUST-000027,P-PRD-105,3,4500.0,0.0,13500.0,2026-07-27 08:03:20,Pending,Wallet
ORD-0000775,CUST-000320,P-PRD-101,1,2499.0,0.0,2499.0,2026-06-08 15:40:08,Cancelled,Credit Card
ORD-0000776,CUST-000482,P-PRD-111,3,249.0,0.0,747.0,2026-05-14 14:29:21,Pending,Credit Card
ORD-0000777,CUST-000305,P-PRD-112,1,179.0,0.1,161.1,2026-04-09 13:57:28,Pending,Cash on Delivery
ORD-0000778,CUST-000182,P-PRD-107,1,199.0,0.05,189.05,2026-04-07 01:56:26,Pending,Credit Card
ORD-0000779,CUST-000160,P-PRD-110,1,3500.0,0.2,2800.0,2026-05-21 04:25:04,Cancelled,Wallet
ORD-0000780,CUST-000076,P-PRD-108,1,750.0,0.0,750.0,2026-05-23 17:22:55,Cancelled,Wallet
ORD-0000781,CUST-000075,P-PRD-101,1,2499.0,0.1,2249.1,2026-07-11 19:04:33,Shipped,UPI
ORD-0000782,CUST-000103,P-PRD-111,4,249.0,0.1,896.4,2026-05-16 23:58:55,Refunded,Net Banking
ORD-0000783,CUST-000240,P-PRD-110,2,3500.0,0.1,6300.0,2026-07-13 05:18:31,Cancelled,UPI
ORD-0000784,CUST-000084,P-PRD-102,1,899.0,0.1,809.1,2026-03-01 11:08:38,Pending,Credit Card
ORD-0000785,CUST-000355,P-PRD-104,1,299.0,0.0,299.0,2026-06-22 05:09:28,Refunded,Net Banking
ORD-0000786,CUST-000095,P-PRD-101,1,2499.0,0.0,2499.0,2026-02-26 13:17:00,Completed,Debit Card
ORD-0000787,CUST-000100,P-PRD-111,2,249.0,0.1,448.2,2026-03-01 18:10:06,Pending,Debit Card
ORD-0000788,CUST-000113,P-PRD-105,2,4500.0,0.0,9000.0,2026-99-99 25:99:99,Pending,Debit Card
ORD-0000789,CUST-000468,P-PRD-102,1,899.0,0.05,854.05,2026-05-27 16:55:51,Completed,UPI
ORD-0000790,CUST-000157,P-PRD-108,1,750.0,0.1,675.0,2026-08-06 23:19:36,Cancelled,Wallet
ORD-0000791,CUST-000451,P-PRD-112,1,179.0,0.0,179.0,2026-03-23 23:59:32,Pending,Wallet
ORD-0000792,CUST-000192,P-PRD-106,2,1200.0,0.2,1920.0,2026-04-21 18:46:10,Cancelled,Wallet
ORD-0000793,CUST-000275,P-PRD-105,3,4500.0,0.0,13500.0,2026-03-04 16:00:20,Processing,Debit Card
ORD-0000794,CUST-000498,P-PRD-110,4,3500.0,0.0,14000.0,2026-03-11 10:13:27,Refunded,Wallet
ORD-0000795,CUST-000261,P-PRD-107,3,199.0,0.05,567.15,2026-06-29 06:42:51,Shipped,Wallet
ORD-0000796,CUST-000165,P-PRD-112,1,179.0,0.05,170.05,2026-06-25 10:20:12,Processing,Wallet
ORD-0000797,CUST-000473,P-PRD-110,2,3500.0,0.0,7000.0,2026-04-11 09:32:51,Pending,Net Banking
ORD-0000798,CUST-000218,P-PRD-107,2,199.0,0.15,338.3,2026-05-25 02:21:17,Cancelled,Credit Card
ORD-0000799,CUST-000044,P-PRD-105,1,4500.0,0.0,4500.0,2026-07-17 18:35:08,Shipped,Wallet
ORD-0000800,CUST-000219,P-PRD-108,0,750.0,0.0,0.0,2026-06-26 04:37:48,Processing,Net Banking
ORD-0000801,CUST-000120,P-PRD-105,2,4500.0,0.0,9000.0,2026-03-12 03:48:39,Cancelled,Wallet
ORD-0000802,CUST-000041,P-PRD-105,4,4500.0,0.0,18000.0,2026-03-09 06:12:12,Completed,Wallet
ORD-0000803,CUST-000101,P-PRD-111,1,249.0,0.0,249.0,2026-08-12 03:04:50,Pending,Cash on Delivery
ORD-0000804,CUST-000071,P-PRD-112,2,179.0,0.15,304.3,2026-02-21 03:59:28,Processing,UPI
ORD-0000805,CUST-000207,P-PRD-107,3,199.0,0.1,537.3,2026-02-22 10:16:22,Refunded,Wallet
ORD-0000806,CUST-000489,P-PRD-103,3,189.0,0.0,567.0,2026-04-13 10:21:41,Pending,Wallet
ORD-0000807,CUST-000283,P-PRD-108,2,750.0,0.0,1500.0,2026-03-12 04:29:11,Pending,Net Banking
ORD-0000808,CUST-000358,P-PRD-107,1,199.0,0.0,199.0,2026-07-10 18:11:01,Processing,Debit Card
ORD-0000809,CUST-000066,P-PRD-105,4,4500.0,0.0,18000.0,2026-08-06 06:00:02,Processing,Debit Card
ORD-0000810,CUST-000352,P-PRD-107,3,199.0,0.05,567.15,2026-05-06 04:57:35,Cancelled,Credit Card
ORD-0000811,CUST-000017,P-PRD-103,1,189.0,0.2,151.2,2026-05-14 13:46:29,Refunded,Wallet
ORD-0000812,CUST-000294,P-PRD-107,5,199.0,0.0,995.0,2026-05-29 19:24:26,Cancelled,Net Banking
ORD-0000813,CUST-000056,P-PRD-106,2,1200.0,0.0,2400.0,2026-05-06 20:28:57,Pending,Credit Card
ORD-0000814,CUST-000091,P-PRD-101,3,2499.0,0.05,7122.15,2026-02-24 23:53:06,Pending,Credit Card
ORD-0000815,CUST-000198,P-PRD-105,1,4500.0,0.0,4500.0,2026-07-02 19:38:08,Shipped,Credit Card
ORD-0000816,CUST-000006,P-PRD-103,1,189.0,0.15,160.65,2026-05-29 22:48:18,Completed,Debit Card
ORD-0000817,CUST-000245,P-PRD-112,1,179.0,0.2,143.2,2026-04-11 21:49:06,Pending,UPI
ORD-0000818,CUST-000364,P-PRD-111,1,249.0,0.05,236.55,2026-05-09 14:28:39,Pending,Wallet
ORD-0000819,CUST-000235,P-PRD-105,1,4500.0,0.2,3600.0,2026-06-12 19:25:00,Shipped,Wallet
ORD-0000820,CUST-000270,P-PRD-106,4,1200.0,0.15,4080.0,2026-06-16 09:56:02,Cancelled,Credit Card
ORD-0000821,CUST-000148,P-PRD-111,4,249.0,0.0,996.0,2026-08-17 03:55:03,Shipped,Wallet
ORD-0000822,CUST-000437,P-PRD-103,1,189.0,0.0,189.0,2026-07-27 08:49:09,Shipped,Net Banking
ORD-0000823,CUST-000094,P-PRD-112,2,179.0,0.0,358.0,2026-03-02 01:48:53,Pending,UPI
ORD-0000824,CUST-000276,P-PRD-105,2,4500.0,0.0,9000.0,2026-04-15 11:03:18,Shipped,Wallet
ORD-0000825,CUST-000189,P-PRD-102,3,899.0,0.0,2697.0,2026-05-13 08:01:08,Shipped,Debit Card
ORD-0000826,CUST-000260,P-PRD-101,1,2499.0,0.0,2499.0,2026-08-15 09:54:18,Shipped,UPI
ORD-0000827,CUST-000440,P-PRD-104,1,299.0,0.0,299.0,2026-03-19 22:03:24,Processing,Cash on Delivery
ORD-0000828,CUST-000249,P-PRD-108,1,750.0,0.0,750.0,2026-04-22 09:01:29,Pending,Net Banking
ORD-0000829,CUST-000432,P-PRD-103,1,189.0,0.0,189.0,2026-03-15 23:32:26,Processing,Credit Card
ORD-0000830,CUST-000201,P-PRD-103,1,189.0,0.1,170.1,2026-08-11 03:02:11,Pending,Net Banking
ORD-0000831,CUST-000111,P-PRD-112,1,179.0,0.05,170.05,2026-04-15 09:10:57,Refunded,Credit Card
ORD-0000832,CUST-000417,P-PRD-109,2,550.0,0.05,1045.0,2026-03-17 07:18:35,Refunded,UPI
ORD-0000833,CUST-000307,P-PRD-101,1,2499.0,0.0,2499.0,2026-04-11 02:10:44,Processing,Debit Card
ORD-0000834,CUST-000009,P-PRD-107,1,199.0,0.0,199.0,2026-04-08 19:23:16,Pending,Credit Card
ORD-0000835,CUST-000427,P-PRD-111,1,249.0,0.0,249.0,2026-06-05 11:44:50,Completed,UPI
ORD-0000836,CUST-000321,P-PRD-104,2,299.0,0.15,508.3,2026-05-31 08:39:59,Completed,Debit Card
ORD-0000837,CUST-000183,P-PRD-106,1,1200.0,0.0,1200.0,2026-05-09 17:31:26,Shipped,Debit Card
ORD-0000838,CUST-000034,P-PRD-111,3,249.0,0.05,709.65,2026-05-23 18:41:15,Completed,Debit Card
ORD-0000839,CUST-000394,P-PRD-110,1,3500.0,0.2,2800.0,2026-07-06 13:48:42,Pending,UPI
ORD-0000840,CUST-000308,P-PRD-106,5,1200.0,0.05,5700.0,2026-08-10 21:55:39,Processing,Debit Card
ORD-0000841,CUST-000454,P-PRD-112,1,179.0,0.1,161.1,2026-06-21 19:32:45,Processing,Credit Card
ORD-0000842,CUST-000300,P-PRD-108,1,750.0,0.05,712.5,2026-04-19 11:25:00,Cancelled,Cash on Delivery
ORD-0000843,CUST-000120,P-PRD-101,2,2499.0,0.15,4248.3,2026-05-09 01:41:40,Refunded,Net Banking
ORD-0000844,CUST-000318,P-PRD-102,1,899.0,0.0,899.0,2026-05-05 00:26:34,Pending,Net Banking
ORD-0000845,CUST-000020,P-PRD-104,4,299.0,0.0,1196.0,2026-06-12 05:03:18,Pending,UPI
ORD-0000846,CUST-000404,P-PRD-101,2,2499.0,0.2,3998.4,2026-08-03 03:35:24,Completed,Debit Card
ORD-0000847,CUST-000170,P-PRD-106,1,1200.0,0.0,1200.0,2026-08-08 02:07:46,Refunded,Cash on Delivery
ORD-0000848,CUST-000312,P-PRD-107,2,199.0,0.0,398.0,2026-07-29 17:18:28,Completed,Net Banking
ORD-0000849,CUST-000099,P-PRD-101,2,2499.0,0.0,4998.0,2026-04-11 21:39:33,Completed,Debit Card
ORD-0000850,CUST-000427,P-PRD-104,1,299.0,0.0,299.0,2026-06-18 04:25:40,Pending,Cash on Delivery
ORD-0000851,CUST-000218,P-PRD-103,2,189.0,0.0,378.0,2026-07-16 09:24:31,Refunded,Debit Card
ORD-0000852,CUST-000402,P-PRD-108,1,750.0,0.2,600.0,2026-05-31 06:50:24,Pending,Net Banking
ORD-0000853,CUST-000259,P-PRD-110,2,3500.0,0.1,6300.0,2026-06-21 17:48:32,Shipped,Net Banking
ORD-0000854,CUST-000390,P-PRD-105,2,4500.0,0.0,9000.0,2026-04-04 02:27:19,Shipped,Net Banking
ORD-0000855,CUST-000146,P-PRD-107,2,199.0,0.0,398.0,2026-05-14 22:03:47,Refunded,Net Banking
ORD-0000856,CUST-000471,P-PRD-104,1,299.0,0.1,269.1,2026-05-25 10:58:51,Shipped,Net Banking
ORD-0000857,CUST-000499,P-PRD-112,1,179.0,0.0,179.0,2026-08-02 14:30:26,Completed,Net Banking
ORD-0000858,CUST-000473,P-PRD-102,1,899.0,0.0,899.0,2026-04-09 08:58:22,Processing,Cash on Delivery
ORD-0000859,CUST-000364,P-PRD-108,2,750.0,0.0,1500.0,2026-03-05 16:47:11,Shipped,Net Banking
ORD-0000860,CUST-000125,P-PRD-108,1,750.0,0.1,675.0,2026-07-29 18:06:59,Refunded,Cash on Delivery
ORD-0000861,CUST-000134,P-PRD-110,1,3500.0,0.05,3325.0,2026-04-25 02:05:45,Cancelled,Wallet
ORD-0000862,CUST-000432,P-PRD-103,1,189.0,0.1,170.1,2026-08-02 07:04:53,Shipped,Cash on Delivery
ORD-0000863,CUST-000463,P-PRD-102,2,899.0,0.0,1798.0,2026-06-06 23:07:30,Shipped,UPI
ORD-0000864,CUST-000257,P-PRD-109,2,550.0,0.0,1100.0,2026-05-08 08:04:26,Refunded,Credit Card
ORD-0000865,,P-PRD-106,3,1200.0,0.0,3600.0,2026-04-13 07:34:38,Refunded,UPI
ORD-0000866,CUST-000419,P-PRD-108,1,750.0,0.0,750.0,2026-08-16 08:18:03,Cancelled,Net Banking
ORD-0000867,CUST-000377,P-PRD-107,1,199.0,0.0,199.0,2026-08-17 21:58:43,Pending,Net Banking
ORD-0000868,CUST-000487,P-PRD-102,1,899.0,0.1,809.1,2026-04-07 00:24:13,Completed,Cash on Delivery
ORD-0000869,CUST-000390,P-PRD-104,1,299.0,0.15,254.15,2026-06-03 09:08:03,Refunded,Wallet
ORD-0000490,CUST-000326,P-PRD-103,1,189.0,0.0,189.0,2026-03-22 03:09:51,Completed,UPI
ORD-0000871,CUST-000249,P-PRD-111,3,249.0,0.0,747.0,2026-04-27 17:21:03,Refunded,Wallet
ORD-0000872,CUST-000022,P-PRD-102,1,899.0,0.1,809.1,2026-05-26 15:02:30,Cancelled,UPI
ORD-0000873,CUST-000243,P-PRD-106,2,1200.0,0.0,2400.0,2026-08-12 05:34:43,Processing,Debit Card
ORD-0000874,CUST-000341,P-PRD-107,1,199.0,0.0,199.0,2026-05-21 05:06:43,Completed,Credit Card
ORD-0000875,CUST-000358,P-PRD-107,2,199.0,0.15,338.3,2026-03-25 18:01:21,Cancelled,Credit Card
ORD-0000876,CUST-000144,P-PRD-112,3,179.0,0.0,537.0,2026-06-14 15:36:04,Refunded,Cash on Delivery
ORD-0000877,CUST-000264,P-PRD-107,2,199.0,0.0,398.0,2026-08-01 04:49:05,Completed,Cash on Delivery
ORD-0000878,CUST-000024,P-PRD-112,1,179.0,0.0,179.0,2026-07-24 10:43:45,Shipped,Cash on Delivery
ORD-0000879,CUST-000042,P-PRD-106,1,1200.0,0.15,1020.0,2026-06-20 17:03:25,Refunded,Credit Card
ORD-0000880,CUST-000151,P-PRD-110,0,3500.0,0.0,0.0,2026-07-02 13:54:35,Refunded,Wallet
ORD-0000881,CUST-000409,P-PRD-102,1,899.0,0.05,854.05,2026-07-09 10:05:00,Pending,Net Banking
ORD-0000882,CUST-000247,P-PRD-111,2,249.0,0.0,498.0,2026-04-02 20:20:38,Completed,Net Banking
ORD-0000883,CUST-000015,P-PRD-103,4,189.0,0.0,756.0,2026-05-28 03:17:43,Pending,Cash on Delivery
ORD-0000884,CUST-000244,P-PRD-111,1,249.0,0.0,249.0,2026-07-05 16:09:16,Refunded,Net Banking
ORD-0000885,CUST-000355,P-PRD-106,4,1200.0,0.15,4080.0,2026-07-21 19:26:32,Refunded,UPI
ORD-0000886,CUST-000369,P-PRD-112,2,179.0,0.0,358.0,2026-08-02 13:32:45,Shipped,Debit Card
ORD-0000887,CUST-000060,P-PRD-105,1,4500.0,0.0,4500.0,2026-07-19 23:56:18,Refunded,Credit Card
ORD-0000888,CUST-000066,P-PRD-106,5,1200.0,0.0,6000.0,2026-02-19 04:24:13,Completed,Wallet
ORD-0000889,CUST-000435,P-PRD-107,5,199.0,0.0,995.0,2026-05-22 21:41:11,Cancelled,Cash on Delivery
ORD-0000890,CUST-000114,P-PRD-102,1,899.0,0.0,899.0,2026-06-16 04:35:25,Pending,UPI
ORD-0000891,CUST-000256,P-PRD-111,1,249.0,0.05,236.55,2026-03-27 18:20:17,Cancelled,UPI
ORD-0000892,CUST-000353,P-PRD-102,1,899.0,0.1,809.1,2026-07-15 10:30:05,Refunded,Debit Card
ORD-0000893,CUST-000361,P-PRD-107,1,199.0,0.1,179.1,2026-03-30 00:45:21,Refunded,Debit Card
ORD-0000894,CUST-000027,P-PRD-103,3,189.0,0.05,538.65,2026-05-05 22:53:01,Completed,Wallet
ORD-0000895,CUST-000217,P-PRD-111,1,249.0,0.0,249.0,2026-05-30 07:19:33,Completed,Wallet
ORD-0000896,CUST-000145,P-PRD-112,4,179.0,0.05,680.2,2026-07-09 07:25:28,Completed,Debit Card
ORD-0000897,CUST-000407,P-PRD-110,3,3500.0,0.0,10500.0,2026-05-07 09:44:45,Refunded,Debit Card
ORD-0000898,CUST-000227,P-PRD-112,1,179.0,0.15,152.15,2026-04-13 01:01:47,Refunded,Debit Card
ORD-0000899,CUST-000005,P-PRD-106,2,1200.0,0.0,2400.0,2026-08-10 22:27:42,Shipped,Net Banking
ORD-0000900,CUST-000087,P-PRD-101,1,2499.0,0.2,1999.2,2026-04-04 18:59:53,Completed,Wallet
ORD-0000901,CUST-000304,P-PRD-107,5,199.0,0.05,945.25,2026-06-02 02:00:28,Completed,Credit Card
ORD-0000902,CUST-000251,P-PRD-105,2,4500.0,0.2,7200.0,2026-08-05 06:45:16,Refunded,Cash on Delivery
ORD-0000903,CUST-000400,P-PRD-108,3,750.0,0.05,2137.5,2026-04-30 16:06:37,Refunded,Net Banking
ORD-0000904,CUST-000062,P-PRD-102,1,899.0,0.0,899.0,2026-08-09 11:38:49,Pending,Credit Card
ORD-0000905,CUST-000294,P-PRD-108,1,750.0,0.05,712.5,2026-07-19 23:40:52,Shipped,Net Banking
ORD-0000906,CUST-000360,P-PRD-107,1,199.0,0.0,199.0,2026-05-12 19:23:58,Refunded,Wallet
ORD-0000907,CUST-000418,P-PRD-112,1,179.0,0.0,179.0,2026-07-06 12:23:15,Shipped,Credit Card
ORD-0000908,CUST-000300,P-PRD-109,2,550.0,0.1,990.0,2026-03-22 00:38:28,Refunded,Credit Card
ORD-0000909,CUST-000307,P-PRD-112,1,179.0,0.0,179.0,2026-05-09 21:34:03,Completed,Debit Card
ORD-0000910,CUST-000335,P-PRD-103,1,189.0,0.0,189.0,2026-02-26 20:10:06,Completed,Wallet
ORD-0000911,CUST-000497,P-PRD-109,1,550.0,0.2,440.0,2026-99-99 25:99:99,Pending,UPI
ORD-0000912,CUST-000338,P-PRD-109,1,550.0,0.0,550.0,2026-08-15 04:28:53,Cancelled,UPI
ORD-0000913,CUST-000262,P-PRD-104,2,299.0,0.05,568.1,2026-03-02 01:43:13,Completed,Debit Card
ORD-0000914,CUST-000440,P-PRD-104,5,299.0,0.05,1420.25,2026-04-15 14:38:02,Processing,UPI
ORD-0000915,CUST-000319,P-PRD-107,1,199.0,0.0,199.0,2026-05-27 16:44:42,Pending,Net Banking
ORD-0000916,CUST-000485,P-PRD-105,2,4500.0,0.15,7650.0,2026-03-27 12:35:58,Pending,Credit Card
ORD-0000917,CUST-000138,P-PRD-111,2,249.0,0.0,498.0,2026-05-25 13:36:33,Refunded,Cash on Delivery
ORD-0000918,CUST-000310,P-PRD-103,1,189.0,0.0,189.0,2026-06-10 06:53:04,Completed,Wallet
ORD-0000919,CUST-000139,P-PRD-102,2,899.0,0.05,1708.1,2026-06-02 19:29:21,Processing,Cash on Delivery
ORD-0000920,CUST-000467,P-PRD-106,3,1200.0,0.0,3600.0,2026-04-17 03:03:03,Completed,Credit Card
ORD-0000921,CUST-000499,P-PRD-104,1,299.0,0.0,299.0,2026-03-21 23:29:09,Cancelled,Cash on Delivery
ORD-0000922,CUST-000302,P-PRD-108,1,750.0,0.0,750.0,2026-07-15 03:21:17,Cancelled,UPI
ORD-0000923,CUST-000461,P-PRD-101,1,2499.0,0.15,2124.15,2026-05-28 23:39:57,Processing,Cash on Delivery
ORD-0000924,CUST-000405,P-PRD-109,2,550.0,0.15,935.0,2026-06-02 10:26:59,Cancelled,Debit Card
ORD-0000925,CUST-000352,P-PRD-109,2,550.0,0.05,1045.0,2026-03-27 06:52:46,Cancelled,Cash on Delivery
ORD-0000926,CUST-000472,P-PRD-112,2,179.0,0.0,358.0,2026-04-23 15:14:59,Shipped,Cash on Delivery
ORD-0000927,CUST-000225,P-PRD-106,3,1200.0,0.0,3600.0,2026-04-30 08:39:44,Cancelled,Cash on Delivery
ORD-0000928,CUST-000418,P-PRD-104,1,299.0,0.1,269.1,2026-05-08 07:53:18,Processing,Credit Card
ORD-0000929,CUST-000040,P-PRD-112,1,179.0,0.0,179.0,2026-07-15 19:10:41,Completed,Cash on Delivery
ORD-0000930,CUST-000477,P-PRD-108,3,750.0,0.0,2250.0,2026-06-07 11:36:30,Refunded,Debit Card
ORD-0000931,CUST-000264,P-PRD-111,10,249.0,0.15,2116.5,2026-08-15 21:37:39,Shipped,Credit Card
ORD-0000932,CUST-000468,P-PRD-112,1,179.0,0.0,179.0,2026-07-05 05:39:03,Pending,Cash on Delivery
ORD-0000933,CUST-000473,P-PRD-109,2,550.0,0.0,1100.0,2026-06-12 23:13:25,Refunded,Wallet
ORD-0000934,CUST-000090,P-PRD-102,1,899.0,0.0,899.0,2026-05-19 18:56:28,Shipped,Net Banking
ORD-0000935,CUST-000192,P-PRD-102,1,899.0,0.05,854.05,2026-07-06 21:22:44,Processing,UPI
ORD-0000936,CUST-000136,P-PRD-104,1,299.0,0.05,284.05,2026-05-30 01:00:19,Processing,Cash on Delivery
ORD-0000937,CUST-000459,P-PRD-101,4,2499.0,0.15,8496.6,2026-06-22 19:10:52,Processing,Credit Card
ORD-0000938,CUST-000169,P-PRD-105,1,4500.0,0.0,4500.0,2026-04-07 07:43:35,Processing,Credit Card
ORD-0000939,CUST-000252,P-PRD-104,1,299.0,0.0,299.0,2026-99-99 25:99:99,Completed,Net Banking
ORD-0000940,CUST-000116,P-PRD-108,1,750.0,0.0,750.0,2026-06-07 23:43:14,Cancelled,UPI
ORD-0000941,CUST-000225,P-PRD-111,3,249.0,0.0,747.0,2026-05-20 08:53:16,Completed,UPI
ORD-0000942,CUST-000364,P-PRD-104,1,299.0,0.0,299.0,2026-03-25 07:27:09,Shipped,Cash on Delivery
ORD-0000943,CUST-000017,P-PRD-103,2,189.0,0.15,321.3,2026-08-08 02:45:54,Completed,Net Banking
ORD-0000944,CUST-000254,P-PRD-111,2,249.0,0.0,498.0,2026-06-01 11:21:35,Refunded,Cash on Delivery
ORD-0000945,CUST-000200,P-PRD-103,1,189.0,0.0,189.0,2026-02-23 21:40:47,Pending,UPI
ORD-0000946,CUST-000394,P-PRD-111,0,249.0,0.05,0.0,2026-05-17 08:43:53,Cancelled,Cash on Delivery
ORD-0000947,CUST-000149,P-PRD-105,1,4500.0,0.1,4050.0,2026-04-23 15:34:27,Pending,Cash on Delivery
ORD-0000948,CUST-000128,P-PRD-105,3,4500.0,0.1,12150.0,2026-08-17 02:05:37,Refunded,Net Banking
ORD-0000949,CUST-000362,P-PRD-102,2,899.0,0.0,1798.0,2026-04-05 23:57:25,Cancelled,Cash on Delivery
ORD-0000950,CUST-000118,P-PRD-102,1,899.0,0.0,899.0,2026-04-08 22:24:39,Shipped,Credit Card
ORD-0000951,CUST-000047,P-PRD-101,1,2499.0,0.0,2499.0,2026-08-17 16:08:45,Pending,Debit Card
ORD-0000952,CUST-000246,P-PRD-101,2,2499.0,0.05,4748.1,2026-05-06 21:05:41,Processing,UPI
ORD-0000953,CUST-000180,P-PRD-112,1,179.0,0.0,179.0,2026-03-02 23:42:18,Completed,Credit Card
ORD-0000954,CUST-000383,P-PRD-106,1,1200.0,0.0,1200.0,2026-07-23 20:45:23,Shipped,Debit Card
ORD-0000955,CUST-000252,P-PRD-106,1,1200.0,0.0,1200.0,2026-08-08 17:35:06,Refunded,Wallet
ORD-0000956,CUST-000067,P-PRD-106,1,1200.0,0.1,1080.0,2026-07-19 12:20:35,Cancelled,UPI
ORD-0000957,CUST-000142,P-PRD-104,2,299.0,0.0,598.0,2026-03-17 21:50:18,Refunded,Cash on Delivery
ORD-0000958,CUST-000022,P-PRD-110,5,3500.0,0.15,14875.0,2026-04-08 00:06:43,Refunded,Net Banking
ORD-0000959,CUST-000039,P-PRD-109,2,550.0,0.0,1100.0,2026-06-20 00:26:32,Cancelled,Cash on Delivery
ORD-0000960,CUST-000066,P-PRD-104,1,299.0,0.05,284.05,2026-07-12 05:44:02,Processing,Net Banking
ORD-0000961,CUST-000061,P-PRD-107,1,199.0,0.0,199.0,2026-06-26 17:53:03,Pending,Wallet
ORD-0000962,CUST-000498,P-PRD-103,1,189.0,0.2,151.2,2026-03-06 00:00:44,Refunded,Net Banking
ORD-0000963,CUST-000273,P-PRD-109,5,550.0,0.0,2750.0,2026-06-29 07:04:27,Cancelled,Net Banking
ORD-0000964,CUST-000140,P-PRD-104,1,299.0,0.0,299.0,2026-04-15 14:38:45,Refunded,Credit Card
ORD-0000965,CUST-000406,P-PRD-109,1,550.0,0.05,522.5,2026-07-03 02:30:41,Processing,Debit Card
ORD-0000966,CUST-000138,P-PRD-109,1,550.0,0.0,550.0,2026-07-05 01:45:39,Processing,Credit Card
ORD-0000967,CUST-000484,P-PRD-105,4,4500.0,0.0,18000.0,2026-03-04 16:28:38,Pending,Debit Card
ORD-0000968,CUST-000001,P-PRD-111,1,249.0,0.05,236.55,2026-05-24 04:54:16,Completed,Cash on Delivery
ORD-0000969,CUST-000136,P-PRD-112,1,179.0,0.15,152.15,2026-05-05 04:54:26,Completed,Cash on Delivery
ORD-0000970,CUST-000423,P-PRD-106,1,1200.0,0.2,960.0,2026-04-05 02:24:28,Completed,Wallet
ORD-0000971,CUST-000446,P-PRD-110,1,3500.0,0.05,3325.0,2026-05-27 16:53:34,Processing,Cash on Delivery
ORD-0000972,CUST-000283,P-PRD-104,3,299.0,0.0,897.0,2026-04-28 00:30:44,Cancelled,Cash on Delivery
ORD-0000973,CUST-000387,P-PRD-107,1,199.0,0.0,199.0,2026-06-10 06:30:34,Pending,Net Banking
ORD-0000974,CUST-000093,P-PRD-108,1,750.0,0.1,675.0,2026-04-08 13:49:42,Shipped,Cash on Delivery
ORD-0000975,CUST-000145,P-PRD-101,1,2499.0,0.15,2124.15,2026-05-30 15:13:04,Pending,Credit Card
ORD-0000976,CUST-000219,P-PRD-104,1,299.0,0.05,284.05,2026-06-01 20:44:13,Refunded,Wallet
ORD-0000977,CUST-000386,P-PRD-101,2,2499.0,0.0,4998.0,2026-02-23 21:05:38,Completed,Cash on Delivery
ORD-0000978,CUST-000068,P-PRD-104,3,299.0,0.0,897.0,2026-07-29 14:55:11,Completed,Credit Card
ORD-0000979,CUST-000055,P-PRD-109,2,550.0,0.0,1100.0,2026-03-12 00:27:14,Pending,Net Banking
ORD-0000980,CUST-000458,P-PRD-108,3,750.0,0.0,2250.0,2026-06-20 22:42:48,Pending,Credit Card
ORD-0000981,CUST-000137,P-PRD-111,2,249.0,0.0,498.0,2026-03-01 20:49:52,Cancelled,UPI
ORD-0000982,CUST-000455,P-PRD-107,1,199.0,0.15,169.15,2026-02-25 01:20:26,Shipped,Net Banking
ORD-0000983,CUST-000336,P-PRD-105,1,4500.0,0.15,3825.0,2026-05-27 21:10:49,Shipped,Debit Card
ORD-0000984,CUST-000115,P-PRD-102,5,899.0,0.0,4495.0,2026-03-10 15:30:16,Processing,Credit Card
ORD-0000985,CUST-000475,P-PRD-102,4,899.0,0.05,3416.2,2026-04-05 08:41:37,Cancelled,UPI
ORD-0000986,CUST-000348,P-PRD-107,1,199.0,0.05,189.05,2026-05-07 15:50:04,Processing,UPI
ORD-0000987,CUST-000139,P-PRD-108,2,750.0,0.15,1275.0,2026-03-09 17:10:01,Pending,Cash on Delivery
ORD-0000988,CUST-000076,P-PRD-107,1,199.0,0.1,179.1,2026-06-20 19:32:18,Completed,Wallet
ORD-0000989,CUST-000374,P-PRD-105,1,4500.0,0.0,4500.0,2026-03-22 23:42:34,Shipped,UPI
ORD-0000990,CUST-000218,P-PRD-108,2,750.0,0.0,1500.0,2026-07-31 05:13:43,Pending,Cash on Delivery
ORD-0000991,CUST-000197,P-PRD-107,2,199.0,0.0,398.0,2026-06-25 12:28:28,Cancelled,Debit Card
ORD-0000992,CUST-000298,P-PRD-112,1,179.0,0.0,179.0,2026-08-15 01:04:24,Refunded,Credit Card
ORD-0000993,CUST-000002,P-PRD-104,10,299.0,0.0,2990.0,2026-07-11 10:20:34,Pending,Credit Card
ORD-0000994,CUST-000179,P-PRD-106,3,1200.0,0.1,3240.0,2026-03-26 03:49:02,Shipped,Debit Card
ORD-0000995,CUST-000283,P-PRD-107,1,199.0,0.1,179.1,2026-03-04 22:06:17,Completed,Cash on Delivery
ORD-0000996,CUST-000194,P-PRD-112,1,179.0,0.2,143.2,2026-05-24 19:03:24,Refunded,Credit Card
ORD-0000997,CUST-000038,P-PRD-108,3,750.0,0.15,1912.5,2026-02-25 22:26:08,Processing,Debit Card
ORD-0000998,CUST-000040,P-PRD-101,2,2499.0,0.1,4498.2,2026-03-28 23:43:46,Shipped,Cash on Delivery
ORD-0000999,CUST-000271,P-PRD-112,4,-179.0,0.0,-716.0,2026-05-16 09:15:08,Refunded,Cash on Delivery
ORD-0001000,CUST-000080,P-PRD-101,4,2499.0,0.0,9996.0,2026-04-04 11:24:43,Pending,Credit Card
ORD-0001001,CUST-000217,P-PRD-111,4,249.0,0.0,996.0,2026-04-26 13:54:57,Cancelled,UPI
ORD-0001002,CUST-000217,P-PRD-103,1,189.0,0.0,189.0,2026-05-25 21:38:37,Refunded,Debit Card
ORD-0001003,CUST-000029,P-PRD-104,1,299.0,0.1,269.1,2026-07-12 15:07:05,Completed,Cash on Delivery
ORD-0001004,CUST-000161,P-PRD-111,2,249.0,0.1,448.2,2026-04-01 19:04:41,Processing,Cash on Delivery
ORD-0001005,CUST-000139,P-PRD-102,1,899.0,0.0,899.0,2026-05-14 18:06:32,Pending,UPI
ORD-0001006,CUST-000055,P-PRD-102,1,899.0,0.0,899.0,2026-05-08 23:55:23,Cancelled,Debit Card
ORD-0001007,CUST-ORPHAN-912217,P-PRD-104,1,299.0,0.2,239.2,2026-07-12 18:43:17,Cancelled,Net Banking
ORD-0001008,CUST-000485,P-PRD-105,1,4500.0,0.0,4500.0,2026-05-02 07:35:00,Cancelled,Debit Card
ORD-0001009,CUST-000201,P-PRD-112,1,179.0,0.0,179.0,2026-08-09 20:37:59,Processing,Net Banking
ORD-0001010,CUST-000258,P-PRD-102,2,899.0,0.1,1618.2,2026-02-25 14:27:58,Shipped,Net Banking
ORD-0001011,CUST-000438,P-PRD-101,1,2499.0,0.0,2499.0,2026-06-16 19:57:18,Refunded,Credit Card
ORD-0001012,CUST-000119,P-PRD-104,3,299.0,0.05,852.15,2026-04-01 11:21:04,Cancelled,Cash on Delivery
ORD-0001013,CUST-000268,P-PRD-106,1,1200.0,0.0,1200.0,2026-05-04 06:12:23,UNKNOWN_ERROR_STATUS,Net Banking
ORD-0001014,CUST-000123,P-PRD-104,10,299.0,0.05,2840.5,2026-03-30 13:43:40,Refunded,Net Banking
ORD-0001015,CUST-000008,P-PRD-103,3,189.0,0.0,567.0,2026-03-13 11:15:09,Completed,Net Banking
ORD-0001016,CUST-000480,P-PRD-105,1,4500.0,0.0,4500.0,2026-05-23 05:57:12,Completed,Credit Card
ORD-0001017,CUST-000397,P-PRD-108,1,750.0,0.0,750.0,2026-04-25 09:10:55,Refunded,Debit Card
ORD-0001018,CUST-000500,P-PRD-110,1,3500.0,0.0,3500.0,2026-05-03 07:41:07,Shipped,Wallet
ORD-0001019,CUST-000067,P-PRD-108,1,750.0,0.1,675.0,2026-05-10 06:41:35,Completed,Cash on Delivery
ORD-0001020,CUST-000231,P-PRD-105,4,4500.0,0.2,14400.0,2026-03-01 15:41:01,Refunded,Credit Card
ORD-0001021,CUST-000126,P-PRD-112,3,179.0,0.0,537.0,2026-03-17 03:40:13,Shipped,Debit Card
ORD-0001022,CUST-000439,P-PRD-102,1,899.0,0.15,764.15,2026-08-08 20:29:31,Processing,Net Banking
ORD-0001023,CUST-000274,P-PRD-108,1,750.0,0.0,750.0,2026-03-18 07:32:24,Shipped,Debit Card
ORD-0001024,CUST-000034,P-PRD-106,1,1200.0,0.05,1140.0,2026-04-14 10:25:35,Completed,UPI
ORD-0001025,CUST-000280,P-PRD-103,4,189.0,0.0,756.0,2026-04-14 04:44:43,Cancelled,Credit Card
ORD-0001026,CUST-000398,P-PRD-107,1,199.0,0.1,179.1,2026-06-09 10:19:26,Pending,Credit Card
ORD-0001027,CUST-000012,P-PRD-111,1,249.0,0.0,249.0,2026-04-04 20:07:52,Pending,Credit Card
ORD-0001028,CUST-000042,P-PRD-105,4,4500.0,0.0,18000.0,2026-06-06 12:11:39,Pending,Cash on Delivery
ORD-0001029,CUST-000095,P-PRD-101,1,2499.0,0.15,2124.15,2026-05-17 03:53:51,Pending,Debit Card
ORD-0001030,CUST-000215,P-PRD-108,1,750.0,0.05,712.5,2026-04-01 08:59:26,Processing,Cash on Delivery
ORD-0001031,CUST-000423,P-PRD-101,2,2499.0,0.15,4248.3,2026-04-09 19:55:14,Refunded,Cash on Delivery
ORD-0001032,CUST-000075,P-PRD-106,2,1200.0,0.1,2160.0,2026-05-10 17:36:15,Pending,Net Banking
ORD-0001033,CUST-000256,P-PRD-106,0,1200.0,0.2,0.0,2026-06-03 02:39:22,Cancelled,Cash on Delivery
ORD-0001034,CUST-000484,P-PRD-103,2,189.0,0.05,359.1,2026-07-16 20:38:08,Completed,Debit Card
ORD-0001035,CUST-000097,P-PRD-107,2,199.0,0.1,358.2,2026-07-22 06:50:03,Pending,UPI
ORD-0001036,CUST-000098,P-PRD-111,2,249.0,0.0,498.0,2026-05-22 17:40:38,Processing,UPI
ORD-0001037,CUST-000446,P-PRD-102,2,899.0,0.05,1708.1,2026-06-15 08:09:46,Shipped,UPI
ORD-0001038,CUST-000278,P-PRD-107,2,199.0,0.1,358.2,2026-03-19 23:29:20,Shipped,Net Banking
ORD-0001039,CUST-000284,P-PRD-110,1,3500.0,0.0,3500.0,2026-05-02 09:00:59,Refunded,UPI
ORD-0001040,CUST-000482,P-PRD-102,10,899.0,0.1,8091.0,2026-03-16 20:21:05,Refunded,Credit Card
ORD-0001041,CUST-000211,P-PRD-102,1,899.0,0.1,809.1,2026-07-07 20:43:04,Refunded,Net Banking
ORD-0001042,CUST-000414,P-PRD-101,2,2499.0,0.1,4498.2,2026-04-14 01:12:09,Shipped,Wallet
ORD-0001043,CUST-000101,P-PRD-108,5,750.0,0.0,3750.0,2026-06-17 08:07:20,Refunded,Cash on Delivery
ORD-0001044,CUST-000203,P-PRD-101,4,2499.0,0.1,8996.4,2026-06-28 03:24:48,Processing,Cash on Delivery
ORD-0001045,CUST-000431,P-PRD-107,2,199.0,0.0,398.0,2026-06-04 18:16:38,Completed,Credit Card
ORD-0001046,CUST-000192,P-PRD-109,3,550.0,0.0,1650.0,2026-05-14 23:17:32,Cancelled,Net Banking
ORD-0001047,CUST-000201,P-PRD-104,2,299.0,0.0,598.0,2026-03-04 14:07:36,Shipped,Debit Card
ORD-0001048,CUST-000200,P-PRD-112,1,179.0,0.15,152.15,2026-06-30 22:51:23,Shipped,Debit Card
ORD-0001049,CUST-000412,P-PRD-103,2,189.0,0.05,359.1,2026-05-30 15:55:39,Processing,Wallet
ORD-0001050,CUST-000166,P-PRD-104,1,-299.0,0.0,-299.0,2026-02-21 15:59:06,Cancelled,Debit Card
ORD-0001051,CUST-000293,P-PRD-107,1,199.0,0.05,189.05,2026-06-15 16:11:16,Refunded,UPI
ORD-0001052,CUST-000335,P-PRD-104,1,299.0,0.0,299.0,2026-04-22 06:51:15,Processing,Cash on Delivery
ORD-0001053,CUST-000043,P-PRD-103,2,189.0,0.05,359.1,2026-07-16 20:51:11,Completed,Net Banking
ORD-0001054,CUST-000063,P-PRD-102,1,899.0,0.0,899.0,2026-04-05 20:27:56,Completed,Net Banking
ORD-0001055,CUST-000469,P-PRD-104,1,299.0,0.0,299.0,2026-02-24 08:09:06,Completed,Net Banking
ORD-0001056,CUST-000040,P-PRD-104,2,299.0,0.0,598.0,2026-05-10 16:09:16,Shipped,Debit Card
ORD-0001057,CUST-000006,P-PRD-103,2,189.0,0.05,359.1,2026-02-26 21:21:18,Processing,UPI
ORD-0001058,CUST-000315,P-PRD-110,-5,3500.0,0.0,-17500.0,2026-04-24 21:30:53,Pending,Wallet
ORD-0001059,CUST-000263,P-PRD-103,1,189.0,0.0,189.0,2026-04-14 18:09:42,Processing,Debit Card
ORD-0001060,CUST-000374,P-PRD-112,4,179.0,0.0,716.0,2026-06-22 00:20:30,Completed,UPI
ORD-0001061,CUST-000334,P-PRD-105,1,4500.0,0.1,4050.0,2026-06-10 11:45:10,Shipped,Debit Card
ORD-0001062,CUST-000102,P-PRD-111,3,249.0,0.05,709.65,2026-05-29 20:50:02,Cancelled,Wallet
ORD-0001063,CUST-000408,P-PRD-104,5,299.0,0.0,1495.0,2026-06-13 08:30:56,Cancelled,Cash on Delivery
ORD-0001064,CUST-000164,P-PRD-110,1,3500.0,0.0,3500.0,2026-04-11 13:44:12,Processing,UPI
ORD-0001065,CUST-000421,P-PRD-102,1,899.0,0.15,764.15,2026-06-29 02:18:05,Cancelled,Net Banking
ORD-0001066,CUST-000425,P-PRD-111,5,249.0,0.0,1245.0,2026-05-30 18:10:40,Completed,Debit Card
ORD-0001067,CUST-000220,P-PRD-103,1,189.0,0.0,189.0,2026-08-06 06:37:10,Processing,Debit Card
ORD-0001068,CUST-000063,P-PRD-101,1,2499.0,0.0,2499.0,2026-05-14 00:52:15,Shipped,Wallet
ORD-0001069,CUST-000462,P-PRD-104,2,299.0,0.0,598.0,2026-07-23 00:48:46,Cancelled,Debit Card
ORD-0001070,CUST-000143,P-PRD-112,2,179.0,0.15,304.3,2026-08-08 19:48:43,Cancelled,Cash on Delivery
ORD-0001071,CUST-000389,P-PRD-107,1,199.0,0.0,199.0,2026-99-99 25:99:99,Shipped,Net Banking
ORD-0001072,CUST-000216,P-PRD-102,1,899.0,0.0,899.0,2026-05-13 14:36:41,Shipped,Debit Card
ORD-0001073,CUST-000146,P-PRD-101,2,2499.0,0.1,4498.2,2026-02-20 09:54:01,Processing,Debit Card
ORD-0001074,CUST-000207,P-PRD-101,4,2499.0,0.15,8496.6,2026-03-01 05:22:18,Refunded,Credit Card
ORD-0001075,CUST-000049,P-PRD-107,2,199.0,0.0,398.0,2026-05-18 07:39:49,Completed,Wallet
ORD-0001076,CUST-000253,P-PRD-110,1,3500.0,0.0,3500.0,2026-06-15 11:02:58,Refunded,Credit Card
ORD-0001077,CUST-000482,P-PRD-110,1,3500.0,0.0,3500.0,2026-02-20 22:08:20,Completed,UPI
ORD-0001078,CUST-000372,P-PRD-107,1,199.0,0.0,199.0,2026-05-24 12:39:34,Completed,Cash on Delivery
ORD-0001079,CUST-000133,P-PRD-101,1,2499.0,0.15,2124.15,2026-03-10 02:41:23,Processing,Cash on Delivery
ORD-0001080,CUST-000417,P-PRD-107,1,199.0,0.0,199.0,2026-03-26 14:19:50,Shipped,Credit Card
ORD-0001081,CUST-000443,P-PRD-103,3,189.0,0.15,481.95,2026-06-04 16:16:36,Shipped,Cash on Delivery
ORD-0001082,CUST-000271,P-PRD-104,2,299.0,0.05,568.1,2026-05-01 04:48:29,Refunded,Net Banking
ORD-0001083,CUST-000136,P-PRD-105,2,4500.0,0.0,9000.0,2026-04-22 16:38:57,Refunded,Debit Card
ORD-0001084,CUST-000039,P-PRD-108,1,750.0,0.0,750.0,2026-04-15 10:07:57,Shipped,Debit Card
ORD-0001085,CUST-000175,P-PRD-104,3,299.0,0.1,807.3,2026-06-30 04:29:48,Processing,Cash on Delivery
ORD-0001086,CUST-000079,P-PRD-109,1,550.0,0.0,550.0,2026-05-23 07:07:34,Shipped,Wallet
ORD-0001087,CUST-000401,P-PRD-107,1,199.0,0.0,199.0,2026-04-02 04:16:14,Cancelled,Cash on Delivery
ORD-0001088,CUST-000237,P-PRD-102,2,899.0,0.0,1798.0,2026-06-15 23:53:50,Processing,Credit Card
ORD-0001089,CUST-000272,P-PRD-108,1,750.0,0.0,750.0,2026-07-08 20:08:54,Processing,Net Banking
ORD-0001090,CUST-000204,P-PRD-109,1,550.0,0.0,550.0,2026-06-11 03:00:44,UNKNOWN_ERROR_STATUS,Credit Card
ORD-0001091,CUST-000376,P-PRD-107,1,199.0,0.0,199.0,2026-04-05 14:42:59,Processing,Wallet
ORD-0001092,CUST-000266,P-PRD-107,1,199.0,0.0,199.0,2026-04-22 21:07:55,Pending,Credit Card
ORD-0001093,CUST-000019,P-PRD-110,1,3500.0,0.0,3500.0,2026-03-16 03:07:01,Pending,Wallet
ORD-0001094,CUST-000208,P-PRD-107,1,199.0,0.0,199.0,2026-08-15 02:51:18,Shipped,Debit Card
ORD-0001095,CUST-000105,P-PRD-106,2,1200.0,0.05,2280.0,2026-05-02 17:12:03,Completed,Debit Card
ORD-0001096,CUST-000359,P-PRD-110,1,3500.0,0.0,3500.0,2026-08-14 01:46:32,Pending,UPI
ORD-0001097,CUST-000086,P-PRD-103,1,189.0,0.0,189.0,2026-99-99 25:99:99,Shipped,UPI
ORD-0001098,CUST-000453,P-PRD-102,1,899.0,0.1,809.1,2026-02-21 14:42:53,Processing,Net Banking
ORD-0001099,CUST-000251,P-PRD-104,1,299.0,0.0,299.0,2026-02-23 13:44:28,Refunded,UPI
ORD-0001100,CUST-000269,P-PRD-109,1,550.0,0.0,550.0,2026-03-14 20:43:42,Processing,Cash on Delivery
ORD-0001101,CUST-000252,P-PRD-112,1,179.0,0.0,179.0,2026-08-07 10:48:01,Processing,UPI
ORD-0001102,CUST-000425,P-PRD-106,1,1200.0,0.0,1200.0,2026-07-01 14:46:41,Shipped,Credit Card
ORD-0001103,CUST-000266,P-PRD-112,2,179.0,0.0,358.0,2026-06-04 01:06:25,Refunded,Debit Card
ORD-0001104,CUST-000016,P-PRD-104,2,299.0,0.05,568.1,2026-06-09 06:10:25,Pending,Cash on Delivery
ORD-0001105,CUST-000473,P-PRD-107,2,199.0,0.2,318.4,2026-07-29 12:55:39,Shipped,Wallet
ORD-0001106,CUST-000468,P-PRD-111,1,249.0,0.0,249.0,2026-07-19 08:16:51,Processing,UPI
ORD-0001107,CUST-000297,P-PRD-109,2,550.0,0.1,990.0,2026-03-22 08:52:10,Shipped,Wallet
ORD-0001108,CUST-000407,P-PRD-106,1,1200.0,0.2,960.0,2026-06-25 22:26:40,Shipped,Cash on Delivery
ORD-0001109,CUST-000497,P-PRD-105,2,4500.0,0.05,8550.0,2026-05-07 10:48:45,Processing,Credit Card
ORD-0001110,CUST-000008,P-PRD-108,1,750.0,0.0,750.0,2026-07-19 21:34:54,Completed,Net Banking
ORD-0001111,CUST-000221,P-PRD-106,2,1200.0,0.0,2400.0,2026-04-23 22:06:07,Processing,UPI
ORD-0001112,CUST-000258,P-PRD-111,5,249.0,0.0,1245.0,2026-03-13 02:56:33,Pending,Cash on Delivery
ORD-0001113,CUST-000300,P-PRD-102,1,899.0,0.0,899.0,2026-05-20 02:08:37,Refunded,Cash on Delivery
ORD-0001114,CUST-000205,P-PRD-102,4,899.0,0.15,3056.6,2026-07-21 04:24:04,Pending,Wallet
ORD-0001115,CUST-000450,P-PRD-106,3,1200.0,0.0,3600.0,2026-04-11 02:11:26,Pending,Net Banking
ORD-0001116,CUST-000155,P-PRD-105,1,4500.0,0.0,4500.0,2026-07-29 09:52:40,Cancelled,Debit Card
ORD-0001117,CUST-000450,P-PRD-107,1,199.0,0.0,199.0,2026-08-15 04:29:35,Cancelled,Cash on Delivery
ORD-0001118,CUST-000240,P-PRD-106,1,1200.0,0.0,1200.0,2026-06-04 09:52:57,UNKNOWN_ERROR_STATUS,Wallet
ORD-0001119,CUST-000046,P-PRD-103,2,189.0,0.0,378.0,2026-04-22 14:13:00,Cancelled,UPI
ORD-0001120,CUST-000279,P-PRD-110,0,3500.0,0.0,0.0,2026-05-29 21:40:22,Shipped,Cash on Delivery
ORD-0001121,CUST-000431,P-PRD-101,1,2499.0,0.0,2499.0,2026-08-03 20:59:07,Processing,Wallet
ORD-0001122,CUST-000149,P-PRD-110,1,3500.0,0.0,3500.0,2026-03-05 21:30:33,Refunded,Wallet
ORD-0001123,CUST-000380,P-PRD-112,1,179.0,0.0,179.0,2026-03-27 13:33:04,Refunded,Net Banking
ORD-0001124,CUST-000460,P-PRD-111,2,249.0,0.0,498.0,2026-07-29 04:24:25,Refunded,Credit Card
ORD-0001125,CUST-000320,P-PRD-112,1,179.0,0.0,179.0,2026-03-30 15:04:16,Completed,Wallet
ORD-0001126,CUST-000105,P-PRD-102,1,899.0,0.1,809.1,2026-06-12 07:18:47,Completed,Credit Card
ORD-0001127,CUST-000248,P-PRD-103,3,189.0,0.1,510.3,2026-07-08 02:33:50,Cancelled,Cash on Delivery
ORD-0001128,CUST-000337,P-PRD-110,1,3500.0,0.0,3500.0,2026-02-23 23:48:59,Pending,Cash on Delivery
ORD-0001129,CUST-000088,P-PRD-109,2,550.0,0.0,1100.0,2026-06-20 10:34:51,Processing,UPI
ORD-0001130,CUST-000493,P-PRD-110,1,3500.0,0.05,3325.0,2026-05-30 07:08:06,Refunded,Credit Card
ORD-0001131,CUST-000418,P-PRD-107,1,199.0,0.0,199.0,2026-03-21 13:37:48,Shipped,Credit Card
ORD-0001132,CUST-000018,P-PRD-111,2,249.0,0.05,473.1,2026-06-11 18:38:23,Processing,Debit Card
ORD-0001133,CUST-000372,P-PRD-108,1,750.0,0.2,600.0,2026-05-21 11:18:55,Cancelled,Debit Card
ORD-0001134,CUST-000362,P-PRD-109,1,550.0,0.0,550.0,2026-08-04 22:36:00,Processing,Cash on Delivery
ORD-0001135,CUST-000174,P-PRD-108,2,750.0,0.1,1350.0,2026-05-01 17:03:39,Processing,Net Banking
ORD-0001136,CUST-000431,P-PRD-111,1,249.0,0.2,199.2,2026-07-24 17:04:48,Pending,Wallet
ORD-0001137,CUST-000260,P-PRD-111,2,249.0,0.0,498.0,2026-05-12 14:31:38,Cancelled,UPI
ORD-0001138,CUST-000426,P-PRD-107,1,199.0,0.0,199.0,2026-03-31 01:31:25,Completed,Cash on Delivery
ORD-0001139,CUST-000480,P-PRD-111,1,249.0,0.1,224.1,2026-04-19 20:55:35,Pending,Cash on Delivery
ORD-0001140,CUST-000388,P-PRD-107,4,199.0,0.0,796.0,2026-04-23 21:15:20,Completed,Cash on Delivery
ORD-0001141,CUST-000392,P-PRD-106,2,1200.0,0.1,2160.0,2026-04-04 04:46:50,Completed,Cash on Delivery
ORD-0001142,CUST-000069,P-PRD-111,2,249.0,0.0,498.0,2026-04-24 10:58:05,Shipped,Cash on Delivery
ORD-0001143,CUST-000104,P-PRD-112,1,179.0,0.1,161.1,2026-04-08 20:13:10,Cancelled,Credit Card
ORD-0001144,CUST-000343,P-PRD-102,1,899.0,0.1,809.1,2026-02-20 06:10:44,Shipped,Wallet
ORD-0001145,CUST-000037,P-PRD-106,1,1200.0,0.05,1140.0,2026-08-02 12:19:02,Shipped,Debit Card
ORD-0001146,CUST-000293,P-PRD-108,2,750.0,0.0,1500.0,2026-07-11 22:06:27,Completed,Net Banking
ORD-0001147,CUST-000193,P-PRD-102,2,899.0,0.0,1798.0,2026-07-01 03:56:45,Completed,Credit Card
ORD-0001148,CUST-000027,P-PRD-110,2,3500.0,0.0,7000.0,2026-05-04 02:14:25,Shipped,Cash on Delivery
ORD-0001149,CUST-000448,P-PRD-103,5,189.0,0.0,945.0,2026-07-16 01:52:36,Cancelled,Wallet
ORD-0001150,CUST-000205,P-PRD-110,1,3500.0,0.05,3325.0,2026-03-19 14:18:21,Shipped,UPI
ORD-0001151,CUST-000017,P-PRD-106,1,1200.0,0.0,1200.0,2026-03-05 22:09:32,Pending,Wallet
ORD-0001152,CUST-000169,P-PRD-111,4,249.0,0.0,996.0,2026-06-24 19:44:32,Cancelled,Wallet
ORD-0001153,CUST-000393,P-PRD-101,1,2499.0,0.0,2499.0,2026-06-05 14:51:56,Refunded,Wallet
ORD-0001154,CUST-000456,P-PRD-109,1,550.0,0.0,550.0,2026-02-28 20:52:35,Completed,Net Banking
ORD-0001155,CUST-000333,P-PRD-106,1,1200.0,0.0,1200.0,2026-04-17 17:52:06,Completed,Credit Card
ORD-0001156,CUST-000417,P-PRD-104,2,299.0,0.1,538.2,2026-08-11 17:44:47,Cancelled,Net Banking
ORD-0001157,CUST-000394,P-PRD-107,2,199.0,0.0,398.0,2026-06-08 13:05:45,Pending,Credit Card
ORD-0001158,CUST-000461,P-PRD-110,5,3500.0,0.0,17500.0,2026-04-09 05:34:50,Shipped,Credit Card
ORD-0001159,CUST-000048,P-PRD-110,1,3500.0,0.0,3500.0,2026-07-06 13:46:11,Completed,Credit Card
ORD-0001160,CUST-000128,P-PRD-101,1,2499.0,0.0,2499.0,2026-04-06 03:22:36,Completed,UPI
ORD-0001161,CUST-000336,P-PRD-104,10,299.0,0.0,2990.0,2026-05-31 10:31:00,Refunded,Credit Card
ORD-0001162,CUST-000040,P-PRD-105,4,4500.0,0.0,18000.0,2026-08-18 06:05:03,Pending,Net Banking
ORD-0001163,CUST-000484,P-PRD-106,3,1200.0,0.0,3600.0,2026-08-05 01:58:44,Cancelled,UPI
ORD-0001164,CUST-000278,P-PRD-109,1,550.0,0.0,550.0,2026-06-04 15:43:45,Shipped,UPI
ORD-0001165,CUST-000468,P-PRD-103,3,189.0,0.0,567.0,2026-05-08 13:13:14,Pending,Credit Card
ORD-0001166,CUST-000419,P-PRD-103,-3,189.0,0.0,-567.0,2026-06-11 16:45:00,Shipped,Credit Card
ORD-0001167,CUST-000143,P-PRD-110,1,3500.0,0.1,3150.0,2026-03-11 19:15:43,Processing,Wallet
ORD-0001168,CUST-000010,P-PRD-107,1,199.0,0.0,199.0,2026-04-12 06:53:55,Pending,Cash on Delivery
ORD-0001169,CUST-000027,P-PRD-111,1,249.0,0.0,249.0,2026-05-18 18:02:02,Cancelled,UPI
ORD-0001170,CUST-000466,P-PRD-105,3,4500.0,0.0,13500.0,2026-02-26 05:30:04,Refunded,Wallet
ORD-0001171,CUST-000219,P-PRD-112,4,179.0,0.1,644.4,2026-03-18 13:13:57,Shipped,Cash on Delivery
ORD-0001172,CUST-000148,P-PRD-109,1,550.0,0.0,550.0,2026-07-14 11:58:50,Processing,Debit Card
ORD-0001173,CUST-000240,P-PRD-112,10,179.0,0.0,1790.0,2026-02-22 03:18:27,Refunded,UPI
ORD-0001174,CUST-000128,P-PRD-109,1,550.0,0.0,550.0,2026-02-28 15:29:57,Processing,UPI
ORD-0001175,CUST-000129,P-PRD-111,3,249.0,0.05,709.65,2026-03-22 04:15:41,Cancelled,Cash on Delivery
ORD-0001176,CUST-000136,P-PRD-103,1,189.0,0.0,189.0,2026-02-21 10:04:13,Completed,UPI
ORD-0001177,CUST-000434,P-PRD-109,1,550.0,0.0,550.0,2026-03-11 03:09:10,Cancelled,Wallet
ORD-0001178,CUST-000033,P-PRD-108,1,750.0,0.1,675.0,2026-04-30 02:32:14,Shipped,Debit Card
ORD-0001179,CUST-000090,P-PRD-103,4,189.0,0.05,718.2,2026-04-18 21:15:16,Refunded,Credit Card
ORD-0001180,CUST-000260,P-PRD-108,2,750.0,0.0,1500.0,2026-04-17 19:18:06,Refunded,UPI
ORD-0001181,CUST-000009,P-PRD-111,3,249.0,0.1,672.3,2026-07-06 18:42:59,Cancelled,Debit Card
ORD-0001182,CUST-000040,P-PRD-109,1,550.0,0.0,550.0,2026-04-20 00:31:00,Processing,Wallet
ORD-0001183,CUST-000423,P-PRD-111,1,249.0,0.05,236.55,2026-05-01 22:17:49,Completed,UPI
ORD-0001184,CUST-ORPHAN-905847,P-PRD-106,5,1200.0,0.15,5100.0,2026-05-25 10:13:29,Processing,Wallet
ORD-0001185,CUST-000149,P-PRD-103,4,189.0,0.0,756.0,2026-07-24 00:47:15,Processing,Wallet
ORD-0001186,CUST-000381,P-PRD-109,3,550.0,0.05,1567.5,2026-04-15 06:52:51,Cancelled,Credit Card
ORD-0001187,CUST-000077,P-PRD-107,3,199.0,0.05,567.15,2026-03-10 01:15:52,Cancelled,Wallet
ORD-0001188,CUST-000323,P-PRD-109,2,550.0,0.0,1100.0,2026-03-22 12:18:10,Completed,Wallet
ORD-0001189,CUST-000269,P-PRD-109,1,550.0,0.0,550.0,2026-07-16 03:45:28,Pending,UPI
ORD-0001190,CUST-000395,P-PRD-106,1,1200.0,0.0,1200.0,2026-03-20 01:51:50,Shipped,Cash on Delivery
ORD-0001191,CUST-000210,P-PRD-106,1,1200.0,0.0,1200.0,2026-03-10 06:16:42,Refunded,Net Banking
ORD-0001192,CUST-000230,P-PRD-107,1,199.0,0.1,179.1,2026-03-23 12:39:42,Pending,Net Banking
ORD-0001193,CUST-000341,P-PRD-103,2,189.0,0.1,340.2,2026-05-17 04:30:52,Completed,Credit Card
ORD-0001194,CUST-000259,P-PRD-103,2,189.0,0.05,359.1,2026-04-09 23:38:17,Shipped,Credit Card
ORD-0001195,CUST-000215,P-PRD-105,3,4500.0,0.05,12825.0,2026-06-18 20:45:53,Pending,Credit Card
ORD-0001196,CUST-000013,P-PRD-112,1,179.0,0.0,179.0,2026-06-30 12:21:33,Shipped,Net Banking
ORD-0001197,CUST-000206,P-PRD-112,2,179.0,0.05,340.1,2026-03-21 05:21:02,Processing,Wallet
ORD-0001198,CUST-000056,P-PRD-112,1,179.0,0.05,170.05,2026-05-20 09:25:53,Shipped,Cash on Delivery
ORD-0001199,CUST-000429,P-PRD-107,1,199.0,0.0,199.0,2026-03-24 23:46:01,Refunded,Wallet
ORD-0001200,CUST-000481,P-PRD-109,1,550.0,0.15,467.5,2026-07-20 14:40:48,Processing,Cash on Delivery
ORD-0001201,CUST-000195,P-PRD-106,1,1200.0,0.0,1200.0,2026-07-19 03:15:24,Completed,Debit Card
ORD-0001202,CUST-000175,P-PRD-101,2,2499.0,0.15,4248.3,2026-07-17 11:35:30,Shipped,UPI
ORD-0001203,CUST-000164,P-PRD-103,5,189.0,0.0,945.0,2026-04-13 08:45:47,Cancelled,UPI
ORD-0001204,CUST-000316,P-PRD-106,1,1200.0,0.0,1200.0,2026-03-21 03:34:04,Processing,Net Banking
ORD-0001205,CUST-000455,P-PRD-103,1,189.0,0.15,160.65,2026-07-23 20:57:05,Pending,Cash on Delivery
ORD-0001206,CUST-000050,P-PRD-104,2,299.0,0.0,598.0,2026-04-02 18:05:00,Cancelled,Credit Card
ORD-0001207,CUST-000277,P-PRD-109,3,550.0,0.0,1650.0,2026-02-25 06:32:32,Pending,UPI
ORD-0001208,CUST-000293,P-PRD-107,2,199.0,0.0,398.0,2026-06-15 03:49:34,Completed,Cash on Delivery
ORD-0001209,CUST-000434,P-PRD-102,1,899.0,0.0,899.0,2026-04-26 20:15:01,Pending,UPI
ORD-0001210,CUST-000060,P-PRD-106,3,1200.0,0.05,3420.0,2026-04-15 19:47:41,Processing,Debit Card
ORD-0001211,CUST-000142,P-PRD-108,2,750.0,0.0,1500.0,2026-03-09 04:32:58,Completed,Net Banking
ORD-0001212,CUST-000362,P-PRD-109,1,550.0,0.1,495.0,2026-08-07 15:52:57,Completed,Cash on Delivery
ORD-0001213,CUST-000126,P-PRD-103,2,189.0,0.15,321.3,2026-04-16 00:12:43,Processing,Net Banking
ORD-0001214,CUST-000418,P-PRD-103,2,189.0,0.0,378.0,2026-04-10 16:11:56,Completed,Wallet
ORD-0001215,CUST-000385,P-PRD-104,1,299.0,0.0,299.0,2026-07-11 15:20:29,Pending,Cash on Delivery
ORD-0001216,CUST-000215,P-PRD-112,1,179.0,0.0,179.0,2026-07-18 01:38:00,Refunded,UPI
ORD-0001217,CUST-000337,P-PRD-103,4,189.0,0.1,680.4,2026-05-04 10:44:53,Shipped,Cash on Delivery
ORD-0001218,CUST-000183,P-PRD-109,1,550.0,0.0,550.0,2026-03-19 03:32:49,Shipped,Net Banking
ORD-0001219,CUST-000340,P-PRD-107,1,199.0,0.0,199.0,2026-05-10 21:13:17,Processing,Cash on Delivery
ORD-0001220,CUST-000066,P-PRD-108,3,750.0,0.1,2025.0,2026-99-99 25:99:99,Refunded,Debit Card
ORD-0001221,CUST-000260,P-PRD-104,4,299.0,0.1,1076.4,2026-03-06 13:33:32,Processing,UPI
ORD-0001222,CUST-000211,P-PRD-107,3,199.0,0.0,597.0,2026-04-25 19:04:36,Processing,Net Banking
ORD-0001223,CUST-000174,P-PRD-111,3,249.0,0.0,747.0,2026-06-03 01:08:43,Cancelled,Debit Card
ORD-0001224,CUST-000401,P-PRD-111,1,249.0,0.2,199.2,2026-07-25 05:05:28,Pending,Wallet
ORD-0001225,CUST-000488,P-PRD-112,1,179.0,0.0,179.0,2026-08-18 05:13:20,Processing,Wallet
ORD-0001226,CUST-000026,P-PRD-109,1,550.0,0.0,550.0,2026-03-31 12:35:31,Shipped,Cash on Delivery
ORD-0001227,CUST-000412,P-PRD-103,4,189.0,0.0,756.0,2026-04-15 13:13:12,Refunded,Debit Card
ORD-0001228,CUST-000019,P-PRD-101,3,2499.0,0.0,7497.0,2026-06-27 07:34:34,Shipped,Credit Card
ORD-0001229,CUST-000155,P-PRD-101,1,2499.0,0.1,2249.1,2026-04-22 18:19:03,Processing,Cash on Delivery
ORD-0001230,CUST-000403,P-PRD-107,2,199.0,0.0,398.0,2026-04-28 20:10:46,Completed,Credit Card
ORD-0001231,CUST-000361,P-PRD-112,1,179.0,0.0,179.0,2026-07-07 15:06:37,Pending,Credit Card
ORD-0001232,CUST-000407,P-PRD-107,1,199.0,0.05,189.05,2026-05-09 04:52:27,Shipped,Wallet
ORD-0001233,CUST-000155,P-PRD-105,1,4500.0,0.0,4500.0,2026-08-05 14:03:59,Shipped,Net Banking
ORD-0001234,CUST-000048,P-PRD-104,5,299.0,0.0,1495.0,2026-06-22 03:26:35,Refunded,Wallet
ORD-0001235,CUST-000196,P-PRD-101,10,2499.0,0.05,23740.5,2026-05-25 12:59:17,Refunded,Credit Card
ORD-0001236,CUST-000296,P-PRD-101,1,2499.0,0.0,2499.0,2026-05-24 10:26:51,Cancelled,Credit Card
ORD-0001237,CUST-000171,P-PRD-103,3,189.0,0.2,453.6,2026-03-15 13:30:32,Pending,Debit Card
ORD-0001238,CUST-000251,P-PRD-110,1,3500.0,0.0,3500.0,2026-07-26 10:19:40,Cancelled,Cash on Delivery
ORD-0001239,CUST-000391,P-PRD-104,1,299.0,0.0,299.0,2026-06-04 04:25:39,Refunded,UPI
ORD-0001240,CUST-000019,P-PRD-106,2,1200.0,0.0,2400.0,2026-02-20 02:51:02,Refunded,Debit Card
ORD-0001241,CUST-000408,P-PRD-108,2,750.0,0.0,1500.0,2026-08-04 01:40:14,Processing,Net Banking
ORD-0001242,CUST-000264,P-PRD-109,3,550.0,0.2,1320.0,2026-03-10 20:54:44,Shipped,Cash on Delivery
ORD-0001243,CUST-000066,P-PRD-101,1,2499.0,0.05,2374.05,2026-04-02 00:16:25,UNKNOWN_ERROR_STATUS,Credit Card
ORD-0001244,CUST-000254,P-PRD-103,2,-189.0,0.0,-378.0,2026-03-26 13:00:23,Shipped,Net Banking
ORD-0001245,CUST-000223,P-PRD-105,2,4500.0,0.15,7650.0,2026-04-29 12:06:38,Processing,Wallet
ORD-0001246,CUST-000289,P-PRD-111,1,249.0,0.0,249.0,2026-08-13 00:31:55,Cancelled,Cash on Delivery
ORD-0001247,CUST-000310,P-PRD-105,1,4500.0,0.0,4500.0,2026-05-13 22:00:55,Pending,Wallet
ORD-0001248,CUST-000243,P-PRD-101,1,2499.0,0.0,2499.0,2026-06-18 19:31:44,Completed,UPI
ORD-0001249,CUST-000103,P-PRD-112,1,179.0,0.0,179.0,2026-03-14 19:18:45,Cancelled,Net Banking
ORD-0001250,CUST-000035,P-PRD-106,2,1200.0,0.15,2040.0,2026-05-18 15:58:56,Completed,Debit Card
ORD-0001251,CUST-000422,P-PRD-107,2,199.0,0.0,398.0,2026-07-28 07:46:13,Processing,Wallet
ORD-0001252,CUST-000338,P-PRD-104,1,299.0,0.0,299.0,2026-04-15 03:16:54,Pending,UPI
ORD-0001253,CUST-000065,P-PRD-109,2,550.0,0.1,990.0,2026-05-14 14:02:48,Cancelled,Wallet
ORD-0001254,CUST-000415,P-PRD-112,4,179.0,0.05,680.2,2026-06-20 00:42:30,Pending,Credit Card
ORD-0001255,CUST-000111,P-PRD-102,4,899.0,0.05,3416.2,2026-03-26 23:05:19,Shipped,Credit Card
ORD-0001256,CUST-000460,P-PRD-101,1,2499.0,0.1,2249.1,2026-06-07 10:15:41,Processing,UPI
ORD-0001257,CUST-000061,P-PRD-104,2,299.0,0.0,598.0,2026-05-28 10:21:46,Processing,UPI
ORD-0001258,CUST-000163,P-PRD-109,1,550.0,0.05,522.5,2026-04-13 23:08:09,Refunded,UPI
ORD-0001259,CUST-000432,P-PRD-107,2,199.0,0.0,398.0,2026-04-23 21:27:56,Cancelled,Net Banking
ORD-0001260,CUST-000092,P-PRD-101,3,2499.0,0.1,6747.3,2026-08-09 05:41:05,Refunded,Net Banking
ORD-0001261,CUST-000287,P-PRD-104,1,299.0,0.0,299.0,2026-02-21 00:13:04,Shipped,UPI
ORD-0001262,CUST-000003,P-PRD-110,1,3500.0,0.0,3500.0,2026-05-24 02:19:36,Cancelled,Credit Card
ORD-0001263,CUST-000018,P-PRD-111,1,249.0,0.0,249.0,2026-03-02 02:18:02,Processing,Cash on Delivery
ORD-0001264,CUST-000293,P-PRD-101,3,2499.0,0.15,6372.45,2026-07-24 16:06:24,Shipped,Net Banking
ORD-0001265,CUST-000385,P-PRD-111,3,249.0,0.1,672.3,2026-02-28 06:32:31,Completed,Wallet
ORD-0001266,CUST-000079,P-PRD-112,2,179.0,0.15,304.3,2026-03-23 20:06:11,Shipped,Credit Card
ORD-0001267,CUST-000327,P-PRD-112,1,179.0,0.0,179.0,2026-07-08 03:11:25,Pending,Cash on Delivery
ORD-0001268,CUST-000009,P-PRD-106,3,1200.0,0.1,3240.0,2026-05-10 23:14:55,Cancelled,Cash on Delivery
ORD-0001269,CUST-000265,P-PRD-101,4,2499.0,0.0,9996.0,2026-08-07 19:19:34,Completed,Debit Card
ORD-0001270,CUST-000257,P-PRD-103,2,189.0,0.0,378.0,2026-06-11 18:42:29,Processing,Wallet
ORD-0001271,CUST-000259,P-PRD-107,1,199.0,0.05,189.05,2026-02-19 04:25:00,Processing,Wallet
ORD-0001272,CUST-000175,P-PRD-108,2,750.0,0.05,1425.0,2026-07-13 09:56:43,Completed,Credit Card
ORD-0001273,CUST-000094,P-PRD-112,1,179.0,0.0,179.0,2026-07-28 17:49:11,Pending,Credit Card
ORD-0001274,CUST-000192,P-PRD-108,1,750.0,0.05,712.5,2026-04-23 04:17:37,Refunded,Cash on Delivery
ORD-0001275,CUST-000444,P-PRD-104,2,299.0,0.05,568.1,2026-05-08 19:01:46,Shipped,Cash on Delivery
ORD-0001276,CUST-000143,P-PRD-103,2,189.0,0.0,378.0,2026-04-08 03:01:12,Pending,Debit Card
ORD-0001277,CUST-000133,P-PRD-112,1,179.0,0.0,179.0,2026-05-20 14:09:26,Processing,UPI
ORD-0001278,CUST-000268,P-PRD-108,3,750.0,0.05,2137.5,2026-04-02 18:25:30,Cancelled,Net Banking
ORD-0001279,CUST-000292,P-PRD-104,10,299.0,0.0,2990.0,2026-08-03 03:35:55,Pending,UPI
ORD-0001280,CUST-000258,P-PRD-109,3,550.0,0.1,1485.0,2026-03-14 11:46:31,Pending,UPI
ORD-0001281,CUST-000134,P-PRD-101,4,2499.0,0.0,9996.0,2026-07-29 23:52:31,Shipped,Debit Card
ORD-0001282,CUST-000166,P-PRD-106,2,1200.0,0.05,2280.0,2026-02-27 04:49:29,Refunded,Credit Card
ORD-0001283,CUST-000447,P-PRD-101,1,2499.0,0.0,2499.0,2026-05-16 16:40:35,Completed,Debit Card
ORD-0001284,CUST-000157,P-PRD-103,1,189.0,0.0,189.0,2026-02-24 09:04:17,Cancelled,Net Banking
ORD-0001285,CUST-000356,P-PRD-107,2,199.0,0.0,398.0,2026-04-22 02:17:01,Refunded,UPI
ORD-0001286,CUST-000248,P-PRD-111,1,249.0,0.0,249.0,2026-04-19 11:32:44,Completed,Net Banking
ORD-0001287,CUST-000138,P-PRD-110,1,3500.0,0.0,3500.0,2026-06-29 23:08:44,Processing,Wallet
ORD-0001288,CUST-000484,P-PRD-109,1,550.0,0.2,440.0,2026-03-25 21:49:01,Refunded,UPI
ORD-0001289,CUST-000028,P-PRD-102,1,899.0,0.1,809.1,2026-05-18 09:47:20,Shipped,Debit Card
ORD-0001290,CUST-000338,P-PRD-103,1,189.0,0.0,189.0,2026-05-07 20:00:50,Pending,Debit Card
ORD-0001291,CUST-000224,P-PRD-102,2,899.0,0.0,1798.0,2026-07-11 06:42:50,Completed,Net Banking
ORD-0001292,CUST-000052,P-PRD-108,2,750.0,0.0,1500.0,2026-04-14 10:17:02,Refunded,Net Banking
ORD-0001293,CUST-000362,P-PRD-104,3,299.0,0.0,897.0,2026-03-23 04:40:43,Pending,Net Banking
ORD-0001294,CUST-000461,P-PRD-105,3,4500.0,0.05,12825.0,2026-06-07 14:49:17,Shipped,Wallet
ORD-0001295,CUST-000251,P-PRD-111,2,249.0,0.0,498.0,2026-04-16 15:14:36,Pending,Debit Card
ORD-0001296,CUST-000175,P-PRD-109,3,550.0,0.05,1567.5,2026-05-30 19:54:03,Refunded,Debit Card
ORD-0001297,CUST-000097,P-PRD-101,1,2499.0,0.0,2499.0,2026-05-16 07:04:16,Refunded,Debit Card
ORD-0001298,CUST-000146,P-PRD-105,1,4500.0,0.1,4050.0,2026-02-27 02:35:28,Shipped,Debit Card
ORD-0001299,CUST-000350,P-PRD-109,3,550.0,0.0,1650.0,2026-03-12 05:41:44,Refunded,Cash on Delivery
ORD-0001300,CUST-000443,P-PRD-107,3,199.0,0.0,597.0,2026-05-10 21:46:30,Cancelled,Wallet
ORD-0001301,CUST-000233,P-PRD-101,1,2499.0,0.2,1999.2,2026-06-01 08:28:08,Completed,UPI
ORD-0001302,CUST-000381,P-PRD-111,1,249.0,0.1,224.1,2026-06-14 11:22:02,Processing,Net Banking
ORD-0001303,CUST-000434,P-PRD-109,5,550.0,0.0,2750.0,2026-04-05 08:31:39,Cancelled,Net Banking
ORD-0001304,CUST-000041,P-PRD-103,1,189.0,0.15,160.65,2026-07-20 02:28:31,Pending,Wallet
ORD-0001305,CUST-000374,P-PRD-108,1,750.0,0.0,750.0,2026-02-28 21:30:47,Shipped,Net Banking
ORD-0001306,CUST-000457,P-PRD-110,2,3500.0,0.0,7000.0,2026-05-16 03:52:12,Completed,Wallet
ORD-0001307,CUST-000151,P-PRD-106,1,1200.0,0.0,1200.0,2026-05-06 16:14:35,Completed,Wallet
ORD-0001308,CUST-000376,P-PRD-101,2,2499.0,0.0,4998.0,2026-04-03 20:08:52,Cancelled,Credit Card
ORD-0001309,CUST-000075,P-PRD-111,1,249.0,0.15,211.65,2026-05-18 09:45:51,Refunded,Wallet
ORD-0001310,CUST-000424,P-PRD-112,3,-179.0,0.0,-537.0,2026-02-28 19:52:27,Processing,UPI
ORD-0001311,CUST-000196,P-PRD-109,5,550.0,0.0,2750.0,2026-99-99 25:99:99,Shipped,Net Banking
ORD-0001312,CUST-000371,P-PRD-111,2,249.0,0.0,498.0,2026-06-08 21:19:36,Pending,Wallet
ORD-0001313,CUST-000156,P-PRD-110,2,3500.0,0.1,6300.0,2026-04-21 18:51:56,Processing,Wallet
ORD-0001314,CUST-000391,P-PRD-107,1,199.0,0.05,189.05,2026-04-07 03:10:03,UNKNOWN_ERROR_STATUS,Cash on Delivery
ORD-0001315,CUST-000467,P-PRD-103,2,189.0,0.0,378.0,2026-06-03 00:37:45,Completed,Net Banking
ORD-0001316,CUST-000141,P-PRD-105,1,4500.0,0.1,4050.0,2026-07-31 04:40:17,Completed,Debit Card
ORD-0001317,CUST-000364,P-PRD-106,1,1200.0,0.05,1140.0,2026-07-24 09:51:33,Cancelled,Net Banking
ORD-0001318,CUST-000169,P-PRD-109,1,550.0,0.15,467.5,2026-02-22 05:34:27,Processing,UPI
ORD-0001319,CUST-000228,P-PRD-103,1,189.0,0.05,179.55,2026-04-13 12:27:57,Refunded,Debit Card
ORD-0001320,CUST-000131,P-PRD-107,1,199.0,0.1,179.1,2026-03-11 16:04:32,Shipped,Wallet
ORD-0001321,CUST-000043,P-PRD-104,2,299.0,0.0,598.0,2026-05-07 03:42:45,Processing,Net Banking
ORD-0001322,CUST-000016,P-PRD-103,2,189.0,0.0,378.0,2026-05-20 13:39:17,Shipped,Net Banking
ORD-0001323,CUST-000012,P-PRD-105,2,4500.0,0.0,9000.0,2026-04-20 06:45:05,Cancelled,Debit Card
ORD-0001324,CUST-000487,P-PRD-102,1,899.0,0.0,899.0,2026-03-19 13:52:04,Processing,Debit Card
ORD-0001325,CUST-000394,P-PRD-112,5,179.0,0.0,895.0,2026-05-20 01:00:57,Shipped,Wallet
ORD-0001326,CUST-000396,P-PRD-106,2,1200.0,0.05,2280.0,2026-08-13 16:08:20,Refunded,UPI
ORD-0001327,CUST-000273,P-PRD-107,1,199.0,0.0,199.0,2026-06-17 03:30:39,Shipped,Debit Card
ORD-0001328,CUST-000091,P-PRD-107,1,199.0,0.0,199.0,2026-05-15 09:58:56,Refunded,Debit Card
ORD-0000284,CUST-000051,P-PRD-107,2,199.0,0.0,398.0,2026-06-06 08:01:34,Pending,Cash on Delivery
ORD-0001330,CUST-000313,P-PRD-110,2,3500.0,0.0,7000.0,2026-07-15 07:58:14,Completed,UPI
ORD-0001331,CUST-000086,P-PRD-110,2,3500.0,0.05,6650.0,2026-05-23 17:54:53,Refunded,Wallet
ORD-0001332,CUST-000335,P-PRD-107,2,199.0,0.1,358.2,2026-04-01 09:45:16,Processing,Cash on Delivery
ORD-0001333,CUST-000090,P-PRD-108,4,750.0,0.15,2550.0,2026-05-11 21:55:02,Processing,Credit Card
ORD-0001334,CUST-000106,P-PRD-110,1,3500.0,0.0,3500.0,2026-07-23 09:14:26,Pending,Debit Card
ORD-0001335,CUST-000257,P-PRD-111,1,249.0,0.05,236.55,2026-05-13 22:53:11,Pending,Net Banking
ORD-0001336,CUST-000036,P-PRD-101,2,2499.0,0.05,4748.1,2026-06-03 12:00:42,Shipped,Net Banking
ORD-0001337,CUST-000214,P-PRD-105,0,4500.0,0.0,0.0,2026-07-24 16:38:51,Cancelled,Cash on Delivery
ORD-0001338,CUST-000425,P-PRD-112,1,179.0,0.1,161.1,2026-03-01 06:19:04,Shipped,Cash on Delivery
ORD-0001339,CUST-000323,P-PRD-111,1,249.0,0.1,224.1,2026-03-16 22:24:10,Processing,Wallet
ORD-0001340,CUST-000058,P-PRD-112,1,179.0,0.0,179.0,2026-05-15 22:15:21,Pending,Net Banking
ORD-0001341,CUST-000050,P-PRD-106,2,1200.0,0.0,2400.0,2026-06-24 01:59:53,Processing,UPI
ORD-0001342,CUST-000228,P-PRD-106,3,1200.0,0.05,3420.0,2026-07-14 03:06:39,Cancelled,Credit Card
ORD-0001343,CUST-000076,P-PRD-109,1,550.0,0.0,550.0,2026-05-24 13:36:20,Processing,Cash on Delivery
ORD-0001344,CUST-000485,P-PRD-112,1,179.0,0.05,170.05,2026-06-20 09:06:09,Refunded,UPI
ORD-0001195,CUST-000414,P-PRD-112,1,179.0,0.05,170.05,2026-05-28 02:27:21,Refunded,Debit Card
ORD-0001346,CUST-000156,P-PRD-103,2,189.0,0.0,378.0,2026-06-29 11:54:16,Shipped,Net Banking
ORD-0001347,CUST-000088,P-PRD-106,2,1200.0,0.0,2400.0,2026-06-27 04:31:51,Cancelled,UPI
ORD-0001348,CUST-000476,P-PRD-108,2,-750.0,0.15,-1500.0,2026-06-21 23:28:24,Shipped,Net Banking
ORD-0001349,CUST-000176,P-PRD-104,1,299.0,0.0,299.0,2026-05-01 15:14:51,Refunded,Credit Card
ORD-0001350,CUST-000183,P-PRD-108,1,750.0,0.15,637.5,2026-02-22 12:10:13,Pending,Cash on Delivery
ORD-0001351,CUST-000341,P-PRD-101,1,2499.0,0.0,2499.0,2026-05-14 11:33:44,Completed,UPI
ORD-0001352,CUST-000274,P-PRD-112,2,179.0,0.0,358.0,2026-03-05 09:20:57,Cancelled,Wallet
ORD-0001353,CUST-000132,P-PRD-112,1,179.0,0.15,152.15,2026-04-22 01:24:04,Refunded,Cash on Delivery
ORD-0001354,CUST-000021,P-PRD-110,1,3500.0,0.0,3500.0,2026-04-07 19:24:21,Pending,Wallet
ORD-0001355,CUST-000107,P-PRD-104,1,299.0,0.1,269.1,2026-06-21 09:59:28,Completed,Wallet
ORD-0001356,CUST-000027,P-PRD-106,3,1200.0,0.0,3600.0,2026-06-20 21:19:33,Shipped,Credit Card
ORD-0001357,CUST-000052,P-PRD-109,2,550.0,0.0,1100.0,2026-05-06 13:48:59,Completed,Wallet
ORD-0001358,CUST-000465,P-PRD-102,2,899.0,0.0,1798.0,2026-08-02 00:10:48,Cancelled,Cash on Delivery
ORD-0001359,CUST-000234,P-PRD-101,1,2499.0,0.0,2499.0,2026-04-29 11:01:22,Refunded,Debit Card
ORD-0001360,CUST-000248,P-PRD-109,1,550.0,0.05,522.5,2026-04-27 12:27:51,Pending,UPI
ORD-0001361,CUST-000288,P-PRD-109,1,550.0,0.0,550.0,2026-04-06 10:50:24,Completed,UPI
ORD-0001362,CUST-000261,P-PRD-108,1,750.0,0.0,750.0,2026-06-09 04:10:45,Completed,Net Banking
ORD-0001363,CUST-000352,P-PRD-109,3,550.0,0.0,1650.0,2026-03-18 01:31:38,Pending,UPI
ORD-0001364,CUST-000164,P-PRD-109,1,550.0,0.05,522.5,2026-07-25 00:44:39,Cancelled,Cash on Delivery
ORD-0001365,CUST-000081,P-PRD-104,3,299.0,0.1,807.3,2026-03-31 15:18:06,Refunded,Debit Card
ORD-0001366,CUST-000265,P-PRD-108,2,750.0,0.1,1350.0,2026-04-28 01:24:55,Processing,Net Banking
ORD-0001367,CUST-000429,P-PRD-105,1,4500.0,0.0,4500.0,2026-05-20 04:34:09,Shipped,UPI
ORD-0001368,CUST-000202,P-PRD-107,1,199.0,0.15,169.15,2026-03-05 07:58:16,Processing,Cash on Delivery
ORD-0001369,CUST-000234,P-PRD-105,1,4500.0,0.05,4275.0,2026-04-13 02:24:21,UNKNOWN_ERROR_STATUS,UPI
ORD-0001370,CUST-000406,P-PRD-107,1,199.0,0.0,199.0,2026-04-11 00:54:53,Cancelled,Wallet
ORD-0001371,CUST-000141,P-PRD-102,1,899.0,0.0,899.0,2026-06-21 14:40:33,Shipped,Credit Card
ORD-0001372,CUST-000200,P-PRD-112,5,179.0,0.05,850.25,2026-04-23 03:17:14,Cancelled,Wallet
ORD-0001373,CUST-000052,P-PRD-101,2,2499.0,0.0,4998.0,2026-05-24 09:02:21,Processing,Credit Card
ORD-0001374,CUST-000452,P-PRD-112,1,179.0,0.2,143.2,2026-06-03 22:36:49,Pending,Wallet
ORD-0001375,CUST-000103,P-PRD-109,1,550.0,0.0,550.0,2026-07-15 12:59:18,Refunded,UPI
ORD-0001376,CUST-000420,P-PRD-105,2,4500.0,0.0,9000.0,2026-03-08 04:31:07,Processing,Net Banking
ORD-0001377,CUST-000110,P-PRD-103,1,189.0,0.0,189.0,2026-05-22 05:12:44,Pending,Cash on Delivery
ORD-0001378,CUST-000133,P-PRD-105,2,4500.0,0.15,7650.0,2026-03-25 21:25:38,Refunded,Net Banking
ORD-0001379,CUST-000414,P-PRD-108,3,750.0,0.1,2025.0,2026-03-06 11:44:19,Processing,Credit Card
ORD-0001380,CUST-000017,P-PRD-109,4,550.0,0.0,2200.0,2026-07-06 11:00:04,Processing,Wallet
ORD-0001381,CUST-000035,P-PRD-112,1,179.0,0.0,179.0,2026-07-10 21:10:39,Cancelled,Debit Card
ORD-0001382,CUST-000435,P-PRD-102,2,899.0,0.0,1798.0,2026-08-04 00:02:16,Completed,Cash on Delivery
ORD-0001383,CUST-000142,P-PRD-108,1,750.0,0.15,637.5,2026-03-29 16:46:10,Processing,Credit Card
ORD-0001384,CUST-000295,P-PRD-106,1,1200.0,0.1,1080.0,2026-06-08 17:52:11,Shipped,Wallet
ORD-0001385,CUST-000320,P-PRD-107,1,199.0,0.0,199.0,2026-06-07 22:34:01,Processing,Debit Card
ORD-0001386,CUST-000395,P-PRD-106,2,1200.0,0.05,2280.0,2026-04-11 14:00:08,Processing,Cash on Delivery
ORD-0001387,CUST-000079,P-PRD-104,3,299.0,0.0,897.0,2026-04-05 20:45:40,Completed,Wallet
ORD-0001388,CUST-000434,P-PRD-101,3,2499.0,0.0,7497.0,2026-03-08 05:00:36,Processing,Debit Card
ORD-0001389,CUST-000104,P-PRD-105,1,4500.0,0.2,3600.0,2026-04-19 00:59:49,Processing,Credit Card
ORD-0001390,CUST-000462,P-PRD-108,1,750.0,0.15,637.5,2026-02-25 09:15:05,Refunded,Cash on Delivery
ORD-0001391,CUST-000026,P-PRD-108,1,750.0,0.0,750.0,2026-05-27 14:34:36,Completed,Credit Card
ORD-0001392,CUST-000260,P-PRD-110,2,3500.0,0.0,7000.0,2026-04-12 21:28:11,Shipped,Cash on Delivery
ORD-0001393,CUST-000385,P-PRD-106,1,1200.0,0.0,1200.0,2026-03-14 11:32:37,Processing,Net Banking
ORD-0001394,CUST-000058,P-PRD-108,1,750.0,0.0,750.0,2026-06-06 07:39:45,Completed,UPI
ORD-0001395,CUST-000159,P-PRD-102,1,899.0,0.1,809.1,2026-05-06 01:26:18,Refunded,Credit Card
ORD-0001396,CUST-000416,P-PRD-107,4,199.0,0.0,796.0,2026-04-30 16:39:26,Processing,Credit Card
ORD-0001397,CUST-000128,P-PRD-103,2,189.0,0.0,378.0,2026-03-29 22:11:34,Refunded,Net Banking
ORD-0001398,CUST-000032,P-PRD-110,3,3500.0,0.1,9450.0,2026-08-07 03:45:31,Processing,Wallet
ORD-0001399,CUST-000081,P-PRD-107,1,199.0,0.15,169.15,2026-03-28 23:42:00,Processing,Credit Card
ORD-0001400,CUST-000016,P-PRD-108,-3,750.0,0.0,-2250.0,2026-05-25 02:44:33,Cancelled,UPI
ORD-0001401,CUST-000015,P-PRD-108,1,750.0,0.15,637.5,2026-06-02 18:46:50,Cancelled,Net Banking
ORD-0001402,CUST-000371,P-PRD-109,1,550.0,0.0,550.0,2026-05-19 01:11:45,Completed,Net Banking
ORD-0001403,CUST-000058,P-PRD-108,1,750.0,0.0,750.0,2026-07-06 09:07:22,Pending,Wallet
ORD-0001404,CUST-000001,P-PRD-105,1,4500.0,0.15,3825.0,2026-04-24 21:45:19,Processing,Cash on Delivery
ORD-0001405,CUST-000491,P-PRD-110,2,3500.0,0.0,7000.0,2026-06-25 13:53:09,Pending,Debit Card
ORD-0001406,CUST-000067,P-PRD-103,1,189.0,0.0,189.0,2026-03-15 07:47:27,Processing,Wallet
ORD-0001407,CUST-000116,P-PRD-105,1,4500.0,0.05,4275.0,2026-05-14 09:54:50,Refunded,Wallet
ORD-0001408,CUST-000296,P-PRD-105,3,4500.0,0.0,13500.0,2026-06-07 06:43:57,Refunded,Debit Card
ORD-0001409,CUST-000480,P-PRD-101,-2,2499.0,0.1,-4998.0,2026-07-29 18:50:09,Pending,Debit Card
ORD-0001410,CUST-000083,P-PRD-107,1,199.0,0.0,199.0,2026-06-22 05:36:31,Pending,Cash on Delivery
ORD-0001411,CUST-000500,P-PRD-110,1,3500.0,0.2,2800.0,2026-06-15 15:42:32,Processing,Wallet
ORD-0001412,CUST-000383,P-PRD-105,2,4500.0,0.0,9000.0,2026-05-16 05:22:00,Pending,UPI
ORD-0001413,CUST-000448,P-PRD-108,3,750.0,0.0,2250.0,2026-03-15 05:33:11,Cancelled,UPI
ORD-0001414,CUST-000188,P-PRD-107,2,199.0,0.2,318.4,2026-03-22 20:31:53,Pending,Net Banking
ORD-0001415,CUST-000062,P-PRD-109,2,550.0,0.0,1100.0,2026-05-18 04:15:59,Shipped,Net Banking
ORD-0001416,CUST-000483,P-PRD-102,5,899.0,0.2,3596.0,2026-04-06 07:33:44,Cancelled,Debit Card
ORD-0001417,CUST-000349,P-PRD-104,3,299.0,0.0,897.0,2026-05-20 12:13:24,Cancelled,Debit Card
ORD-0001418,CUST-000272,P-PRD-109,1,550.0,0.0,550.0,2026-07-07 01:28:38,Refunded,Wallet
ORD-0001419,CUST-000082,P-PRD-102,2,899.0,0.05,1708.1,2026-07-27 01:19:32,Refunded,Debit Card
ORD-0001420,CUST-000491,P-PRD-110,1,3500.0,0.0,3500.0,2026-03-03 07:40:59,Processing,Net Banking
ORD-0001421,CUST-000500,P-PRD-107,4,199.0,0.0,796.0,2026-03-25 04:00:36,Completed,Credit Card
ORD-0001422,CUST-000285,P-PRD-111,1,249.0,0.15,211.65,2026-07-25 14:42:50,Completed,Credit Card
ORD-0001423,CUST-000072,P-PRD-103,1,189.0,0.0,189.0,2026-04-22 07:19:56,Pending,Cash on Delivery
ORD-0001424,CUST-000303,P-PRD-104,1,299.0,0.0,299.0,2026-04-17 03:08:40,Pending,Net Banking
ORD-0001425,CUST-000380,P-PRD-110,4,3500.0,0.0,14000.0,2026-06-11 22:16:21,Refunded,UPI
ORD-0001426,CUST-000006,P-PRD-111,1,249.0,0.0,249.0,2026-03-17 15:58:20,Cancelled,Net Banking
ORD-0001427,CUST-000225,P-PRD-105,3,4500.0,0.0,13500.0,2026-07-25 09:37:50,Pending,Credit Card
ORD-0001428,CUST-000388,P-PRD-112,1,179.0,0.0,179.0,2026-03-01 06:58:40,Processing,Credit Card
ORD-0001429,CUST-000219,P-PRD-110,1,3500.0,0.05,3325.0,2026-06-23 03:41:11,Pending,Wallet
ORD-0001430,CUST-000376,P-PRD-110,5,3500.0,0.1,15750.0,2026-04-21 11:05:35,Refunded,Net Banking
ORD-0001431,CUST-000327,P-PRD-102,3,899.0,0.0,2697.0,2026-04-30 02:15:02,Refunded,Wallet
ORD-0001432,CUST-000342,P-PRD-105,5,4500.0,0.0,22500.0,2026-03-16 10:45:57,Pending,Wallet
ORD-0001433,CUST-000303,P-PRD-107,2,199.0,0.0,398.0,2026-06-23 13:30:04,Cancelled,Wallet
ORD-0001434,CUST-000266,P-PRD-111,1,249.0,0.05,236.55,2026-07-20 16:29:13,Completed,Wallet
ORD-0001435,CUST-000497,P-PRD-104,1,299.0,0.05,284.05,2026-07-23 08:26:46,Shipped,Cash on Delivery
ORD-0001436,CUST-000178,P-PRD-111,3,249.0,0.1,672.3,2026-07-15 12:07:15,Completed,Net Banking
ORD-0001437,CUST-ORPHAN-912950,P-PRD-112,3,179.0,0.05,510.15,2026-02-25 00:57:12,Cancelled,Debit Card
ORD-0001438,CUST-000150,P-PRD-107,3,199.0,0.05,567.15,2026-04-24 06:08:36,Refunded,UPI
ORD-0001439,CUST-000497,P-PRD-104,1,299.0,0.1,269.1,2026-05-13 09:46:13,Refunded,Cash on Delivery
ORD-0001440,CUST-000408,P-PRD-103,1,189.0,0.1,170.1,2026-07-09 16:41:28,Processing,Cash on Delivery
ORD-0001441,CUST-000179,P-PRD-103,3,189.0,0.1,510.3,2026-05-15 05:53:47,Cancelled,Wallet
ORD-0001442,CUST-000430,P-PRD-104,1,299.0,0.0,299.0,2026-03-14 16:22:10,Shipped,UPI
ORD-0001443,CUST-000328,P-PRD-103,3,189.0,0.0,567.0,2026-06-23 05:51:09,Processing,Net Banking
ORD-0001444,CUST-000388,P-PRD-103,5,189.0,0.0,945.0,2026-03-18 23:59:52,Cancelled,UPI
ORD-0001445,CUST-000359,P-PRD-111,2,249.0,0.1,448.2,2026-07-05 23:33:54,Shipped,Wallet
ORD-0001446,CUST-000102,P-PRD-102,1,899.0,0.0,899.0,2026-08-07 07:49:12,Processing,Debit Card
ORD-0001447,CUST-000273,P-PRD-106,1,1200.0,0.15,1020.0,2026-03-17 03:47:19,Cancelled,Wallet
ORD-0001424,CUST-000166,P-PRD-104,1,299.0,0.0,299.0,2026-07-08 22:43:53,Refunded,UPI
ORD-0001449,CUST-000113,P-PRD-104,4,299.0,0.0,1196.0,2026-04-14 22:22:50,Completed,UPI
ORD-0001450,CUST-000011,P-PRD-110,1,3500.0,0.0,3500.0,2026-07-11 13:09:26,Cancelled,Debit Card
ORD-0001451,CUST-000436,P-PRD-109,2,550.0,0.05,1045.0,2026-05-29 02:36:30,Refunded,UPI
ORD-0001452,CUST-000135,P-PRD-107,1,199.0,0.15,169.15,2026-04-20 04:44:39,Cancelled,UPI
ORD-0001453,CUST-000355,P-PRD-103,1,189.0,0.1,170.1,2026-08-17 02:04:37,Cancelled,Wallet
ORD-0001454,CUST-000471,P-PRD-109,2,550.0,0.0,1100.0,2026-03-17 15:04:55,Pending,Cash on Delivery
ORD-0001455,CUST-000360,P-PRD-111,5,249.0,0.1,1120.5,2026-04-17 10:01:42,Processing,Wallet
ORD-0001456,CUST-000236,P-PRD-110,1,3500.0,0.0,3500.0,2026-03-06 23:19:34,Completed,Wallet
ORD-0001457,CUST-000333,P-PRD-101,4,2499.0,0.0,9996.0,2026-08-17 22:28:18,Completed,Cash on Delivery
ORD-0001458,CUST-000490,P-PRD-112,1,179.0,0.0,179.0,2026-02-26 14:51:02,Shipped,Net Banking
ORD-0001459,CUST-000484,P-PRD-103,5,189.0,0.0,945.0,2026-06-14 04:22:05,Cancelled,Cash on Delivery
ORD-0001460,CUST-000170,P-PRD-104,2,299.0,0.15,508.3,2026-06-02 22:20:20,Cancelled,Cash on Delivery
ORD-0001461,CUST-000443,P-PRD-101,5,2499.0,0.0,12495.0,2026-05-21 14:28:33,Completed,Credit Card
ORD-0001462,CUST-000272,P-PRD-107,0,199.0,0.05,0.0,2026-04-23 14:59:19,Pending,Debit Card
ORD-0001463,CUST-000375,P-PRD-102,1,899.0,0.0,899.0,2026-06-02 13:59:11,Refunded,Cash on Delivery
ORD-0001464,CUST-000209,P-PRD-107,2,199.0,0.0,398.0,2026-05-16 23:45:00,Completed,UPI
ORD-0001465,CUST-000363,P-PRD-107,4,199.0,0.0,796.0,2026-04-07 02:34:20,Shipped,Debit Card
ORD-0001466,CUST-000332,P-PRD-111,1,249.0,0.0,249.0,2026-03-15 12:09:40,Processing,Credit Card
ORD-0001467,CUST-000032,P-PRD-109,1,550.0,0.0,550.0,2026-04-02 17:09:02,UNKNOWN_ERROR_STATUS,Credit Card
ORD-0001468,CUST-000157,P-PRD-101,3,2499.0,0.0,7497.0,2026-05-24 19:36:50,Pending,Debit Card
ORD-0001469,CUST-000256,P-PRD-103,2,189.0,0.2,302.4,2026-03-14 22:43:09,Cancelled,UPI
ORD-0001470,CUST-000458,P-PRD-108,-5,750.0,0.15,-3750.0,2026-04-05 11:33:32,Pending,Net Banking
ORD-0001471,CUST-000456,P-PRD-102,3,899.0,0.0,2697.0,2026-05-03 21:00:42,Processing,Cash on Delivery
ORD-0001472,CUST-000266,P-PRD-103,4,189.0,0.0,756.0,2026-07-22 22:44:25,Cancelled,UPI
ORD-0001473,CUST-000477,P-PRD-111,2,249.0,0.0,498.0,2026-06-12 21:19:30,Refunded,Wallet
ORD-0001474,CUST-000127,P-PRD-106,1,1200.0,0.2,960.0,2026-06-23 23:56:42,Shipped,Credit Card
ORD-0001475,CUST-000471,P-PRD-108,3,750.0,0.15,1912.5,2026-07-19 20:41:03,Cancelled,Credit Card
ORD-0001476,CUST-000165,P-PRD-109,2,550.0,0.05,1045.0,2026-07-02 07:26:22,Cancelled,Cash on Delivery
ORD-0001477,CUST-000165,P-PRD-103,1,189.0,0.0,189.0,2026-07-29 08:36:34,Shipped,Net Banking
ORD-0001478,CUST-000252,P-PRD-101,1,2499.0,0.0,2499.0,2026-06-22 15:17:05,Shipped,UPI
ORD-0001479,CUST-000404,P-PRD-105,3,4500.0,0.05,12825.0,2026-07-03 18:36:12,Pending,Credit Card
ORD-0001480,CUST-000301,P-PRD-112,4,179.0,0.0,716.0,2026-08-02 04:30:27,Refunded,Credit Card
ORD-0001481,CUST-000025,P-PRD-105,1,4500.0,0.0,4500.0,2026-07-05 18:59:48,Refunded,Net Banking
ORD-0001482,CUST-000269,P-PRD-103,2,189.0,0.05,359.1,2026-03-02 00:53:50,Completed,Net Banking
ORD-0001483,CUST-000458,P-PRD-104,2,299.0,0.0,598.0,2026-04-12 11:07:12,Pending,Wallet
ORD-0001484,CUST-000008,P-PRD-101,4,2499.0,0.0,9996.0,2026-08-13 21:19:23,Processing,Credit Card
ORD-0001485,CUST-000338,P-PRD-106,5,1200.0,0.2,4800.0,2026-04-18 06:37:26,Shipped,Credit Card
ORD-0001486,CUST-000307,P-PRD-104,2,299.0,0.0,598.0,2026-06-07 13:51:37,Refunded,Cash on Delivery
ORD-0001487,CUST-000483,P-PRD-111,2,249.0,0.0,498.0,2026-08-13 17:27:36,Shipped,Net Banking
ORD-0001488,CUST-000433,P-PRD-104,3,299.0,0.0,897.0,2026-07-21 17:28:03,Refunded,Cash on Delivery
ORD-0001489,CUST-000357,P-PRD-108,1,750.0,0.05,712.5,2026-03-09 16:18:07,Completed,Credit Card
ORD-0001490,CUST-000407,P-PRD-108,1,750.0,0.0,750.0,2026-04-02 02:25:35,Refunded,Cash on Delivery
ORD-0001491,CUST-000204,P-PRD-105,2,4500.0,0.0,9000.0,2026-07-14 02:36:31,Completed,Credit Card
ORD-0001492,CUST-000455,P-PRD-104,5,299.0,0.0,1495.0,2026-06-26 00:23:53,Pending,Wallet
ORD-0001493,CUST-000241,P-PRD-108,1,750.0,0.0,750.0,2026-05-28 23:48:15,Completed,Cash on Delivery
ORD-0001494,CUST-000124,P-PRD-107,2,199.0,0.0,398.0,2026-03-27 09:10:52,Cancelled,Credit Card
ORD-0001495,CUST-000258,P-PRD-104,3,299.0,0.05,852.15,2026-03-02 13:47:49,Completed,Debit Card
ORD-0001496,CUST-000488,P-PRD-105,4,4500.0,0.0,18000.0,2026-04-11 16:32:24,Completed,Net Banking
ORD-0001497,CUST-000486,P-PRD-105,2,4500.0,0.0,9000.0,2026-07-29 00:09:48,Processing,Cash on Delivery
ORD-0001498,CUST-000013,P-PRD-108,1,750.0,0.0,750.0,2026-07-04 03:33:59,Cancelled,Debit Card
ORD-0001499,CUST-000495,P-PRD-106,1,1200.0,0.05,1140.0,2026-06-03 11:56:57,Cancelled,Credit Card
ORD-0001500,CUST-000087,P-PRD-112,-5,179.0,0.0,-895.0,2026-03-26 20:52:00,Refunded,Debit Card
ORD-0001501,CUST-000030,P-PRD-107,3,199.0,0.0,597.0,2026-04-17 15:57:46,Completed,Wallet
ORD-0001502,CUST-000011,P-PRD-111,3,249.0,0.0,747.0,2026-07-15 16:33:49,Shipped,UPI
ORD-0001503,CUST-000199,P-PRD-108,4,750.0,0.0,3000.0,2026-06-24 15:23:31,Processing,UPI
ORD-0001504,CUST-000326,P-PRD-108,1,750.0,0.15,637.5,2026-06-15 12:37:10,Processing,Debit Card
ORD-0001505,CUST-000327,P-PRD-112,1,179.0,0.2,143.2,2026-99-99 25:99:99,Processing,Cash on Delivery
ORD-0001506,CUST-000074,P-PRD-101,1,2499.0,0.05,2374.05,2026-07-07 01:21:07,Shipped,Debit Card
ORD-0001507,CUST-000181,P-PRD-104,4,299.0,0.0,1196.0,2026-06-05 09:51:25,Refunded,Net Banking
ORD-0001508,CUST-000199,P-PRD-108,1,750.0,0.0,750.0,2026-05-31 21:56:03,Refunded,Wallet
ORD-0001509,CUST-000112,P-PRD-112,1,179.0,0.0,179.0,2026-08-06 15:37:13,Processing,Net Banking
ORD-0001510,CUST-000393,P-PRD-107,1,199.0,0.0,199.0,2026-05-29 22:14:00,Shipped,Credit Card
ORD-0001511,CUST-000232,P-PRD-105,4,4500.0,0.2,14400.0,2026-07-28 08:05:33,Completed,Debit Card
ORD-0001512,CUST-000283,P-PRD-103,2,189.0,0.15,321.3,2026-06-08 23:39:10,Shipped,Credit Card
ORD-0001513,CUST-000198,P-PRD-110,2,3500.0,0.0,7000.0,2026-08-12 13:35:57,Pending,Cash on Delivery
ORD-0001514,CUST-000402,P-PRD-104,1,299.0,0.0,299.0,2026-04-21 21:50:28,Shipped,UPI
ORD-0001515,CUST-000392,P-PRD-110,-3,3500.0,0.05,-10500.0,2026-02-27 20:37:18,Completed,Credit Card
ORD-0001516,CUST-000438,P-PRD-102,1,899.0,0.15,764.15,2026-04-10 22:34:15,Pending,UPI
ORD-0001517,CUST-000186,P-PRD-110,4,3500.0,0.0,14000.0,2026-06-13 10:23:06,Processing,Cash on Delivery
ORD-0001518,CUST-000156,P-PRD-102,3,899.0,0.0,2697.0,2026-03-28 23:01:54,Shipped,Credit Card
ORD-0001519,CUST-000317,P-PRD-107,1,199.0,0.0,199.0,2026-06-19 03:19:37,Refunded,Debit Card
ORD-0001520,CUST-000340,P-PRD-103,4,189.0,0.0,756.0,2026-02-28 22:01:29,Shipped,Net Banking
ORD-0001521,CUST-000088,P-PRD-101,2,2499.0,0.2,3998.4,2026-05-22 09:08:30,Cancelled,Wallet
ORD-0001522,CUST-000459,P-PRD-101,5,2499.0,0.15,10620.75,2026-07-14 05:36:22,Processing,Credit Card
ORD-0001523,CUST-000036,P-PRD-103,1,189.0,0.0,189.0,2026-05-29 22:31:49,Completed,Cash on Delivery
ORD-0001524,CUST-000325,P-PRD-106,1,1200.0,0.1,1080.0,2026-03-12 06:00:08,UNKNOWN_ERROR_STATUS,Net Banking
ORD-0001525,CUST-000087,P-PRD-106,3,1200.0,0.0,3600.0,2026-05-01 12:02:10,Completed,Net Banking
ORD-0001526,CUST-000086,P-PRD-101,0,2499.0,0.05,0.0,2026-04-27 09:25:58,Shipped,UPI
ORD-0001527,CUST-000338,P-PRD-102,1,899.0,0.0,899.0,2026-07-27 17:28:35,UNKNOWN_ERROR_STATUS,Wallet
ORD-0001528,CUST-000103,P-PRD-108,1,750.0,0.0,750.0,2026-08-10 02:55:42,Refunded,Net Banking
ORD-0001529,CUST-000413,P-PRD-109,3,550.0,0.1,1485.0,2026-06-03 05:32:39,Pending,UPI
ORD-0001530,CUST-000283,P-PRD-104,1,299.0,0.0,299.0,2026-06-13 20:10:30,Refunded,UPI
ORD-0001531,CUST-000460,P-PRD-102,1,899.0,0.0,899.0,2026-03-18 01:56:01,Completed,Debit Card
ORD-0001532,CUST-000079,P-PRD-110,3,3500.0,0.1,9450.0,2026-03-09 17:26:20,Refunded,Credit Card
ORD-0001533,CUST-000175,P-PRD-110,1,3500.0,0.0,3500.0,2026-06-16 16:03:42,Processing,Cash on Delivery
ORD-0001534,CUST-000063,P-PRD-101,2,2499.0,0.0,4998.0,2026-03-10 23:50:39,Completed,Cash on Delivery
ORD-0001535,CUST-000002,P-PRD-107,3,199.0,0.0,597.0,2026-03-02 19:58:44,Shipped,UPI
ORD-0001536,CUST-000099,P-PRD-108,3,750.0,0.05,2137.5,2026-06-25 15:07:54,Refunded,Debit Card
ORD-0001537,CUST-000376,P-PRD-111,2,249.0,0.1,448.2,2026-06-11 23:49:14,Cancelled,Credit Card
ORD-0001538,CUST-000102,P-PRD-105,1,4500.0,0.0,4500.0,2026-04-07 21:36:10,Refunded,Credit Card
ORD-0001539,CUST-000436,P-PRD-106,3,1200.0,0.0,3600.0,2026-05-31 16:13:05,Cancelled,UPI
ORD-0001540,CUST-000260,P-PRD-111,1,249.0,0.0,249.0,2026-05-18 01:51:14,Cancelled,Credit Card
ORD-0001541,CUST-000498,P-PRD-111,1,249.0,0.1,224.1,2026-03-06 19:19:52,Completed,Net Banking
ORD-0001542,CUST-000377,P-PRD-101,2,2499.0,0.1,4498.2,2026-03-11 09:19:25,Completed,Cash on Delivery
ORD-0001543,CUST-000164,P-PRD-110,3,3500.0,0.15,8925.0,2026-08-16 15:08:00,Refunded,Credit Card
ORD-0001544,CUST-000374,P-PRD-106,1,1200.0,0.05,1140.0,2026-06-21 06:34:30,Shipped,UPI
ORD-0001545,CUST-000161,P-PRD-109,10,550.0,0.0,5500.0,2026-07-18 23:17:50,Completed,Cash on Delivery
ORD-0001546,CUST-000239,P-PRD-108,1,750.0,0.1,675.0,2026-06-02 09:58:04,Shipped,Net Banking
ORD-0001547,CUST-000379,P-PRD-107,1,199.0,0.0,199.0,2026-03-26 04:37:09,Shipped,Cash on Delivery
ORD-0001548,CUST-000188,P-PRD-101,1,2499.0,0.1,2249.1,2026-04-03 22:35:12,Cancelled,Debit Card
ORD-0001549,CUST-000009,P-PRD-107,1,199.0,0.0,199.0,2026-04-09 17:52:37,Shipped,Net Banking
ORD-0001550,CUST-000426,P-PRD-109,1,550.0,0.0,550.0,2026-07-24 11:15:38,Shipped,Net Banking
ORD-0001551,CUST-000082,P-PRD-108,5,750.0,0.0,3750.0,2026-03-17 19:31:25,Processing,Cash on Delivery
ORD-0001552,CUST-000149,P-PRD-103,1,189.0,0.15,160.65,2026-04-15 08:14:47,Shipped,Credit Card
ORD-0001553,CUST-000324,P-PRD-103,1,189.0,0.0,189.0,2026-07-27 08:42:25,Cancelled,Credit Card
ORD-0001554,CUST-000272,P-PRD-105,1,4500.0,0.0,4500.0,2026-08-13 21:45:10,Processing,Wallet
ORD-0001555,CUST-000033,P-PRD-101,1,2499.0,0.0,2499.0,2026-04-13 04:57:51,Refunded,Debit Card
ORD-0001556,CUST-000464,P-PRD-106,2,1200.0,0.15,2040.0,2026-06-20 03:18:05,Cancelled,UPI
ORD-0001557,CUST-000170,P-PRD-112,1,179.0,0.0,179.0,2026-05-12 16:07:22,Cancelled,Debit Card
ORD-0001558,CUST-000313,P-PRD-104,3,299.0,0.0,897.0,2026-07-13 10:11:27,Completed,UPI
ORD-0001559,CUST-000049,P-PRD-107,3,199.0,0.05,567.15,2026-03-11 12:21:23,Shipped,Net Banking
ORD-0001560,CUST-000458,P-PRD-112,1,179.0,0.0,179.0,2026-04-09 03:08:39,Refunded,Debit Card
ORD-0001561,CUST-000400,P-PRD-101,1,2499.0,0.0,2499.0,2026-02-19 05:00:04,Processing,Wallet
ORD-0001562,CUST-000075,P-PRD-105,5,4500.0,0.0,22500.0,2026-05-10 15:06:24,Cancelled,Debit Card
ORD-0001563,CUST-000331,P-PRD-104,5,299.0,0.0,1495.0,2026-03-21 03:51:03,Refunded,Credit Card
ORD-0001564,CUST-000100,P-PRD-109,3,550.0,0.0,1650.0,2026-05-26 08:29:18,Refunded,Credit Card
ORD-0001565,CUST-000105,P-PRD-103,1,189.0,0.0,189.0,2026-08-02 08:25:52,Completed,UPI
ORD-0001566,CUST-000467,P-PRD-103,1,189.0,0.0,189.0,2026-03-31 14:42:32,Shipped,UPI
ORD-0001567,CUST-000141,P-PRD-108,1,750.0,0.05,712.5,2026-06-15 03:27:20,Pending,Wallet
ORD-0001568,CUST-000491,P-PRD-101,1,2499.0,0.1,2249.1,2026-07-10 10:27:30,Processing,Debit Card
ORD-0001569,CUST-000370,P-PRD-107,2,199.0,0.05,378.1,2026-08-03 04:52:48,Shipped,Debit Card
ORD-0001570,CUST-000430,P-PRD-101,2,2499.0,0.0,4998.0,2026-07-13 18:31:17,Cancelled,Credit Card
ORD-0001571,CUST-000367,P-PRD-103,1,189.0,0.15,160.65,2026-03-25 22:36:22,Completed,Wallet
ORD-0001572,CUST-000367,P-PRD-104,1,299.0,0.0,299.0,2026-05-21 05:23:59,Completed,Net Banking
ORD-0001573,CUST-000036,P-PRD-108,1,750.0,0.0,750.0,2026-06-05 16:27:20,Shipped,Cash on Delivery
ORD-0001574,CUST-000423,P-PRD-102,3,899.0,0.0,2697.0,2026-03-20 02:34:53,Pending,Debit Card
ORD-0000313,CUST-000350,P-PRD-109,1,550.0,0.05,522.5,2026-08-16 01:17:55,Shipped,Credit Card
ORD-0001576,CUST-000490,P-PRD-103,2,189.0,0.0,378.0,2026-07-31 07:29:55,Completed,Wallet
ORD-0001577,CUST-000253,P-PRD-101,2,2499.0,0.05,4748.1,2026-07-08 19:33:43,Completed,Debit Card
ORD-0001578,CUST-000107,P-PRD-104,2,299.0,0.0,598.0,2026-08-16 20:01:23,Cancelled,UPI
ORD-0001579,CUST-000426,P-PRD-103,1,189.0,0.0,189.0,2026-02-20 15:56:27,Refunded,Wallet
ORD-0001580,CUST-000285,P-PRD-106,2,1200.0,0.0,2400.0,2026-04-11 15:12:37,Processing,UPI
ORD-0001581,CUST-000461,P-PRD-105,1,4500.0,0.05,4275.0,2026-06-13 18:08:13,Shipped,Wallet
ORD-0001582,CUST-000344,P-PRD-109,3,550.0,0.0,1650.0,2026-03-18 18:36:16,Shipped,Credit Card
ORD-0001583,CUST-000449,P-PRD-104,1,299.0,0.0,299.0,2026-05-06 00:53:30,Cancelled,UPI
ORD-0001584,CUST-000028,P-PRD-111,2,249.0,0.0,498.0,2026-04-24 00:58:53,Cancelled,Credit Card
ORD-0001585,CUST-000111,P-PRD-103,3,189.0,0.0,567.0,2026-05-29 05:00:23,Shipped,Net Banking
ORD-0001586,CUST-000085,P-PRD-108,1,750.0,0.0,750.0,2026-08-08 02:08:09,Completed,Wallet
ORD-0001587,CUST-000001,P-PRD-101,2,2499.0,0.1,4498.2,2026-04-29 17:05:17,Processing,Net Banking
ORD-0001588,CUST-000291,P-PRD-103,1,189.0,0.0,189.0,2026-08-03 00:02:02,Shipped,Cash on Delivery
ORD-0001589,CUST-000039,P-PRD-105,1,4500.0,0.0,4500.0,2026-02-26 21:27:34,Processing,Debit Card
ORD-0001590,CUST-000478,P-PRD-104,1,-299.0,0.05,-299.0,2026-08-11 18:11:36,Shipped,Debit Card
ORD-0001591,CUST-000373,P-PRD-104,0,299.0,0.15,0.0,2026-08-15 13:23:01,Processing,UPI
ORD-0001592,CUST-000033,P-PRD-112,2,179.0,0.0,358.0,2026-05-31 06:49:45,Completed,Credit Card
ORD-0001593,CUST-000427,P-PRD-108,1,750.0,0.2,600.0,2026-07-15 18:41:27,Refunded,Credit Card
ORD-0001594,CUST-000450,P-PRD-105,2,4500.0,0.05,8550.0,2026-04-11 02:49:09,Completed,Cash on Delivery
ORD-0001595,CUST-000448,P-PRD-104,1,299.0,0.0,299.0,2026-02-19 16:45:36,Completed,Wallet
ORD-0001596,CUST-000223,P-PRD-109,5,550.0,0.0,2750.0,2026-04-18 18:48:34,Processing,UPI
ORD-0001597,CUST-000189,P-PRD-108,3,750.0,0.0,2250.0,2026-05-25 17:04:00,Processing,Cash on Delivery
ORD-0001598,CUST-000075,P-PRD-106,2,1200.0,0.0,2400.0,2026-04-04 14:12:45,Shipped,UPI
ORD-0001599,CUST-000178,P-PRD-105,1,4500.0,0.05,4275.0,2026-06-25 12:49:52,Shipped,UPI
ORD-0001600,CUST-000045,P-PRD-110,1,3500.0,0.0,3500.0,2026-05-21 16:35:18,Shipped,Net Banking
ORD-0001601,CUST-000443,P-PRD-111,1,249.0,0.0,249.0,2026-06-28 15:50:44,Pending,Wallet
ORD-0001602,CUST-000324,P-PRD-112,1,179.0,0.1,161.1,2026-03-26 00:34:52,Refunded,Net Banking
ORD-0001603,CUST-000215,P-PRD-102,10,899.0,0.0,8990.0,2026-07-01 20:52:03,Cancelled,Credit Card
ORD-0001604,CUST-000282,P-PRD-111,4,249.0,0.05,946.2,2026-08-13 05:16:51,Shipped,Credit Card
ORD-0001605,CUST-000430,P-PRD-106,2,1200.0,0.0,2400.0,2026-08-06 07:23:21,Pending,Wallet
ORD-0001606,CUST-000209,P-PRD-112,3,179.0,0.0,537.0,2026-08-01 16:31:53,Shipped,Debit Card
ORD-0001607,CUST-000460,P-PRD-104,2,299.0,0.15,508.3,2026-06-27 21:00:45,Shipped,Debit Card
ORD-0001608,CUST-000356,P-PRD-105,1,4500.0,0.0,4500.0,2026-04-13 12:49:12,Refunded,Credit Card
ORD-0001609,CUST-000098,P-PRD-101,1,2499.0,0.0,2499.0,2026-04-12 23:50:57,Refunded,Credit Card
ORD-0001610,CUST-000232,P-PRD-102,1,899.0,0.0,899.0,2026-06-01 17:28:21,Refunded,Wallet
ORD-0001611,CUST-000199,P-PRD-106,1,1200.0,0.0,1200.0,2026-07-19 10:30:26,Refunded,Wallet
ORD-0001612,CUST-000348,P-PRD-108,5,750.0,0.0,3750.0,2026-05-18 18:13:04,Processing,Cash on Delivery
ORD-0001613,CUST-000410,P-PRD-107,3,199.0,0.1,537.3,2026-06-07 14:27:51,Cancelled,UPI
ORD-0001614,CUST-000351,P-PRD-108,10,750.0,0.0,7500.0,2026-06-22 20:14:56,Shipped,UPI
ORD-0001615,CUST-000043,P-PRD-104,2,299.0,0.05,568.1,2026-03-15 09:38:32,Shipped,Cash on Delivery
ORD-0001616,CUST-000310,P-PRD-108,1,750.0,0.0,750.0,2026-08-18 09:30:55,Pending,Wallet
ORD-0001617,CUST-000006,P-PRD-111,1,249.0,0.1,224.1,2026-02-26 11:31:17,Shipped,Credit Card
ORD-0001618,CUST-000238,P-PRD-105,2,4500.0,0.0,9000.0,2026-07-06 16:53:18,Refunded,Credit Card
ORD-0001619,CUST-000061,P-PRD-112,2,179.0,0.0,358.0,2026-06-14 03:46:11,Pending,Credit Card
ORD-0001620,CUST-000170,P-PRD-107,1,199.0,0.0,199.0,2026-03-10 00:20:15,Shipped,Net Banking
ORD-0001621,CUST-000199,P-PRD-112,3,179.0,0.15,456.45,2026-05-25 18:41:06,Processing,Debit Card
ORD-0001622,CUST-000445,P-PRD-111,2,249.0,0.0,498.0,2026-06-11 21:18:52,Completed,Debit Card
ORD-0001623,CUST-000381,P-PRD-110,2,3500.0,0.0,7000.0,2026-05-23 08:44:33,Completed,Cash on Delivery
ORD-0001624,CUST-000356,P-PRD-106,2,1200.0,0.0,2400.0,2026-06-19 18:18:31,Processing,Net Banking
ORD-0001625,CUST-000217,P-PRD-102,1,899.0,0.0,899.0,2026-08-08 06:06:32,Shipped,Net Banking
ORD-0001626,CUST-000125,P-PRD-103,1,189.0,0.0,189.0,2026-07-14 23:53:19,Refunded,Debit Card
ORD-0001627,CUST-000280,P-PRD-106,2,1200.0,0.0,2400.0,2026-08-05 23:50:31,Cancelled,Net Banking
ORD-0001628,CUST-000021,P-PRD-104,1,299.0,0.0,299.0,2026-08-17 07:18:47,Completed,UPI
ORD-0001629,CUST-000405,P-PRD-101,1,2499.0,0.05,2374.05,2026-07-18 12:24:12,Completed,UPI
ORD-0001630,CUST-000071,P-PRD-106,4,1200.0,0.1,4320.0,2026-04-13 23:57:24,Refunded,Net Banking
ORD-0001631,CUST-000110,P-PRD-102,1,899.0,0.0,899.0,2026-07-29 12:47:58,Completed,Debit Card
ORD-0001632,CUST-000441,P-PRD-109,1,550.0,0.1,495.0,2026-06-21 11:46:46,Completed,Wallet
ORD-0001633,CUST-000321,P-PRD-107,3,199.0,0.0,597.0,2026-04-17 02:38:38,Shipped,Credit Card
ORD-0001634,CUST-000022,P-PRD-106,3,1200.0,0.0,3600.0,2026-08-09 06:41:35,Shipped,Net Banking
ORD-0001635,CUST-000445,P-PRD-104,2,299.0,0.0,598.0,2026-07-26 11:38:23,Shipped,Cash on Delivery
ORD-0001636,CUST-000326,P-PRD-103,1,-189.0,0.0,-189.0,2026-06-25 19:49:13,Shipped,Wallet
ORD-0001637,CUST-000288,P-PRD-102,2,899.0,0.1,1618.2,2026-08-01 18:32:32,Processing,UPI
ORD-0001638,CUST-000238,P-PRD-111,3,249.0,0.15,634.95,2026-05-07 12:34:37,Cancelled,UPI
ORD-0001639,CUST-000439,P-PRD-108,2,750.0,0.0,1500.0,2026-08-14 14:33:10,Refunded,Wallet
ORD-0001640,CUST-000310,P-PRD-110,2,3500.0,0.0,7000.0,2026-06-19 05:21:37,Completed,Cash on Delivery
ORD-0001641,CUST-000176,P-PRD-109,2,550.0,0.05,1045.0,2026-04-24 15:59:36,Processing,UPI
ORD-0001642,CUST-000305,P-PRD-109,1,550.0,0.15,467.5,2026-05-12 01:48:16,Cancelled,Debit Card
ORD-0001643,CUST-000157,P-PRD-104,3,299.0,0.0,897.0,2026-06-04 03:13:42,Processing,Wallet
ORD-0001644,CUST-000338,P-PRD-104,3,299.0,0.15,762.45,2026-03-26 03:49:44,Pending,Cash on Delivery
ORD-0001645,CUST-000365,P-PRD-109,2,550.0,0.0,1100.0,2026-06-17 14:16:07,Cancelled,Debit Card
ORD-0001646,CUST-000372,P-PRD-105,2,4500.0,0.0,9000.0,2026-07-31 05:22:16,Pending,Cash on Delivery
ORD-0001647,CUST-000192,P-PRD-104,1,299.0,0.05,284.05,2026-07-14 09:48:08,Cancelled,UPI
ORD-0001648,CUST-000311,P-PRD-102,1,899.0,0.2,719.2,2026-07-09 07:23:57,Completed,Credit Card
ORD-0001649,CUST-000480,P-PRD-105,4,4500.0,0.0,18000.0,2026-07-09 14:20:07,Processing,Wallet
ORD-0001650,CUST-000102,P-PRD-105,1,4500.0,0.0,4500.0,2026-06-24 14:45:39,Completed,Net Banking
ORD-0001651,CUST-000161,P-PRD-102,1,899.0,0.0,899.0,2026-03-03 18:34:54,Completed,UPI
ORD-0001652,CUST-000275,P-PRD-105,1,4500.0,0.0,4500.0,2026-08-13 08:29:54,Pending,Credit Card
ORD-0001653,CUST-000291,P-PRD-101,1,2499.0,0.0,2499.0,2026-07-28 03:10:45,Processing,Net Banking
ORD-0001654,CUST-ORPHAN-999922,P-PRD-110,2,3500.0,0.1,6300.0,2026-07-10 05:57:36,Pending,Debit Card
ORD-0001655,CUST-000113,P-PRD-103,3,189.0,0.1,510.3,2026-04-12 12:48:39,Cancelled,Credit Card
ORD-0001656,CUST-000047,P-PRD-110,2,3500.0,0.2,5600.0,2026-04-29 10:47:30,Completed,Credit Card
ORD-0001657,CUST-000209,P-PRD-104,1,299.0,0.05,284.05,2026-99-99 25:99:99,Processing,Credit Card
ORD-0001658,CUST-000223,P-PRD-110,3,3500.0,0.1,9450.0,2026-06-13 00:51:25,Pending,Credit Card
ORD-0001659,CUST-000210,P-PRD-112,1,179.0,0.0,179.0,2026-05-28 15:28:52,Shipped,Credit Card
ORD-0001660,CUST-000140,P-PRD-104,4,299.0,0.0,1196.0,2026-07-03 05:33:00,Processing,Credit Card
ORD-0001661,CUST-000316,P-PRD-107,3,199.0,0.05,567.15,2026-05-24 22:20:57,Refunded,Credit Card
ORD-0001662,CUST-000358,P-PRD-111,1,249.0,0.1,224.1,2026-04-13 01:01:20,Processing,UPI
ORD-0001663,CUST-000128,P-PRD-112,1,179.0,0.0,179.0,2026-07-22 10:11:22,Completed,Cash on Delivery
ORD-0001664,CUST-000125,P-PRD-111,2,249.0,0.0,498.0,2026-02-24 07:14:45,Cancelled,UPI
ORD-0001665,CUST-000011,P-PRD-108,1,750.0,0.0,750.0,2026-06-06 20:20:41,Shipped,UPI
ORD-0001666,CUST-000138,P-PRD-106,4,1200.0,0.0,4800.0,2026-03-30 23:13:27,Pending,Wallet
ORD-0001667,CUST-000307,P-PRD-109,3,550.0,0.1,1485.0,2026-05-27 06:21:41,Completed,Debit Card
ORD-0001668,CUST-000470,P-PRD-103,1,189.0,0.05,179.55,2026-03-03 02:12:15,Completed,Wallet
ORD-0001669,CUST-000232,P-PRD-103,1,189.0,0.1,170.1,2026-04-30 23:51:38,Pending,Net Banking
ORD-0001670,CUST-000267,P-PRD-102,1,899.0,0.0,899.0,2026-03-04 13:56:09,Refunded,Cash on Delivery
ORD-0001671,CUST-000281,P-PRD-108,4,750.0,0.15,2550.0,2026-04-19 17:42:48,Pending,Wallet
ORD-0001672,CUST-000035,P-PRD-102,1,899.0,0.1,809.1,2026-07-04 21:36:26,Shipped,Wallet
ORD-0001673,CUST-000372,P-PRD-103,1,189.0,0.15,160.65,2026-04-21 17:24:22,Processing,Debit Card
ORD-0001674,CUST-000263,P-PRD-101,2,2499.0,0.15,4248.3,2026-05-29 22:00:04,Pending,Credit Card
ORD-0001675,CUST-000435,P-PRD-103,1,189.0,0.05,179.55,2026-05-24 13:58:53,Processing,Net Banking
ORD-0001676,CUST-000090,P-PRD-112,1,179.0,0.0,179.0,2026-08-01 15:09:07,Completed,Credit Card
ORD-0001677,CUST-000070,P-PRD-101,1,2499.0,0.0,2499.0,2026-06-24 07:28:11,Cancelled,Wallet
ORD-0001678,CUST-000457,P-PRD-109,1,550.0,0.05,522.5,2026-07-02 05:58:27,Cancelled,Wallet
ORD-0001679,CUST-000385,P-PRD-107,3,199.0,0.0,597.0,2026-06-02 23:09:51,Cancelled,Net Banking
ORD-0001680,CUST-000019,P-PRD-104,1,299.0,0.2,239.2,2026-05-05 21:17:39,Cancelled,Net Banking
ORD-0001681,CUST-000154,P-PRD-106,1,1200.0,0.0,1200.0,2026-02-23 00:56:11,Shipped,Cash on Delivery
ORD-0001682,CUST-000231,P-PRD-110,3,3500.0,0.05,9975.0,2026-08-04 04:04:56,Shipped,Debit Card
ORD-0001683,CUST-000463,P-PRD-104,4,299.0,0.0,1196.0,2026-06-01 10:04:01,Refunded,Net Banking
ORD-0001684,CUST-000105,P-PRD-108,1,750.0,0.2,600.0,2026-04-21 22:23:11,Refunded,Credit Card
ORD-0001685,CUST-000028,P-PRD-106,1,1200.0,0.0,1200.0,2026-08-05 08:52:00,Completed,Wallet
ORD-0001686,CUST-000422,P-PRD-109,2,550.0,0.0,1100.0,2026-06-20 19:33:16,Processing,UPI
ORD-0001292,CUST-000474,P-PRD-109,1,550.0,0.2,440.0,2026-03-28 13:32:04,Processing,Credit Card
ORD-0001688,CUST-000267,P-PRD-106,1,1200.0,0.0,1200.0,2026-07-25 09:50:47,Processing,Wallet
ORD-0001689,CUST-000189,P-PRD-101,3,-2499.0,0.0,-7497.0,2026-06-11 10:50:15,Shipped,Wallet
ORD-0001690,CUST-000498,P-PRD-103,4,189.0,0.0,756.0,2026-08-07 09:06:09,Refunded,Cash on Delivery
ORD-0001691,CUST-000074,P-PRD-103,3,189.0,0.0,567.0,2026-07-26 07:03:53,Processing,Net Banking
ORD-0001692,CUST-000023,P-PRD-105,1,4500.0,0.0,4500.0,2026-06-06 13:48:54,Pending,Net Banking
ORD-0001693,CUST-000454,P-PRD-103,1,189.0,0.0,189.0,2026-04-12 17:06:30,Completed,Debit Card
ORD-0001694,CUST-000136,P-PRD-112,1,179.0,0.0,179.0,2026-06-17 23:07:02,Refunded,Net Banking
ORD-0001695,CUST-000343,P-PRD-108,3,750.0,0.0,2250.0,2026-05-25 10:09:39,Processing,Wallet
ORD-0001696,CUST-000457,P-PRD-112,1,179.0,0.05,170.05,2026-07-02 22:45:10,Refunded,Cash on Delivery
ORD-0001697,CUST-000302,P-PRD-109,2,550.0,0.1,990.0,2026-04-22 01:19:24,Completed,Net Banking
ORD-0001698,CUST-000169,P-PRD-109,1,550.0,0.2,440.0,2026-06-01 18:57:18,Cancelled,UPI
ORD-0001699,CUST-000132,P-PRD-102,3,899.0,0.0,2697.0,2026-04-16 02:08:38,Shipped,Debit Card
ORD-0001700,CUST-000358,P-PRD-109,2,550.0,0.0,1100.0,2026-06-01 08:21:13,Cancelled,UPI
ORD-0001701,CUST-000125,P-PRD-103,2,189.0,0.15,321.3,2026-08-06 19:30:08,Processing,Credit Card
ORD-0001702,CUST-000419,P-PRD-107,1,199.0,0.0,199.0,2026-02-26 05:14:25,Processing,Credit Card
ORD-0001703,CUST-000250,P-PRD-108,4,750.0,0.0,3000.0,2026-04-14 07:50:41,Shipped,Debit Card
ORD-0001704,CUST-000313,P-PRD-103,1,189.0,0.0,189.0,2026-07-20 06:48:30,Completed,Credit Card
ORD-0001705,CUST-000409,P-PRD-112,1,179.0,0.0,179.0,2026-06-24 20:26:55,Refunded,Cash on Delivery
ORD-0001706,CUST-000027,P-PRD-101,1,2499.0,0.0,2499.0,2026-05-04 06:26:28,Refunded,Cash on Delivery
ORD-0001707,CUST-000359,P-PRD-106,2,-1200.0,0.0,-2400.0,2026-04-02 04:21:57,Processing,Credit Card
ORD-0001708,CUST-000021,P-PRD-110,1,3500.0,0.15,2975.0,2026-04-03 07:19:07,Shipped,Credit Card
ORD-0001709,CUST-000150,P-PRD-110,3,3500.0,0.0,10500.0,2026-07-25 03:26:38,Pending,Credit Card
ORD-0001710,CUST-000438,P-PRD-105,1,4500.0,0.1,4050.0,2026-06-29 20:35:14,Shipped,Wallet
ORD-0001711,CUST-000146,P-PRD-101,1,2499.0,0.0,2499.0,2026-04-01 10:17:48,Shipped,UPI
ORD-0001712,CUST-000157,P-PRD-105,2,4500.0,0.1,8100.0,2026-06-06 01:38:54,Processing,Cash on Delivery
ORD-0001713,CUST-000124,P-PRD-108,1,750.0,0.0,750.0,2026-03-10 19:13:36,Cancelled,Credit Card
ORD-0001714,CUST-000230,P-PRD-103,1,189.0,0.0,189.0,2026-05-15 04:44:12,Cancelled,Debit Card
ORD-0001715,CUST-000223,P-PRD-107,1,199.0,0.05,189.05,2026-08-09 13:11:23,Refunded,Wallet
ORD-0001716,CUST-000364,P-PRD-104,4,299.0,0.05,1136.2,2026-05-22 22:47:12,Shipped,Debit Card
ORD-0001717,CUST-000026,P-PRD-101,3,2499.0,0.1,6747.3,2026-05-28 23:52:49,Shipped,Net Banking
ORD-0001718,CUST-000204,P-PRD-112,3,179.0,0.0,537.0,2026-05-13 08:27:54,Refunded,UPI
ORD-0001719,CUST-000386,P-PRD-110,3,3500.0,0.0,10500.0,2026-04-02 02:12:42,Shipped,Credit Card
ORD-0001720,CUST-000172,P-PRD-103,1,189.0,0.0,189.0,2026-06-30 15:04:33,Shipped,UPI
ORD-0001721,CUST-000371,P-PRD-103,1,189.0,0.1,170.1,2026-07-30 06:13:17,Refunded,UPI
ORD-0001722,CUST-000191,P-PRD-106,1,1200.0,0.0,1200.0,2026-06-27 00:25:54,Pending,Debit Card
ORD-0001723,CUST-000338,P-PRD-112,2,179.0,0.0,358.0,2026-05-30 12:20:18,Cancelled,Wallet
ORD-0001724,CUST-000101,P-PRD-107,3,199.0,0.05,567.15,2026-03-01 09:39:07,Refunded,Wallet
ORD-0001725,CUST-000276,P-PRD-108,1,750.0,0.0,750.0,2026-06-03 14:32:39,Refunded,Credit Card
ORD-0001726,CUST-000451,P-PRD-107,4,199.0,0.15,676.6,2026-07-24 13:54:35,Pending,UPI
ORD-0001727,CUST-000115,P-PRD-108,1,750.0,0.15,637.5,2026-02-28 01:26:33,Refunded,Wallet
ORD-0001728,CUST-000136,P-PRD-101,2,2499.0,0.0,4998.0,2026-06-14 01:47:19,Shipped,Credit Card
ORD-0001729,CUST-000492,P-PRD-102,3,899.0,0.0,2697.0,2026-07-08 08:15:40,Completed,Wallet
ORD-0001730,CUST-000377,P-PRD-111,3,249.0,0.1,672.3,2026-08-06 18:57:06,Shipped,Wallet
ORD-0001731,CUST-000339,P-PRD-109,1,550.0,0.0,550.0,2026-04-20 07:15:06,Cancelled,Cash on Delivery
ORD-0001732,CUST-000280,P-PRD-111,1,249.0,0.05,236.55,2026-03-11 05:03:29,Refunded,Debit Card
ORD-0001733,CUST-000011,P-PRD-102,1,899.0,0.05,854.05,2026-04-25 23:14:30,Refunded,UPI
ORD-0001734,CUST-000213,P-PRD-103,4,189.0,0.0,756.0,2026-04-01 06:14:49,Completed,UPI
ORD-0001735,CUST-000278,P-PRD-112,2,179.0,0.0,358.0,2026-03-29 21:30:33,Completed,Debit Card
ORD-0001736,CUST-000396,P-PRD-105,5,4500.0,0.0,22500.0,2026-06-14 05:22:36,Completed,Wallet
ORD-0001737,CUST-000401,P-PRD-109,1,550.0,0.0,550.0,2026-08-09 15:27:22,Processing,Credit Card
ORD-0001738,CUST-000048,P-PRD-106,1,1200.0,0.1,1080.0,2026-07-08 02:12:00,Refunded,Credit Card
ORD-0001739,CUST-000318,P-PRD-102,10,899.0,0.0,8990.0,2026-05-16 22:55:32,Cancelled,Cash on Delivery
ORD-0001740,CUST-000246,P-PRD-111,1,249.0,0.0,249.0,2026-05-29 08:49:51,Completed,Wallet
ORD-0001741,CUST-000207,P-PRD-104,1,299.0,0.05,284.05,2026-06-22 14:26:10,Refunded,Cash on Delivery
ORD-0001742,CUST-000383,P-PRD-104,3,299.0,0.15,762.45,2026-06-25 13:23:03,Shipped,Net Banking
ORD-0001743,CUST-ORPHAN-985028,P-PRD-104,4,299.0,0.0,1196.0,2026-04-07 17:13:23,Cancelled,UPI
ORD-0001744,CUST-000174,P-PRD-107,2,199.0,0.0,398.0,2026-05-10 09:57:45,Completed,Debit Card
ORD-0001745,CUST-000305,P-PRD-109,2,550.0,0.0,1100.0,2026-03-25 10:19:29,Shipped,Wallet
ORD-0001746,CUST-000373,P-PRD-106,1,1200.0,0.1,1080.0,2026-08-01 04:37:54,Pending,UPI
ORD-0001747,CUST-000218,P-PRD-105,1,4500.0,0.0,4500.0,2026-05-05 22:04:22,Refunded,UPI
ORD-0001748,CUST-000079,P-PRD-105,1,4500.0,0.0,4500.0,2026-03-10 12:25:10,Processing,Credit Card
ORD-0001749,CUST-000380,P-PRD-105,1,4500.0,0.0,4500.0,2026-05-02 05:01:15,Pending,Cash on Delivery
ORD-0001750,CUST-000071,P-PRD-109,2,550.0,0.1,990.0,2026-05-21 21:12:56,Completed,UPI
ORD-0001751,CUST-000163,P-PRD-102,1,899.0,0.0,899.0,2026-03-11 01:31:01,Completed,UPI
ORD-0001752,CUST-000391,P-PRD-109,3,550.0,0.15,1402.5,2026-03-11 13:04:26,Cancelled,Cash on Delivery
ORD-0001753,CUST-000466,P-PRD-109,2,550.0,0.0,1100.0,2026-06-01 18:34:15,Processing,Net Banking
ORD-0001754,CUST-000171,P-PRD-105,2,4500.0,0.0,9000.0,2026-03-15 14:30:26,Completed,Credit Card
ORD-0001755,CUST-000022,P-PRD-108,3,750.0,0.0,2250.0,2026-03-18 02:42:36,Pending,Wallet
ORD-0001756,CUST-000460,P-PRD-104,1,299.0,0.0,299.0,2026-08-04 13:48:17,Refunded,Credit Card
ORD-0001757,CUST-000009,P-PRD-108,1,750.0,0.05,712.5,2026-99-99 25:99:99,Pending,Net Banking
ORD-0001758,CUST-000296,P-PRD-112,3,179.0,0.0,537.0,2026-07-09 01:44:59,Completed,Net Banking
ORD-0001759,CUST-000342,P-PRD-107,1,199.0,0.0,199.0,2026-05-17 22:02:49,Shipped,Wallet
ORD-0001760,CUST-000297,P-PRD-105,1,4500.0,0.05,4275.0,2026-03-22 08:23:15,Processing,Cash on Delivery
ORD-0001761,CUST-000001,P-PRD-102,1,899.0,0.0,899.0,2026-04-23 21:45:18,Cancelled,Debit Card
ORD-0001762,CUST-000298,P-PRD-102,5,-899.0,0.0,-4495.0,2026-03-01 01:29:34,Pending,Cash on Delivery
ORD-0001763,CUST-000351,P-PRD-107,1,199.0,0.0,199.0,2026-03-19 14:00:26,Completed,Cash on Delivery
ORD-0001764,CUST-000057,P-PRD-112,1,179.0,0.0,179.0,2026-04-12 09:21:54,Pending,Debit Card
ORD-0001765,CUST-000404,P-PRD-102,3,899.0,0.0,2697.0,2026-06-04 06:52:36,Refunded,Wallet
ORD-0001766,CUST-000228,P-PRD-111,1,249.0,0.05,236.55,2026-04-12 07:15:30,Processing,Debit Card
ORD-0001767,CUST-000441,P-PRD-111,0,249.0,0.0,0.0,2026-04-30 09:00:53,Completed,UPI
ORD-0001768,CUST-000082,P-PRD-101,3,2499.0,0.1,6747.3,2026-06-16 12:10:34,Processing,Debit Card
ORD-0001769,CUST-000453,P-PRD-105,1,4500.0,0.0,4500.0,2026-06-07 17:35:20,Shipped,Wallet
ORD-0001770,CUST-000233,P-PRD-106,1,1200.0,0.0,1200.0,2026-04-11 03:07:21,Shipped,Net Banking
ORD-0001771,CUST-000246,P-PRD-104,1,299.0,0.0,299.0,2026-04-20 16:34:46,Shipped,Net Banking
ORD-0001772,CUST-000487,P-PRD-109,2,550.0,0.15,935.0,2026-03-19 02:50:00,Refunded,UPI
ORD-0001773,CUST-000354,P-PRD-102,1,899.0,0.05,854.05,2026-05-09 07:47:11,Completed,Credit Card
ORD-0001774,CUST-000455,P-PRD-102,1,899.0,0.0,899.0,2026-04-22 13:19:46,Cancelled,Wallet
ORD-0001775,CUST-000272,P-PRD-103,2,189.0,0.2,302.4,2026-02-18 22:30:58,Completed,UPI
ORD-0001776,CUST-000396,P-PRD-109,1,550.0,0.0,550.0,2026-06-22 00:07:47,Pending,Credit Card
ORD-0001777,CUST-000371,P-PRD-107,1,199.0,0.1,179.1,2026-07-19 00:21:00,Refunded,Net Banking
ORD-0001778,CUST-000493,P-PRD-110,2,3500.0,0.0,7000.0,2026-05-27 10:16:02,Cancelled,Debit Card
ORD-0001779,CUST-000167,P-PRD-101,3,2499.0,0.0,7497.0,2026-04-21 12:28:30,Processing,Net Banking
ORD-0001780,CUST-000492,P-PRD-109,1,550.0,0.0,550.0,2026-07-12 22:04:32,Pending,Net Banking
ORD-0001781,CUST-000105,P-PRD-108,1,750.0,0.2,600.0,2026-03-08 20:49:25,Refunded,Wallet
ORD-0001782,CUST-000070,P-PRD-104,2,299.0,0.0,598.0,2026-03-14 18:25:15,Processing,Credit Card
ORD-0001783,CUST-000210,P-PRD-102,10,899.0,0.05,8540.5,2026-06-14 00:42:01,Completed,UPI
ORD-0001784,CUST-000314,P-PRD-102,1,899.0,0.0,899.0,2026-07-22 12:38:07,Refunded,Cash on Delivery
ORD-0001785,CUST-000124,P-PRD-101,0,2499.0,0.0,0.0,2026-04-02 17:01:09,Refunded,Cash on Delivery
ORD-0001786,CUST-000420,P-PRD-104,3,299.0,0.15,762.45,2026-03-15 20:19:03,Cancelled,Wallet
ORD-0001787,CUST-000295,P-PRD-105,1,4500.0,0.05,4275.0,2026-05-21 09:33:27,Cancelled,Cash on Delivery
ORD-0001788,CUST-000380,P-PRD-102,5,899.0,0.0,4495.0,2026-08-08 03:06:34,Pending,Debit Card
ORD-0001789,CUST-000120,P-PRD-112,1,179.0,0.0,179.0,2026-04-13 00:17:01,Pending,UPI
ORD-0001790,CUST-000339,P-PRD-108,1,750.0,0.0,750.0,2026-03-21 00:31:16,Processing,Cash on Delivery
ORD-0001791,CUST-000391,P-PRD-105,3,4500.0,0.0,13500.0,2026-08-13 19:23:28,Pending,Net Banking
ORD-0001792,CUST-000088,P-PRD-106,1,1200.0,0.0,1200.0,2026-06-05 21:02:20,Completed,Debit Card
ORD-0001793,CUST-000079,P-PRD-107,1,199.0,0.0,199.0,2026-04-02 02:46:39,Refunded,Wallet
ORD-0001794,CUST-000454,P-PRD-111,2,249.0,0.15,423.3,2026-07-20 14:24:34,Processing,Net Banking
ORD-0001795,CUST-000305,P-PRD-109,2,550.0,0.0,1100.0,2026-06-13 08:33:26,Pending,Wallet
ORD-0001796,CUST-000228,P-PRD-105,1,4500.0,0.05,4275.0,2026-02-24 00:14:01,Shipped,UPI
ORD-0001797,CUST-000275,P-PRD-108,4,750.0,0.15,2550.0,2026-03-19 21:42:13,Completed,Debit Card
ORD-0001798,CUST-000274,P-PRD-102,2,899.0,0.0,1798.0,2026-08-04 14:13:44,Refunded,Cash on Delivery
ORD-0001799,CUST-000028,P-PRD-109,1,550.0,0.15,467.5,2026-03-23 01:50:36,Completed,Wallet
ORD-0001800,CUST-000279,P-PRD-102,1,899.0,0.0,899.0,2026-05-16 12:12:18,Cancelled,Credit Card
ORD-0001801,CUST-000171,P-PRD-109,1,550.0,0.0,550.0,2026-06-08 10:56:47,Pending,Debit Card
ORD-0001802,CUST-000113,P-PRD-112,2,179.0,0.0,358.0,2026-07-28 09:11:35,Completed,Net Banking
ORD-0001803,CUST-000280,P-PRD-102,-1,899.0,0.0,-899.0,2026-04-02 03:08:52,Processing,Credit Card
ORD-0001804,CUST-000398,P-PRD-111,2,249.0,0.1,448.2,2026-02-25 20:07:58,Processing,Debit Card
ORD-0001805,CUST-000415,P-PRD-111,2,249.0,0.0,498.0,2026-04-08 10:35:32,Completed,Net Banking
ORD-0001806,CUST-000276,P-PRD-111,1,249.0,0.1,224.1,2026-07-22 18:01:43,Refunded,Debit Card
ORD-0001807,CUST-000161,P-PRD-107,2,199.0,0.1,358.2,2026-06-28 16:35:37,Processing,UPI
ORD-0001808,CUST-000044,P-PRD-109,3,550.0,0.05,1567.5,2026-07-16 12:44:56,Shipped,UPI
ORD-0001809,CUST-000468,P-PRD-102,1,899.0,0.1,809.1,2026-05-03 11:20:37,Cancelled,Credit Card
ORD-0001810,CUST-000241,P-PRD-101,2,2499.0,0.0,4998.0,2026-03-02 14:54:15,Completed,Credit Card
ORD-0001811,CUST-000455,P-PRD-104,1,299.0,0.05,284.05,2026-03-13 06:14:54,Refunded,Wallet
ORD-0001812,CUST-000077,P-PRD-107,1,199.0,0.0,199.0,2026-06-03 22:31:21,Processing,Wallet
ORD-0001813,CUST-000165,P-PRD-106,-4,1200.0,0.0,-4800.0,2026-04-03 14:05:21,Shipped,Cash on Delivery
ORD-0001814,CUST-000028,P-PRD-107,1,199.0,0.0,199.0,2026-07-26 13:24:48,Shipped,Wallet
ORD-0001815,CUST-000009,P-PRD-110,3,3500.0,0.2,8400.0,2026-07-02 23:48:53,Pending,Credit Card
ORD-0001816,CUST-000412,P-PRD-101,4,2499.0,0.1,8996.4,2026-04-24 12:19:57,Completed,Wallet
ORD-0001817,CUST-000380,P-PRD-101,1,2499.0,0.05,2374.05,2026-08-01 23:32:54,Cancelled,Net Banking
ORD-0001818,CUST-000478,P-PRD-104,2,299.0,0.0,598.0,2026-04-08 12:19:24,Refunded,Credit Card
ORD-0001819,CUST-000125,P-PRD-103,2,189.0,0.0,378.0,2026-06-01 15:37:39,Refunded,UPI
ORD-0001820,CUST-000268,P-PRD-110,2,3500.0,0.05,6650.0,2026-05-08 07:55:46,UNKNOWN_ERROR_STATUS,Debit Card
ORD-0001821,CUST-000389,P-PRD-112,1,179.0,0.05,170.05,2026-07-04 08:46:33,Pending,Credit Card
ORD-0001822,CUST-000400,P-PRD-105,1,4500.0,0.15,3825.0,2026-05-29 03:42:19,Refunded,Net Banking
ORD-0001823,CUST-000486,P-PRD-106,3,1200.0,0.1,3240.0,2026-02-28 23:52:52,Shipped,Debit Card
ORD-0001824,CUST-000189,P-PRD-106,2,1200.0,0.0,2400.0,2026-04-08 17:56:05,Refunded,Credit Card
ORD-0001825,CUST-000158,P-PRD-107,3,199.0,0.1,537.3,2026-06-30 14:02:55,Cancelled,Wallet
ORD-0001826,CUST-000012,P-PRD-104,2,299.0,0.0,598.0,2026-07-11 11:19:39,Cancelled,Debit Card
ORD-0001827,CUST-000142,P-PRD-106,2,1200.0,0.0,2400.0,2026-07-24 19:19:40,Refunded,Cash on Delivery
ORD-0001828,CUST-000149,P-PRD-111,2,249.0,0.2,398.4,2026-05-04 01:46:58,Pending,Debit Card
ORD-0001829,CUST-000393,P-PRD-106,1,1200.0,0.0,1200.0,2026-07-19 04:33:33,Refunded,Credit Card
ORD-0001830,CUST-000114,P-PRD-103,3,189.0,0.0,567.0,2026-07-22 09:38:40,Cancelled,Net Banking
ORD-0001831,CUST-000405,P-PRD-102,2,899.0,0.05,1708.1,2026-04-10 01:51:56,Cancelled,Credit Card
ORD-0001832,CUST-000102,P-PRD-108,1,750.0,0.0,750.0,2026-05-12 01:18:21,Completed,Net Banking
ORD-0001833,CUST-000372,P-PRD-102,5,899.0,0.15,3820.75,2026-07-25 11:28:12,Shipped,UPI
ORD-0001834,CUST-000049,P-PRD-108,5,750.0,0.1,3375.0,2026-07-10 12:10:59,Completed,Credit Card
ORD-0001835,CUST-000107,P-PRD-101,10,2499.0,0.0,24990.0,2026-03-18 05:16:11,Shipped,Credit Card
ORD-0001836,CUST-000430,P-PRD-110,2,3500.0,0.0,7000.0,2026-08-14 06:49:28,Processing,Net Banking
ORD-0001837,CUST-000255,P-PRD-105,2,4500.0,0.1,8100.0,2026-07-20 21:26:45,Refunded,Net Banking
ORD-0001838,CUST-000453,P-PRD-110,2,3500.0,0.0,7000.0,2026-07-25 05:40:39,Pending,Credit Card
ORD-0001839,CUST-000310,P-PRD-102,3,899.0,0.15,2292.45,2026-08-01 14:01:26,Processing,Credit Card
ORD-0001840,CUST-000116,P-PRD-104,1,299.0,0.0,299.0,2026-02-25 14:26:37,Pending,Net Banking
ORD-0001841,CUST-000419,P-PRD-112,1,179.0,0.0,179.0,2026-07-23 11:30:19,Pending,Credit Card
ORD-0001842,CUST-000141,P-PRD-106,1,1200.0,0.0,1200.0,2026-04-24 18:24:57,Refunded,Cash on Delivery
ORD-0001843,CUST-000151,P-PRD-103,2,189.0,0.0,378.0,2026-03-01 06:26:37,Refunded,Credit Card
ORD-0001844,CUST-000173,P-PRD-104,1,299.0,0.0,299.0,2026-06-09 18:46:32,Cancelled,Cash on Delivery
ORD-0001845,CUST-000384,P-PRD-103,1,189.0,0.1,170.1,2026-03-01 00:06:44,Completed,Wallet
ORD-0001846,CUST-000185,P-PRD-107,1,199.0,0.05,189.05,2026-02-25 07:09:07,Pending,Cash on Delivery
ORD-0001847,CUST-000165,P-PRD-112,1,179.0,0.2,143.2,2026-04-15 02:20:11,Processing,UPI
ORD-0001848,CUST-000221,P-PRD-109,2,550.0,0.0,1100.0,2026-03-18 10:45:36,Refunded,Net Banking
ORD-0001849,CUST-000288,P-PRD-111,4,249.0,0.05,946.2,2026-07-03 02:41:30,Processing,Cash on Delivery
ORD-0001850,CUST-000060,P-PRD-104,1,299.0,0.0,299.0,2026-07-04 09:22:41,Pending,UPI
ORD-0001851,CUST-000245,P-PRD-111,4,249.0,0.05,946.2,2026-07-03 22:03:26,Shipped,Credit Card
ORD-0001852,CUST-000331,P-PRD-106,2,1200.0,0.0,2400.0,2026-03-17 06:34:46,Shipped,Cash on Delivery
ORD-0001853,CUST-000311,P-PRD-101,2,2499.0,0.2,3998.4,2026-07-16 19:26:54,Processing,UPI
ORD-0001854,CUST-000480,P-PRD-101,2,2499.0,0.0,4998.0,2026-04-25 14:18:37,Pending,Net Banking
ORD-0001855,CUST-000362,P-PRD-110,2,3500.0,0.05,6650.0,2026-07-28 13:56:22,Shipped,Cash on Delivery
ORD-0001856,CUST-000283,P-PRD-111,2,249.0,0.05,473.1,2026-08-11 09:41:51,Completed,Wallet
ORD-0001857,CUST-000275,P-PRD-106,2,1200.0,0.05,2280.0,2026-07-14 02:07:28,Pending,UPI
ORD-0001858,CUST-000151,P-PRD-101,3,2499.0,0.15,6372.45,2026-07-14 15:37:01,Pending,Debit Card
ORD-0001859,CUST-000056,P-PRD-103,3,189.0,0.1,510.3,2026-04-17 03:48:27,Pending,Net Banking
ORD-0001860,CUST-000287,P-PRD-101,1,2499.0,0.05,2374.05,2026-07-11 10:18:30,Pending,Net Banking
ORD-0001861,CUST-000235,P-PRD-107,5,199.0,0.0,995.0,2026-06-11 23:25:11,Refunded,Debit Card
ORD-0001862,CUST-000484,P-PRD-112,1,179.0,0.05,170.05,2026-05-13 15:01:13,Processing,Cash on Delivery
ORD-0001863,CUST-000488,P-PRD-109,1,550.0,0.15,467.5,2026-02-23 03:27:12,Completed,UPI
ORD-0001864,CUST-000456,P-PRD-111,1,249.0,0.0,249.0,2026-08-15 13:42:17,Cancelled,Net Banking
ORD-0001865,CUST-000282,P-PRD-103,1,189.0,0.1,170.1,2026-07-07 22:25:32,Shipped,Cash on Delivery
ORD-0001866,CUST-000403,P-PRD-109,0,550.0,0.0,0.0,2026-06-03 16:02:17,Completed,Debit Card
ORD-0001867,CUST-000416,P-PRD-107,1,199.0,0.1,179.1,2026-03-28 00:00:57,Cancelled,UPI
ORD-0001868,CUST-000474,P-PRD-102,1,899.0,0.0,899.0,2026-04-28 07:36:10,Cancelled,Debit Card
ORD-0001869,CUST-000409,P-PRD-105,3,4500.0,0.0,13500.0,2026-02-28 18:09:36,Pending,Net Banking
ORD-0001870,CUST-000001,P-PRD-101,2,2499.0,0.0,4998.0,2026-07-22 07:18:42,Shipped,Credit Card
ORD-0001871,CUST-000060,P-PRD-107,2,199.0,0.0,398.0,2026-08-09 00:07:36,Cancelled,UPI
ORD-0001872,CUST-000423,P-PRD-101,1,2499.0,0.0,2499.0,2026-07-03 19:07:34,Cancelled,Cash on Delivery
ORD-0001873,CUST-000151,P-PRD-111,2,249.0,0.1,448.2,2026-05-11 19:03:56,Shipped,Net Banking
ORD-0001874,CUST-000443,P-PRD-111,2,249.0,0.15,423.3,2026-06-12 16:27:53,Shipped,Cash on Delivery
ORD-0001875,CUST-000375,P-PRD-106,1,1200.0,0.0,1200.0,2026-02-23 11:07:11,Shipped,Net Banking
ORD-0001876,CUST-000201,P-PRD-103,1,189.0,0.15,160.65,2026-03-26 07:46:06,Shipped,Cash on Delivery
ORD-0001877,CUST-000071,P-PRD-106,1,1200.0,0.1,1080.0,2026-06-24 15:51:27,Shipped,Net Banking
ORD-0001878,CUST-000083,P-PRD-110,2,3500.0,0.05,6650.0,2026-04-26 17:54:55,Shipped,Wallet
ORD-0001879,CUST-000135,P-PRD-102,5,899.0,0.0,4495.0,2026-06-15 01:32:19,Completed,Debit Card
ORD-0001880,CUST-000161,P-PRD-106,2,1200.0,0.0,2400.0,2026-05-18 07:41:56,Completed,Net Banking
ORD-0001881,CUST-000041,P-PRD-108,1,750.0,0.1,675.0,2026-04-01 20:47:20,Completed,Wallet
ORD-0001882,CUST-000195,P-PRD-102,1,899.0,0.0,899.0,2026-06-30 04:39:24,Pending,Net Banking
ORD-0001883,CUST-000294,P-PRD-106,1,1200.0,0.0,1200.0,2026-06-12 19:47:39,Refunded,Wallet
ORD-0001884,CUST-000136,P-PRD-110,1,3500.0,0.2,2800.0,2026-07-17 04:50:55,Completed,Debit Card
ORD-0001885,CUST-000151,P-PRD-109,1,550.0,0.1,495.0,2026-06-09 03:06:52,Processing,Credit Card
ORD-0001886,CUST-000105,P-PRD-111,1,249.0,0.0,249.0,2026-06-19 12:32:12,Completed,Debit Card
ORD-0001887,CUST-000381,P-PRD-108,2,750.0,0.0,1500.0,2026-04-06 19:49:29,Completed,Debit Card
ORD-0001888,CUST-000451,P-PRD-108,4,750.0,0.0,3000.0,2026-04-05 20:48:49,Refunded,Debit Card
ORD-0001889,CUST-000478,P-PRD-107,1,199.0,0.0,199.0,2026-06-24 15:10:10,Shipped,Debit Card
ORD-0001890,CUST-000445,P-PRD-104,4,299.0,0.0,1196.0,2026-03-20 11:50:57,Pending,Wallet
ORD-0001891,CUST-000164,P-PRD-107,1,199.0,0.0,199.0,2026-06-13 17:55:19,Shipped,Cash on Delivery
ORD-0001892,CUST-000370,P-PRD-111,1,249.0,0.05,236.55,2026-03-21 09:36:06,Shipped,Cash on Delivery
ORD-0001893,CUST-000442,P-PRD-108,1,750.0,0.0,750.0,2026-03-27 17:39:02,Processing,Credit Card
ORD-0001894,CUST-000074,P-PRD-102,2,899.0,0.0,1798.0,2026-04-17 15:59:43,Processing,UPI
ORD-0001895,CUST-000045,P-PRD-107,2,199.0,0.05,378.1,2026-02-22 05:17:11,Cancelled,Net Banking
ORD-0001896,CUST-000352,P-PRD-105,1,4500.0,0.0,4500.0,2026-03-09 12:07:25,Refunded,Debit Card
ORD-0001897,CUST-000293,P-PRD-103,1,189.0,0.0,189.0,2026-06-15 14:43:15,Completed,Wallet
ORD-0001898,CUST-000397,P-PRD-111,1,249.0,0.0,249.0,2026-07-24 12:48:58,Processing,Wallet
ORD-0001899,CUST-000489,P-PRD-103,1,189.0,0.15,160.65,2026-05-13 18:19:20,Cancelled,Cash on Delivery
ORD-0001900,CUST-000340,P-PRD-109,1,550.0,0.05,522.5,2026-08-15 02:13:05,Cancelled,UPI
ORD-0001901,CUST-000153,P-PRD-110,1,3500.0,0.05,3325.0,2026-06-30 13:14:29,Refunded,Credit Card
ORD-0001902,CUST-000146,P-PRD-106,1,1200.0,0.0,1200.0,2026-06-15 18:23:28,Refunded,Cash on Delivery
ORD-0001903,CUST-000183,P-PRD-103,1,189.0,0.0,189.0,2026-06-13 07:18:19,Shipped,Debit Card
ORD-0001904,CUST-000500,P-PRD-111,1,249.0,0.15,211.65,2026-06-14 03:05:47,Shipped,Credit Card
ORD-0001905,CUST-000033,P-PRD-112,2,179.0,0.2,286.4,2026-06-25 15:18:46,Cancelled,Net Banking
ORD-0001906,CUST-000077,P-PRD-110,2,3500.0,0.0,7000.0,2026-06-25 22:41:29,Pending,UPI
ORD-0001907,CUST-000101,P-PRD-108,10,750.0,0.0,7500.0,2026-08-02 12:27:44,Processing,Cash on Delivery
ORD-0001908,CUST-000205,P-PRD-111,1,249.0,0.05,236.55,2026-04-20 06:30:39,Completed,Cash on Delivery
ORD-0001909,CUST-000016,P-PRD-111,4,249.0,0.0,996.0,2026-05-29 06:57:26,Refunded,Wallet
ORD-0001910,CUST-000234,P-PRD-110,1,3500.0,0.05,3325.0,2026-04-02 03:16:03,Cancelled,Debit Card
ORD-0001911,CUST-000176,P-PRD-106,1,1200.0,0.0,1200.0,2026-07-03 07:24:10,Shipped,Wallet
ORD-0001912,CUST-000072,P-PRD-106,3,1200.0,0.05,3420.0,2026-04-07 16:19:39,Pending,Cash on Delivery
ORD-0001913,CUST-000350,P-PRD-109,2,550.0,0.1,990.0,2026-05-30 01:10:39,Pending,Wallet
ORD-0001914,CUST-000474,P-PRD-110,4,3500.0,0.0,14000.0,2026-04-02 02:34:50,Completed,Cash on Delivery
ORD-0001915,CUST-000168,P-PRD-103,2,189.0,0.0,378.0,2026-06-21 23:33:53,Processing,Net Banking
ORD-0001916,CUST-000295,P-PRD-103,1,189.0,0.0,189.0,2026-08-15 01:10:49,Processing,Wallet
ORD-0001917,CUST-000352,P-PRD-106,1,1200.0,0.1,1080.0,2026-06-27 20:57:17,Cancelled,Cash on Delivery
ORD-0001918,CUST-ORPHAN-999088,P-PRD-101,5,2499.0,0.0,12495.0,2026-04-27 07:09:06,Cancelled,UPI
ORD-0001919,CUST-000250,P-PRD-111,1,249.0,0.0,249.0,2026-02-20 00:09:24,Processing,Cash on Delivery
ORD-0001920,CUST-000451,P-PRD-111,4,249.0,0.1,896.4,2026-03-09 21:12:32,Shipped,Wallet
ORD-0001921,CUST-000025,P-PRD-104,2,299.0,0.05,568.1,2026-07-17 01:40:51,Processing,Credit Card
ORD-0001922,CUST-000187,P-PRD-104,1,299.0,0.0,299.0,2026-05-05 09:36:20,Completed,UPI
ORD-0001923,CUST-000104,P-PRD-102,1,899.0,0.0,899.0,2026-07-27 00:53:46,Shipped,Net Banking
ORD-0001924,CUST-000488,P-PRD-109,1,550.0,0.1,495.0,2026-06-13 04:38:27,Completed,Credit Card
ORD-0001925,CUST-000137,P-PRD-103,2,189.0,0.05,359.1,2026-03-18 03:24:32,Completed,Credit Card
ORD-0001926,CUST-000091,P-PRD-108,1,750.0,0.0,750.0,2026-03-22 14:37:55,Cancelled,Net Banking
ORD-0001927,CUST-000310,P-PRD-112,3,179.0,0.1,483.3,2026-02-20 02:58:45,Processing,Debit Card
ORD-0001928,CUST-000264,P-PRD-109,2,550.0,0.1,990.0,2026-05-31 23:00:53,Pending,UPI
ORD-0001929,CUST-000469,P-PRD-107,1,199.0,0.2,159.2,2026-07-18 11:31:36,Shipped,Net Banking
ORD-0001930,CUST-000144,P-PRD-105,3,4500.0,0.0,13500.0,2026-08-18 05:23:23,Cancelled,UPI
ORD-0001931,CUST-000459,P-PRD-111,1,249.0,0.05,236.55,2026-07-19 08:27:03,Processing,UPI
ORD-0001932,CUST-000432,P-PRD-110,1,3500.0,0.0,3500.0,2026-05-07 15:27:24,Completed,Credit Card
ORD-0001933,CUST-000220,P-PRD-106,1,1200.0,0.15,1020.0,2026-02-19 18:31:20,Completed,Debit Card
ORD-0001934,CUST-000191,P-PRD-111,1,249.0,0.05,236.55,2026-04-18 19:44:11,Pending,Debit Card
ORD-0001935,CUST-000424,P-PRD-102,3,899.0,0.1,2427.3,2026-03-08 00:40:24,Completed,UPI
ORD-0001936,CUST-000018,P-PRD-109,1,550.0,0.05,522.5,2026-07-10 23:43:10,Refunded,Credit Card
ORD-0001937,CUST-000146,P-PRD-109,2,550.0,0.0,1100.0,2026-07-19 15:39:35,Refunded,Net Banking
ORD-0001938,CUST-000495,P-PRD-112,10,179.0,0.0,1790.0,2026-06-13 16:17:31,Shipped,Cash on Delivery
ORD-0001939,CUST-000330,P-PRD-107,1,199.0,0.0,199.0,2026-05-23 11:50:59,Refunded,Cash on Delivery
ORD-0001940,CUST-000189,P-PRD-105,1,4500.0,0.2,3600.0,2026-07-03 01:02:27,Pending,Cash on Delivery
ORD-0001941,CUST-000419,P-PRD-102,2,899.0,0.0,1798.0,2026-03-06 21:41:09,Pending,Wallet
ORD-0001942,CUST-000432,P-PRD-111,1,-249.0,0.0,-249.0,2026-03-13 19:14:07,Shipped,Cash on Delivery
ORD-0001943,,P-PRD-104,1,299.0,0.0,299.0,2026-04-12 13:12:45,Shipped,UPI
ORD-0001944,CUST-000394,P-PRD-108,1,750.0,0.05,712.5,2026-08-08 09:41:28,Pending,Debit Card
ORD-0001945,CUST-000246,P-PRD-108,1,750.0,0.05,712.5,2026-05-22 13:33:03,Refunded,UPI
ORD-0001946,CUST-000195,P-PRD-103,3,189.0,0.15,481.95,2026-05-12 22:16:26,Cancelled,Credit Card
ORD-0001947,CUST-000399,P-PRD-111,2,249.0,0.0,498.0,2026-08-06 13:15:03,Pending,Cash on Delivery
ORD-0001948,CUST-000028,P-PRD-109,3,550.0,0.05,1567.5,2026-03-21 16:35:12,Shipped,Debit Card
ORD-0001949,CUST-000352,P-PRD-104,1,299.0,0.1,269.1,2026-04-15 13:38:24,Refunded,Wallet
ORD-0001950,CUST-000491,P-PRD-101,1,2499.0,0.0,2499.0,2026-07-16 13:43:37,Cancelled,Debit Card
ORD-0001951,CUST-000453,P-PRD-103,5,189.0,0.05,897.75,2026-05-13 17:01:02,Cancelled,Credit Card
ORD-0001952,CUST-000121,P-PRD-109,2,550.0,0.0,1100.0,2026-04-02 04:55:27,Refunded,UPI
ORD-0001953,CUST-000126,P-PRD-110,3,3500.0,0.0,10500.0,2026-05-11 13:19:44,Processing,UPI
ORD-0001954,CUST-000251,P-PRD-112,2,179.0,0.05,340.1,2026-06-25 01:03:23,Pending,Net Banking
ORD-0001955,CUST-000484,P-PRD-101,2,2499.0,0.0,4998.0,2026-04-24 14:07:04,Shipped,Wallet
ORD-0001956,CUST-000060,P-PRD-103,4,189.0,0.05,718.2,2026-07-18 09:03:49,Completed,Debit Card
ORD-0001957,CUST-000226,P-PRD-102,1,899.0,0.0,899.0,2026-08-08 14:47:01,Shipped,Wallet
ORD-0001958,CUST-000370,P-PRD-102,1,899.0,0.05,854.05,2026-05-12 22:07:20,Cancelled,Wallet
ORD-0001959,CUST-000266,P-PRD-104,1,299.0,0.0,299.0,2026-08-09 20:40:33,Pending,UPI
ORD-0001960,CUST-000406,P-PRD-112,3,179.0,0.0,537.0,2026-04-03 18:27:31,Completed,UPI
ORD-0001961,CUST-000251,P-PRD-110,3,3500.0,0.05,9975.0,2026-06-18 11:58:13,Cancelled,Wallet
ORD-0001962,CUST-000225,P-PRD-106,2,1200.0,0.05,2280.0,2026-08-18 06:38:20,Refunded,Wallet
ORD-0001963,CUST-000122,P-PRD-111,2,249.0,0.15,423.3,2026-03-01 00:26:31,Completed,UPI
ORD-0001964,CUST-000121,P-PRD-107,2,199.0,0.1,358.2,2026-07-15 04:45:55,Completed,Net Banking
ORD-0001965,CUST-000429,P-PRD-103,5,189.0,0.15,803.25,2026-07-14 20:29:40,Completed,Debit Card
ORD-0001966,CUST-000086,P-PRD-112,4,179.0,0.05,680.2,2026-08-06 17:57:45,Completed,UPI
ORD-0001967,CUST-000142,P-PRD-111,3,249.0,0.0,747.0,2026-03-05 15:22:22,Pending,Credit Card
ORD-0001968,CUST-000241,P-PRD-102,1,899.0,0.0,899.0,2026-03-14 15:14:59,Completed,Debit Card
ORD-0001969,CUST-000325,P-PRD-103,2,189.0,0.0,378.0,2026-03-30 21:23:12,Refunded,Cash on Delivery
ORD-0001970,CUST-000210,P-PRD-108,3,750.0,0.0,2250.0,2026-03-20 15:08:44,Refunded,Cash on Delivery
ORD-0001971,CUST-000058,P-PRD-107,1,199.0,0.0,199.0,2026-04-05 18:36:41,Completed,Wallet
ORD-0001972,CUST-000229,P-PRD-103,2,189.0,0.05,359.1,2026-07-04 09:01:17,Pending,Debit Card
ORD-0001973,CUST-000384,P-PRD-112,1,179.0,0.0,179.0,2026-04-09 08:47:46,Shipped,UPI
ORD-0001974,CUST-000007,P-PRD-111,1,249.0,0.05,236.55,2026-08-08 04:03:49,Cancelled,Credit Card
ORD-0001975,CUST-000403,P-PRD-105,1,4500.0,0.0,4500.0,2026-02-24 13:25:04,Refunded,Net Banking
ORD-0001976,CUST-000072,P-PRD-106,3,1200.0,0.0,3600.0,2026-05-12 21:59:22,Pending,Wallet
ORD-0001977,CUST-000066,P-PRD-101,3,2499.0,0.0,7497.0,2026-08-17 06:26:23,Processing,Cash on Delivery
ORD-0001978,CUST-000406,P-PRD-102,3,899.0,0.05,2562.15,2026-02-19 00:54:06,Refunded,Cash on Delivery
ORD-0001979,CUST-000177,P-PRD-103,3,189.0,0.0,567.0,2026-02-22 20:37:32,Pending,Net Banking
ORD-0001980,CUST-000142,P-PRD-104,1,299.0,0.0,299.0,2026-05-13 12:44:07,Processing,Net Banking
ORD-0001981,CUST-000475,P-PRD-103,1,189.0,0.0,189.0,2026-03-09 22:46:25,Completed,Debit Card
ORD-0001982,CUST-000478,P-PRD-101,1,2499.0,0.0,2499.0,2026-04-01 10:32:20,Pending,Wallet
ORD-0000267,CUST-000031,P-PRD-103,2,189.0,0.0,378.0,2026-03-12 08:47:17,Shipped,Wallet
ORD-0001984,CUST-000065,P-PRD-105,2,4500.0,0.15,7650.0,2026-03-18 05:33:13,Processing,UPI
ORD-0001985,CUST-000082,P-PRD-111,2,249.0,0.0,498.0,2026-08-17 03:28:51,Completed,Debit Card
ORD-0001986,CUST-000009,P-PRD-110,1,3500.0,0.15,2975.0,2026-06-26 13:38:16,Refunded,Net Banking
ORD-0001987,CUST-000459,P-PRD-105,2,4500.0,0.0,9000.0,2026-07-20 05:45:33,Processing,UPI
ORD-0001988,CUST-000089,P-PRD-104,-5,299.0,0.1,-1495.0,2026-03-26 02:13:48,Shipped,Net Banking
ORD-0001989,CUST-000031,P-PRD-102,3,899.0,0.0,2697.0,2026-02-28 00:37:56,Completed,Cash on Delivery
ORD-0001990,CUST-000284,P-PRD-104,1,299.0,0.0,299.0,2026-03-14 10:53:28,Pending,Net Banking
ORD-0001991,CUST-000279,P-PRD-101,2,2499.0,0.1,4498.2,2026-08-09 06:25:20,Shipped,Credit Card
ORD-0001992,CUST-000016,P-PRD-112,1,179.0,0.0,179.0,2026-03-06 09:57:42,Completed,Debit Card
ORD-0001993,CUST-000210,P-PRD-108,1,750.0,0.0,750.0,2026-04-18 05:10:50,Completed,Credit Card
ORD-0001994,CUST-000148,P-PRD-106,5,1200.0,0.2,4800.0,2026-06-24 04:01:08,Pending,Net Banking
ORD-0001995,CUST-000361,P-PRD-104,1,299.0,0.0,299.0,2026-04-06 05:47:31,Cancelled,Wallet
ORD-0001996,CUST-000229,P-PRD-107,2,199.0,0.0,398.0,2026-06-25 18:10:06,Pending,Credit Card
ORD-0001997,CUST-000171,P-PRD-104,10,299.0,0.1,2691.0,2026-04-11 15:11:11,Shipped,Debit Card
ORD-0001998,CUST-000472,P-PRD-108,4,750.0,0.1,2700.0,2026-05-30 08:59:29,Pending,Credit Card
ORD-0001999,CUST-000033,P-PRD-109,1,550.0,0.0,550.0,2026-06-19 17:46:43,Completed,Credit Card
ORD-0002000,CUST-000207,P-PRD-107,1,199.0,0.0,199.0,2026-05-14 15:54:36,Cancelled,Credit Card
ORD-0002001,CUST-000409,P-PRD-102,1,899.0,0.0,899.0,2026-99-99 25:99:99,Completed,UPI
ORD-0002002,CUST-000300,P-PRD-104,2,299.0,0.15,508.3,2026-03-08 13:34:59,Refunded,Cash on Delivery
ORD-0002003,CUST-000139,P-PRD-110,1,3500.0,0.0,3500.0,2026-03-07 04:37:02,Pending,Credit Card
ORD-0002004,CUST-000312,P-PRD-109,1,550.0,0.0,550.0,2026-08-03 14:51:28,Shipped,Net Banking
ORD-0002005,CUST-000271,P-PRD-108,2,750.0,0.05,1425.0,2026-04-10 09:57:14,Cancelled,Net Banking
ORD-0002006,CUST-000418,P-PRD-107,1,199.0,0.0,199.0,2026-05-03 20:48:12,Shipped,Net Banking
ORD-0002007,CUST-000077,P-PRD-104,1,299.0,0.2,239.2,2026-06-23 10:33:36,Cancelled,UPI
ORD-0002008,CUST-000427,P-PRD-103,3,189.0,0.0,567.0,2026-04-13 11:51:08,Refunded,Wallet
ORD-0002009,CUST-000299,P-PRD-110,4,3500.0,0.2,11200.0,2026-06-12 17:37:17,Completed,Cash on Delivery
ORD-0002010,CUST-000136,P-PRD-103,4,189.0,0.1,680.4,2026-08-06 22:10:09,Completed,Debit Card
ORD-0002011,CUST-000264,P-PRD-108,3,750.0,0.0,2250.0,2026-04-02 20:56:09,Completed,Net Banking
ORD-0002012,CUST-000082,P-PRD-111,2,249.0,0.0,498.0,2026-08-07 15:56:39,Processing,Credit Card
ORD-0002013,CUST-000463,P-PRD-109,4,550.0,0.1,1980.0,2026-04-20 06:32:10,Refunded,Cash on Delivery
ORD-0002014,CUST-000293,P-PRD-109,2,550.0,0.15,935.0,2026-07-18 09:25:12,Pending,Credit Card
ORD-0002015,CUST-000228,P-PRD-101,2,2499.0,0.0,4998.0,2026-07-29 14:29:00,Processing,Cash on Delivery
ORD-0002016,CUST-000419,P-PRD-102,5,899.0,0.15,3820.75,2026-04-26 04:09:36,Cancelled,Debit Card
ORD-0002017,CUST-000062,P-PRD-108,4,750.0,0.15,2550.0,2026-07-02 11:46:14,Refunded,Debit Card
ORD-0002018,CUST-000226,P-PRD-109,1,550.0,0.15,467.5,2026-07-06 23:22:15,Completed,Credit Card
ORD-0002019,CUST-000024,P-PRD-107,1,199.0,0.0,199.0,2026-03-13 23:38:06,Pending,Net Banking
ORD-0002020,CUST-000154,P-PRD-110,1,3500.0,0.1,3150.0,2026-08-08 20:08:50,Pending,Wallet
ORD-0002021,CUST-000346,P-PRD-110,1,3500.0,0.0,3500.0,2026-08-09 08:30:21,Cancelled,Wallet
ORD-0002022,CUST-ORPHAN-930059,P-PRD-107,2,199.0,0.2,318.4,2026-06-21 16:13:17,Completed,UPI
ORD-0002023,CUST-000367,P-PRD-102,1,899.0,0.1,809.1,2026-07-17 08:30:27,Completed,UPI
ORD-0002024,CUST-000254,P-PRD-109,2,550.0,0.0,1100.0,2026-05-02 13:13:46,Cancelled,Debit Card
ORD-0002025,CUST-000194,P-PRD-106,1,1200.0,0.15,1020.0,2026-07-17 17:04:04,Refunded,Cash on Delivery
ORD-0002026,CUST-000150,P-PRD-111,1,249.0,0.05,236.55,2026-06-06 16:22:36,Processing,Wallet
ORD-0002027,CUST-000280,P-PRD-104,2,299.0,0.15,508.3,2026-06-07 18:01:14,Processing,Net Banking
ORD-0002028,CUST-000078,P-PRD-102,1,899.0,0.0,899.0,2026-05-15 20:48:32,Shipped,Debit Card
ORD-0002029,CUST-000479,P-PRD-106,2,1200.0,0.0,2400.0,2026-07-30 07:53:33,Processing,Wallet
ORD-0002030,CUST-000001,P-PRD-109,5,550.0,0.2,2200.0,2026-04-16 02:46:10,Cancelled,Net Banking
ORD-0002031,CUST-000257,P-PRD-104,2,299.0,0.15,508.3,2026-03-26 02:30:02,Shipped,Net Banking
ORD-0002032,CUST-000387,P-PRD-109,1,550.0,0.0,550.0,2026-06-06 17:53:26,Cancelled,Credit Card
ORD-0002033,CUST-000038,P-PRD-104,10,299.0,0.0,2990.0,2026-04-23 06:06:46,Refunded,Wallet
ORD-0002034,CUST-000084,P-PRD-104,2,299.0,0.0,598.0,2026-04-14 10:23:09,Refunded,Net Banking
ORD-0002035,CUST-000175,P-PRD-103,5,189.0,0.0,945.0,2026-04-25 04:46:58,Cancelled,Wallet
ORD-0002036,CUST-000171,P-PRD-112,1,179.0,0.0,179.0,2026-05-01 04:05:11,Shipped,Debit Card
ORD-0002037,CUST-000316,P-PRD-102,1,899.0,0.05,854.05,2026-04-09 03:36:55,Processing,Credit Card
ORD-0002038,CUST-000214,P-PRD-107,3,199.0,0.0,597.0,2026-06-21 19:27:59,Cancelled,Debit Card
ORD-0002039,CUST-000305,P-PRD-109,2,550.0,0.0,1100.0,2026-03-01 12:59:33,UNKNOWN_ERROR_STATUS,Cash on Delivery
ORD-0002040,CUST-000237,P-PRD-109,1,550.0,0.0,550.0,2026-06-12 02:56:59,Shipped,Wallet
ORD-0002041,CUST-000054,P-PRD-104,3,299.0,0.05,852.15,2026-05-30 15:54:04,Shipped,UPI
ORD-0002042,CUST-000316,P-PRD-111,2,249.0,0.1,448.2,2026-04-23 14:16:09,Shipped,Cash on Delivery
ORD-0002043,CUST-000226,P-PRD-105,4,4500.0,0.0,18000.0,2026-05-08 20:22:31,Processing,UPI
ORD-0002044,CUST-000161,P-PRD-111,1,249.0,0.0,249.0,2026-03-25 14:54:02,Refunded,Debit Card
ORD-0002045,CUST-000352,P-PRD-108,10,750.0,0.0,7500.0,2026-05-26 18:42:27,Processing,Credit Card
ORD-0002046,CUST-000041,P-PRD-107,2,199.0,0.0,398.0,2026-07-21 12:40:08,Cancelled,Net Banking
ORD-0002047,CUST-000161,P-PRD-104,1,299.0,0.05,284.05,2026-03-22 20:43:44,Cancelled,Wallet
ORD-0002048,CUST-000191,P-PRD-110,1,3500.0,0.0,3500.0,2026-03-02 17:59:23,Cancelled,Cash on Delivery
ORD-0002049,CUST-000155,P-PRD-103,1,189.0,0.2,151.2,2026-04-23 23:36:08,Completed,UPI
ORD-0002050,CUST-000193,P-PRD-111,3,249.0,0.1,672.3,2026-07-11 15:25:14,Shipped,Net Banking
ORD-0002051,CUST-000026,P-PRD-106,3,1200.0,0.0,3600.0,2026-02-22 04:24:05,Processing,Net Banking
ORD-0002052,CUST-000251,P-PRD-108,1,750.0,0.15,637.5,2026-07-15 09:29:39,Processing,UPI
ORD-0002053,CUST-000099,P-PRD-109,3,550.0,0.0,1650.0,2026-03-24 01:55:03,Processing,UPI
ORD-0002054,CUST-000450,P-PRD-107,3,199.0,0.1,537.3,2026-04-07 08:20:00,Processing,Cash on Delivery
ORD-0002055,CUST-000056,P-PRD-107,2,199.0,0.05,378.1,2026-05-18 01:25:18,Completed,Credit Card
ORD-0002056,CUST-000346,P-PRD-107,1,199.0,0.0,199.0,2026-04-03 22:37:39,Processing,Debit Card
ORD-0002057,CUST-000410,P-PRD-108,1,750.0,0.15,637.5,2026-08-15 16:59:43,Shipped,UPI
ORD-0002058,CUST-000393,P-PRD-106,2,1200.0,0.0,2400.0,2026-03-16 19:57:59,Pending,UPI
ORD-0002059,CUST-000052,P-PRD-102,1,899.0,0.2,719.2,2026-06-27 02:14:01,Cancelled,Wallet
ORD-0002060,CUST-000031,P-PRD-101,3,2499.0,0.2,5997.6,2026-02-21 21:01:57,Shipped,Wallet
ORD-0002061,CUST-000203,P-PRD-108,2,750.0,0.2,1200.0,2026-03-23 00:13:10,Completed,Debit Card
ORD-0002062,CUST-000453,P-PRD-106,1,1200.0,0.1,1080.0,2026-02-22 03:02:04,Shipped,Debit Card
ORD-0002063,CUST-000210,P-PRD-105,3,4500.0,0.05,12825.0,2026-06-06 19:51:35,Pending,Cash on Delivery
ORD-0002064,CUST-000085,P-PRD-101,1,2499.0,0.0,2499.0,2026-06-21 05:32:42,Pending,Net Banking
ORD-0002065,CUST-000302,P-PRD-112,1,179.0,0.1,161.1,2026-03-03 09:52:46,Cancelled,UPI
ORD-0002066,CUST-000326,P-PRD-103,1,189.0,0.0,189.0,2026-06-29 23:27:11,Processing,Debit Card
ORD-0002067,CUST-000286,P-PRD-112,3,179.0,0.0,537.0,2026-04-24 06:16:07,UNKNOWN_ERROR_STATUS,Credit Card
ORD-0002068,CUST-000131,P-PRD-105,2,4500.0,0.0,9000.0,2026-06-18 05:24:49,Refunded,Debit Card
ORD-0002069,CUST-000434,P-PRD-102,1,899.0,0.15,764.15,2026-03-30 09:22:44,Processing,Wallet
ORD-0002070,CUST-000379,P-PRD-112,5,179.0,0.05,850.25,2026-07-26 20:10:39,Shipped,Net Banking
ORD-0002071,CUST-000204,P-PRD-104,1,299.0,0.0,299.0,2026-08-01 23:08:40,UNKNOWN_ERROR_STATUS,Debit Card
ORD-0002072,CUST-000351,P-PRD-103,3,189.0,0.15,481.95,2026-05-19 17:32:49,Refunded,Wallet
ORD-0002073,CUST-000435,P-PRD-102,2,899.0,0.0,1798.0,2026-04-22 18:36:22,Processing,UPI
ORD-0002074,CUST-000100,P-PRD-101,1,2499.0,0.2,1999.2,2026-04-18 04:55:14,Refunded,Wallet
ORD-0002075,CUST-000075,P-PRD-105,2,4500.0,0.0,9000.0,2026-04-18 04:12:49,Completed,Credit Card
ORD-0002076,CUST-000443,P-PRD-112,3,179.0,0.05,510.15,2026-06-29 19:36:16,Refunded,Net Banking
ORD-0002077,CUST-000259,P-PRD-105,2,4500.0,0.0,9000.0,2026-06-07 05:39:40,Pending,UPI
ORD-0002078,CUST-000471,P-PRD-111,5,249.0,0.0,1245.0,2026-06-07 19:02:06,Cancelled,Debit Card
ORD-0002079,CUST-000452,P-PRD-106,2,1200.0,0.0,2400.0,2026-07-27 01:00:16,Shipped,Cash on Delivery
ORD-0002080,CUST-000055,P-PRD-101,2,2499.0,0.05,4748.1,2026-08-09 04:45:24,Pending,Cash on Delivery
ORD-0002081,CUST-000076,P-PRD-109,1,550.0,0.0,550.0,2026-08-07 02:23:19,Cancelled,Cash on Delivery
ORD-0002082,CUST-000319,P-PRD-110,2,3500.0,0.2,5600.0,2026-07-04 11:49:11,Pending,Cash on Delivery
ORD-0002083,CUST-000157,P-PRD-106,1,1200.0,0.05,1140.0,2026-06-20 20:53:53,Processing,Net Banking
ORD-0002084,CUST-000130,P-PRD-107,1,199.0,0.1,179.1,2026-07-22 12:45:53,Refunded,Net Banking
ORD-0002085,CUST-000090,P-PRD-105,1,4500.0,0.0,4500.0,2026-07-11 16:42:22,Pending,Wallet
ORD-0002086,CUST-000267,P-PRD-104,1,299.0,0.1,269.1,2026-03-28 21:11:31,Refunded,Cash on Delivery
ORD-0002087,CUST-000016,P-PRD-107,4,199.0,0.0,796.0,2026-07-14 00:44:12,Pending,Wallet
ORD-0002088,CUST-000475,P-PRD-101,2,-2499.0,0.0,-4998.0,2026-04-13 23:11:47,Pending,Credit Card
ORD-0002089,CUST-000008,P-PRD-103,1,189.0,0.15,160.65,2026-02-22 19:22:57,Refunded,Wallet
ORD-0002090,CUST-000223,P-PRD-107,1,199.0,0.15,169.15,2026-06-29 16:04:32,Cancelled,Cash on Delivery
ORD-0002091,CUST-000472,P-PRD-111,1,249.0,0.0,249.0,2026-02-21 13:01:49,Completed,UPI
ORD-0002092,CUST-000197,P-PRD-102,1,899.0,0.15,764.15,2026-04-20 13:13:23,Processing,UPI
ORD-0002093,CUST-000329,P-PRD-102,2,899.0,0.1,1618.2,2026-06-22 03:08:59,Shipped,Wallet
ORD-0000070,CUST-000100,P-PRD-106,1,1200.0,0.1,1080.0,2026-07-19 04:36:26,Refunded,Credit Card
ORD-0002095,CUST-000235,P-PRD-107,4,199.0,0.0,796.0,2026-05-01 05:04:54,Refunded,Wallet
ORD-0002096,CUST-000429,P-PRD-102,1,899.0,0.15,764.15,2026-03-02 08:57:31,Shipped,Cash on Delivery
ORD-0002097,CUST-000138,P-PRD-102,1,899.0,0.15,764.15,2026-05-30 06:35:39,Processing,Credit Card
ORD-0002098,CUST-000361,P-PRD-104,5,299.0,0.0,1495.0,2026-06-13 12:48:31,Processing,Credit Card
ORD-0002099,CUST-000420,P-PRD-110,1,3500.0,0.05,3325.0,2026-03-01 12:07:19,Cancelled,Credit Card
ORD-0002100,CUST-000288,P-PRD-104,1,299.0,0.0,299.0,2026-05-05 13:15:24,Pending,Net Banking
ORD-0002101,CUST-000291,P-PRD-110,2,3500.0,0.0,7000.0,2026-07-24 09:48:12,Completed,Wallet
ORD-0002102,CUST-000222,P-PRD-109,2,550.0,0.15,935.0,2026-07-12 21:23:43,Shipped,Wallet
ORD-0002103,CUST-000339,P-PRD-111,1,249.0,0.05,236.55,2026-05-22 18:12:11,Processing,Wallet
ORD-0002104,CUST-000186,P-PRD-108,3,750.0,0.0,2250.0,2026-05-25 17:56:19,Refunded,Wallet
ORD-0002105,CUST-000012,P-PRD-102,1,899.0,0.15,764.15,2026-05-21 09:38:15,Refunded,Wallet
ORD-0002106,CUST-000427,P-PRD-103,1,189.0,0.0,189.0,2026-03-11 13:13:57,Completed,Wallet
ORD-0002107,CUST-000072,P-PRD-102,3,899.0,0.0,2697.0,2026-06-29 04:31:59,Completed,Net Banking
ORD-0002108,CUST-000149,P-PRD-112,1,179.0,0.05,170.05,2026-06-23 03:53:37,Shipped,Wallet
ORD-0002109,CUST-000039,P-PRD-102,2,899.0,0.1,1618.2,2026-08-03 13:09:52,Pending,UPI
ORD-0002110,CUST-000365,P-PRD-110,1,3500.0,0.0,3500.0,2026-04-27 23:31:59,Pending,Debit Card
ORD-0002111,CUST-000245,P-PRD-106,2,1200.0,0.0,2400.0,2026-03-04 02:42:42,Refunded,Cash on Delivery
ORD-0002112,CUST-000471,P-PRD-103,1,189.0,0.0,189.0,2026-08-12 03:46:45,Processing,Net Banking
ORD-0002113,CUST-000024,P-PRD-106,1,1200.0,0.0,1200.0,2026-02-19 14:07:52,Pending,Debit Card
ORD-0002114,CUST-000188,P-PRD-108,3,750.0,0.05,2137.5,2026-02-22 18:54:00,Completed,Cash on Delivery
ORD-0002115,CUST-000475,P-PRD-112,4,179.0,0.0,716.0,2026-03-04 09:48:44,Pending,Debit Card
ORD-0002116,CUST-000143,P-PRD-108,10,750.0,0.0,7500.0,2026-07-12 15:20:04,Processing,Cash on Delivery
ORD-0002117,CUST-000144,P-PRD-101,1,2499.0,0.0,2499.0,2026-08-04 11:54:02,Pending,Debit Card
ORD-0002118,CUST-000369,P-PRD-108,1,750.0,0.0,750.0,2026-06-05 19:43:37,Shipped,Wallet
ORD-0002119,CUST-000408,P-PRD-106,1,1200.0,0.0,1200.0,2026-05-19 13:33:58,Refunded,Cash on Delivery
ORD-0002120,CUST-000031,P-PRD-102,1,899.0,0.0,899.0,2026-02-19 15:18:44,Pending,Net Banking
ORD-0002121,CUST-000056,P-PRD-111,1,249.0,0.0,249.0,2026-03-10 18:40:33,Refunded,UPI
ORD-0002122,CUST-000420,P-PRD-108,1,750.0,0.0,750.0,2026-04-10 18:41:03,Completed,Net Banking
ORD-0002123,CUST-000221,P-PRD-110,1,3500.0,0.0,3500.0,2026-06-22 02:25:26,Refunded,Cash on Delivery
ORD-0002124,CUST-000259,P-PRD-110,3,3500.0,0.0,10500.0,2026-05-13 03:45:24,Pending,Cash on Delivery
ORD-0002125,CUST-000291,P-PRD-109,1,550.0,0.0,550.0,2026-07-15 00:51:18,Shipped,UPI
ORD-0002126,CUST-000132,P-PRD-105,5,4500.0,0.1,20250.0,2026-06-03 20:17:42,Cancelled,Cash on Delivery
ORD-0002127,CUST-000073,P-PRD-108,1,750.0,0.0,750.0,2026-07-05 20:05:48,Pending,Cash on Delivery
ORD-0002128,CUST-000019,P-PRD-105,1,4500.0,0.0,4500.0,2026-07-12 15:19:31,Shipped,Debit Card
ORD-0002129,CUST-000036,P-PRD-108,4,750.0,0.0,3000.0,2026-05-22 09:01:45,Processing,Wallet
ORD-0002130,CUST-000423,P-PRD-104,1,299.0,0.15,254.15,2026-06-06 12:22:56,Completed,Net Banking
ORD-0002131,CUST-000280,P-PRD-107,1,199.0,0.0,199.0,2026-04-09 14:30:23,Cancelled,Debit Card
ORD-0002132,CUST-000129,P-PRD-105,4,4500.0,0.0,18000.0,2026-07-09 04:08:34,Pending,UPI
ORD-0002133,CUST-000196,P-PRD-111,5,249.0,0.0,1245.0,2026-03-26 12:45:20,Completed,UPI
ORD-0002134,CUST-000229,P-PRD-108,4,750.0,0.05,2850.0,2026-05-30 06:11:55,Shipped,Wallet
ORD-0002135,CUST-000041,P-PRD-106,5,1200.0,0.0,6000.0,2026-07-12 23:44:32,Refunded,Credit Card
ORD-0002136,CUST-000277,P-PRD-106,4,1200.0,0.0,4800.0,2026-03-01 11:03:04,Refunded,Cash on Delivery
ORD-0002137,CUST-000015,P-PRD-111,10,249.0,0.0,2490.0,2026-04-18 20:43:07,Completed,Credit Card
ORD-0002138,CUST-000260,P-PRD-107,1,199.0,0.2,159.2,2026-02-22 22:16:10,Processing,UPI
ORD-0002139,CUST-000228,P-PRD-111,1,249.0,0.05,236.55,2026-04-04 23:12:41,Refunded,Credit Card
ORD-0002140,CUST-000318,P-PRD-106,4,1200.0,0.0,4800.0,2026-04-27 20:06:55,Refunded,Debit Card
ORD-0002141,CUST-000459,P-PRD-102,2,899.0,0.0,1798.0,2026-05-10 13:41:28,UNKNOWN_ERROR_STATUS,Credit Card
ORD-0002142,CUST-000390,P-PRD-112,4,179.0,0.0,716.0,2026-03-19 05:22:01,Pending,Cash on Delivery
ORD-0002143,CUST-000466,P-PRD-106,5,1200.0,0.05,5700.0,2026-08-13 14:30:12,Processing,Net Banking
ORD-0002144,CUST-000317,P-PRD-106,1,1200.0,0.0,1200.0,2026-06-24 20:43:29,Shipped,Cash on Delivery
ORD-0002145,CUST-000067,P-PRD-108,2,750.0,0.0,1500.0,2026-05-20 14:33:53,Refunded,UPI
ORD-0002146,CUST-000469,P-PRD-104,2,299.0,0.1,538.2,2026-03-02 17:26:30,Shipped,UPI
ORD-0002147,CUST-000319,P-PRD-104,5,299.0,0.1,1345.5,2026-02-22 00:29:18,Refunded,Wallet
ORD-0002148,CUST-000143,P-PRD-106,1,1200.0,0.0,1200.0,2026-04-14 08:41:08,Completed,Wallet
ORD-0002149,CUST-000500,P-PRD-105,1,4500.0,0.0,4500.0,2026-07-29 15:25:19,Completed,Debit Card
ORD-0002150,CUST-000173,P-PRD-110,2,3500.0,0.0,7000.0,2026-07-08 06:09:53,Processing,Debit Card
ORD-0002151,CUST-000352,P-PRD-110,1,3500.0,0.0,3500.0,2026-05-28 19:39:37,Completed,Credit Card
ORD-0002152,CUST-000250,P-PRD-110,4,3500.0,0.0,14000.0,2026-02-23 07:34:14,Cancelled,Net Banking
ORD-0002153,CUST-000467,P-PRD-109,1,550.0,0.0,550.0,2026-06-11 10:28:22,Processing,Credit Card
ORD-0002154,CUST-000460,P-PRD-104,10,299.0,0.0,2990.0,2026-08-14 21:39:00,Refunded,Debit Card
ORD-0002155,CUST-000292,P-PRD-105,1,4500.0,0.05,4275.0,2026-05-25 01:16:50,Completed,Credit Card
ORD-0002156,CUST-000235,P-PRD-107,3,199.0,0.1,537.3,2026-05-15 05:01:59,Completed,Debit Card
ORD-0002157,CUST-000179,P-PRD-101,1,2499.0,0.0,2499.0,2026-05-27 04:29:15,Processing,Debit Card
ORD-0002158,CUST-000095,P-PRD-105,1,4500.0,0.0,4500.0,2026-04-07 14:16:54,Completed,Cash on Delivery
ORD-0002159,CUST-000486,P-PRD-110,2,3500.0,0.0,7000.0,2026-04-16 04:17:28,Processing,Credit Card
ORD-0002160,CUST-000379,P-PRD-101,2,2499.0,0.05,4748.1,2026-06-05 18:46:37,UNKNOWN_ERROR_STATUS,Debit Card
ORD-0002161,CUST-000262,P-PRD-105,1,4500.0,0.0,4500.0,2026-03-19 20:18:20,Shipped,Net Banking
ORD-0002162,CUST-000408,P-PRD-103,2,189.0,0.0,378.0,2026-08-11 05:16:01,Shipped,UPI
ORD-0002163,CUST-000289,P-PRD-109,3,550.0,0.0,1650.0,2026-05-12 13:40:49,Pending,Credit Card
ORD-0002164,CUST-000379,P-PRD-110,3,3500.0,0.0,10500.0,2026-05-30 18:46:41,Pending,Debit Card
ORD-0002165,CUST-000413,P-PRD-103,3,189.0,0.15,481.95,2026-03-27 09:44:51,Processing,UPI
ORD-0002166,CUST-000040,P-PRD-105,1,4500.0,0.0,4500.0,2026-02-25 14:46:53,Pending,Credit Card
ORD-0002167,CUST-000059,P-PRD-102,3,899.0,0.1,2427.3,2026-04-17 13:08:21,Completed,Debit Card
ORD-0002168,CUST-000359,P-PRD-103,1,189.0,0.1,170.1,2026-08-06 23:18:38,Completed,UPI
ORD-0002169,CUST-000269,P-PRD-102,2,899.0,0.15,1528.3,2026-02-20 06:24:53,Cancelled,Credit Card
ORD-0002170,CUST-000397,P-PRD-102,2,899.0,0.0,1798.0,2026-05-25 05:11:13,Cancelled,Wallet
ORD-0002171,CUST-000302,P-PRD-106,2,1200.0,0.0,2400.0,2026-06-18 23:11:07,Refunded,Cash on Delivery
ORD-0002172,CUST-000285,P-PRD-109,1,550.0,0.0,550.0,2026-05-16 01:41:32,Shipped,Wallet
ORD-0002173,CUST-000359,P-PRD-110,3,3500.0,0.0,10500.0,2026-05-26 15:14:53,Pending,Wallet
ORD-0002174,CUST-000246,P-PRD-103,3,189.0,0.0,567.0,2026-05-08 19:01:57,Refunded,Credit Card
ORD-0002175,CUST-000071,P-PRD-103,2,189.0,0.0,378.0,2026-02-18 19:03:10,Pending,Wallet
ORD-0002176,CUST-000151,P-PRD-109,1,550.0,0.15,467.5,2026-04-17 22:00:46,Refunded,Debit Card
ORD-0002177,CUST-000046,P-PRD-105,1,4500.0,0.2,3600.0,2026-08-05 00:47:07,Refunded,Debit Card
ORD-0002178,CUST-000442,P-PRD-109,2,550.0,0.0,1100.0,2026-05-22 14:06:20,Cancelled,Cash on Delivery
ORD-0002179,CUST-000006,P-PRD-111,1,249.0,0.05,236.55,2026-02-21 21:43:58,Completed,Cash on Delivery
ORD-0002180,CUST-000026,P-PRD-105,4,4500.0,0.05,17100.0,2026-04-15 21:51:52,Pending,Cash on Delivery
ORD-0002181,CUST-000184,P-PRD-103,2,189.0,0.0,378.0,2026-05-25 00:08:59,Completed,Debit Card
ORD-0002182,CUST-000214,P-PRD-106,4,1200.0,0.0,4800.0,2026-05-31 00:15:42,Completed,Cash on Delivery
ORD-0002183,CUST-000030,P-PRD-106,2,1200.0,0.0,2400.0,2026-06-11 09:43:25,Shipped,UPI
ORD-0002184,CUST-000300,P-PRD-102,2,899.0,0.0,1798.0,2026-03-08 17:55:19,Refunded,Debit Card
ORD-0002185,CUST-000046,P-PRD-107,2,199.0,0.1,358.2,2026-03-09 10:11:17,Processing,Net Banking
ORD-0002186,CUST-000021,P-PRD-103,2,189.0,0.2,302.4,2026-04-14 21:25:57,Completed,UPI
ORD-0002187,CUST-000497,P-PRD-112,2,179.0,0.0,358.0,2026-07-27 07:10:53,Shipped,Debit Card
ORD-0002188,CUST-000042,P-PRD-104,4,299.0,0.0,1196.0,2026-02-22 11:19:54,Completed,UPI
ORD-0002189,CUST-000455,P-PRD-106,5,1200.0,0.0,6000.0,2026-05-30 09:51:15,Completed,Net Banking
ORD-0002190,CUST-000202,P-PRD-103,1,189.0,0.0,189.0,2026-05-30 06:16:10,Processing,Credit Card
ORD-0002191,CUST-000147,P-PRD-105,1,4500.0,0.0,4500.0,2026-06-09 07:20:32,Pending,Cash on Delivery
ORD-0002192,CUST-000396,P-PRD-104,2,299.0,0.0,598.0,2026-05-17 17:23:54,Processing,Cash on Delivery
ORD-0002193,CUST-000086,P-PRD-108,1,750.0,0.1,675.0,2026-05-27 21:59:30,Shipped,Credit Card
ORD-0002194,CUST-000498,P-PRD-103,1,189.0,0.1,170.1,2026-08-07 22:05:31,Refunded,UPI
ORD-0002195,CUST-000285,P-PRD-112,1,179.0,0.05,170.05,2026-03-16 11:49:37,Cancelled,Cash on Delivery
ORD-0002196,CUST-000021,P-PRD-109,2,550.0,0.15,935.0,2026-07-21 15:34:39,Completed,Cash on Delivery
ORD-0002197,CUST-000209,P-PRD-103,2,189.0,0.05,359.1,2026-03-12 17:02:43,Cancelled,Wallet
ORD-0002198,CUST-000135,P-PRD-104,1,299.0,0.0,299.0,2026-04-20 21:57:56,Refunded,UPI
ORD-0002199,CUST-000492,P-PRD-103,4,189.0,0.05,718.2,2026-05-23 12:26:37,Pending,Debit Card
ORD-0002200,CUST-000488,P-PRD-104,4,299.0,0.0,1196.0,2026-08-14 01:51:29,Completed,Credit Card
ORD-0002201,CUST-000188,P-PRD-111,2,249.0,0.0,498.0,2026-05-25 02:48:42,Processing,Net Banking
ORD-0002202,CUST-000200,P-PRD-112,2,179.0,0.0,358.0,2026-05-14 09:36:01,Shipped,Wallet
ORD-0002203,CUST-000370,P-PRD-105,2,4500.0,0.15,7650.0,2026-07-31 05:18:11,Pending,UPI
ORD-0002204,CUST-000224,P-PRD-106,2,1200.0,0.2,1920.0,2026-04-29 07:23:50,Shipped,Cash on Delivery
ORD-0002205,CUST-000258,P-PRD-107,5,199.0,0.0,995.0,2026-04-13 03:17:42,Pending,Credit Card
ORD-0002206,CUST-000147,P-PRD-106,1,1200.0,0.05,1140.0,2026-02-21 13:56:19,Processing,Wallet
ORD-0002207,CUST-000157,P-PRD-109,1,550.0,0.0,550.0,2026-06-01 14:47:07,Pending,UPI
ORD-0002208,CUST-000191,P-PRD-110,1,3500.0,0.0,3500.0,2026-99-99 25:99:99,Completed,Debit Card
ORD-0002209,CUST-000070,P-PRD-104,1,299.0,0.05,284.05,2026-03-21 02:45:41,Pending,Net Banking
ORD-0002210,CUST-000418,P-PRD-105,1,4500.0,0.05,4275.0,2026-04-27 16:46:39,Cancelled,Wallet
ORD-0002211,CUST-000407,P-PRD-103,4,189.0,0.1,680.4,2026-05-07 04:37:11,Processing,Debit Card
ORD-0002212,CUST-000029,P-PRD-108,2,750.0,0.0,1500.0,2026-06-16 01:18:58,Completed,Cash on Delivery
ORD-0002213,CUST-000016,P-PRD-109,2,550.0,0.05,1045.0,2026-06-25 12:24:52,Processing,Debit Card
ORD-0002214,CUST-000062,P-PRD-102,1,899.0,0.0,899.0,2026-03-14 13:22:00,Processing,UPI
ORD-0002215,CUST-000186,P-PRD-111,1,249.0,0.15,211.65,2026-06-09 11:29:31,Shipped,UPI
ORD-0002216,CUST-000349,P-PRD-111,4,249.0,0.0,996.0,2026-03-19 11:11:27,Pending,Cash on Delivery
ORD-0002217,CUST-000447,P-PRD-111,4,249.0,0.05,946.2,2026-08-15 12:20:57,Shipped,UPI
ORD-0002218,CUST-000422,P-PRD-103,1,189.0,0.0,189.0,2026-06-13 21:53:44,Cancelled,Net Banking
ORD-0002219,CUST-000166,P-PRD-107,1,199.0,0.0,199.0,2026-03-19 03:14:00,Completed,Cash on Delivery
ORD-0002220,CUST-000475,P-PRD-111,2,249.0,0.1,448.2,2026-06-11 12:38:22,Completed,Credit Card
ORD-0002221,CUST-000189,P-PRD-106,2,1200.0,0.05,2280.0,2026-03-01 18:24:42,Completed,Debit Card
ORD-0002222,CUST-000350,P-PRD-103,2,189.0,0.0,378.0,2026-04-07 04:43:51,Shipped,Cash on Delivery
ORD-0002223,CUST-000100,P-PRD-102,1,899.0,0.05,854.05,2026-04-18 13:58:27,Refunded,Credit Card
ORD-0002224,CUST-000112,P-PRD-107,2,199.0,0.05,378.1,2026-03-13 11:05:14,Pending,Credit Card
ORD-0002225,CUST-000102,P-PRD-107,2,199.0,0.0,398.0,2026-03-30 11:57:04,Shipped,Debit Card
ORD-0002226,CUST-000014,P-PRD-110,2,3500.0,0.0,7000.0,2026-07-30 10:43:58,Pending,UPI
ORD-0002227,CUST-000192,P-PRD-110,1,3500.0,0.15,2975.0,2026-08-06 00:51:01,Pending,Debit Card
ORD-0002228,CUST-000328,P-PRD-112,3,179.0,0.0,537.0,2026-08-17 15:30:49,Pending,Wallet
ORD-0002229,CUST-000090,P-PRD-101,1,2499.0,0.1,2249.1,2026-08-14 01:10:21,Processing,Debit Card
ORD-0002230,CUST-000217,P-PRD-107,1,199.0,0.0,199.0,2026-02-27 10:10:59,Shipped,Credit Card
ORD-0002231,CUST-000283,P-PRD-108,1,750.0,0.0,750.0,2026-07-24 11:12:48,Completed,Wallet
ORD-0002232,CUST-000426,P-PRD-104,1,299.0,0.0,299.0,2026-06-23 21:37:38,Pending,Net Banking
ORD-0002233,CUST-000331,P-PRD-109,1,550.0,0.2,440.0,2026-08-11 13:29:05,Refunded,Debit Card
ORD-0002234,CUST-000495,P-PRD-108,2,750.0,0.1,1350.0,2026-06-10 02:37:55,Cancelled,UPI
ORD-0002235,CUST-000245,P-PRD-104,1,299.0,0.1,269.1,2026-03-23 22:22:20,Pending,Debit Card
ORD-0002236,CUST-000079,P-PRD-103,5,189.0,0.15,803.25,2026-06-28 17:42:09,Refunded,Credit Card
ORD-0002237,CUST-000150,P-PRD-105,10,4500.0,0.0,45000.0,2026-08-09 13:41:52,Pending,Cash on Delivery
ORD-0002238,CUST-000351,P-PRD-111,3,249.0,0.0,747.0,2026-05-20 07:50:03,Completed,Net Banking
ORD-0002239,CUST-000456,P-PRD-110,10,3500.0,0.0,35000.0,2026-05-25 16:58:30,Completed,Net Banking
ORD-0002240,CUST-000461,P-PRD-111,3,249.0,0.0,747.0,2026-04-21 19:30:54,Refunded,Credit Card
ORD-0002241,CUST-000140,P-PRD-107,2,199.0,0.0,398.0,2026-03-17 01:41:30,Completed,Net Banking
ORD-0002242,CUST-000118,P-PRD-109,4,-550.0,0.1,-2200.0,2026-08-05 13:32:17,Processing,Debit Card
ORD-0002243,CUST-000113,P-PRD-107,1,199.0,0.05,189.05,2026-06-29 03:31:50,Refunded,Net Banking
ORD-0002244,CUST-000426,P-PRD-112,1,179.0,0.0,179.0,2026-03-07 04:30:50,Refunded,UPI
ORD-0002245,CUST-000024,P-PRD-106,1,1200.0,0.0,1200.0,2026-04-04 15:53:14,Refunded,Credit Card
ORD-0002246,CUST-000220,P-PRD-112,1,179.0,0.0,179.0,2026-08-10 05:32:51,Processing,Net Banking
ORD-0002247,CUST-000292,P-PRD-111,1,249.0,0.05,236.55,2026-07-20 00:47:20,Cancelled,UPI
ORD-0002248,CUST-000255,P-PRD-106,3,1200.0,0.0,3600.0,2026-02-18 22:04:44,Completed,UPI
ORD-0002249,CUST-000082,P-PRD-111,1,249.0,0.05,236.55,2026-08-04 11:09:04,Completed,Debit Card
ORD-0002250,CUST-000046,P-PRD-103,1,189.0,0.15,160.65,2026-07-15 01:57:31,Refunded,Net Banking
ORD-0002251,CUST-000318,P-PRD-107,1,199.0,0.0,199.0,2026-06-15 07:52:09,Completed,Wallet
ORD-0002252,CUST-000243,P-PRD-104,1,299.0,0.0,299.0,2026-06-22 01:30:36,Completed,Wallet
ORD-0002253,CUST-000095,P-PRD-103,1,189.0,0.0,189.0,2026-02-26 09:50:59,Processing,Cash on Delivery
ORD-0002254,CUST-000272,P-PRD-109,2,550.0,0.05,1045.0,2026-06-06 05:55:07,Pending,Cash on Delivery
ORD-0002255,CUST-000483,P-PRD-111,2,249.0,0.15,423.3,2026-08-16 04:19:46,Pending,Credit Card
ORD-0002256,CUST-000323,P-PRD-107,1,199.0,0.0,199.0,2026-06-30 14:08:24,Refunded,UPI
ORD-0002257,CUST-000064,P-PRD-103,1,189.0,0.0,189.0,2026-03-08 05:54:09,Completed,UPI
ORD-0002258,CUST-000194,P-PRD-105,10,4500.0,0.0,45000.0,2026-06-15 03:25:52,Shipped,Credit Card
ORD-0002259,CUST-000001,P-PRD-103,1,189.0,0.0,189.0,2026-05-31 04:14:06,Processing,Wallet
ORD-0002260,CUST-000223,P-PRD-108,1,750.0,0.0,750.0,2026-07-20 09:28:36,Processing,Credit Card
ORD-0001446,CUST-000104,P-PRD-107,4,199.0,0.0,796.0,2026-02-27 02:26:32,Processing,Credit Card
ORD-0002262,CUST-000162,P-PRD-112,1,179.0,0.0,179.0,2026-07-19 07:08:45,Processing,Wallet
ORD-0002263,CUST-000096,P-PRD-108,1,750.0,0.0,750.0,2026-07-31 13:40:28,Refunded,UPI
ORD-0002264,CUST-000357,P-PRD-107,1,199.0,0.0,199.0,2026-08-15 06:35:38,Cancelled,Net Banking
ORD-0002265,CUST-000092,P-PRD-106,1,1200.0,0.0,1200.0,2026-04-01 09:55:59,Shipped,Cash on Delivery
ORD-0002266,CUST-000154,P-PRD-104,5,299.0,0.1,1345.5,2026-07-26 03:38:44,Cancelled,Wallet
ORD-0002267,CUST-000432,P-PRD-110,3,3500.0,0.05,9975.0,2026-05-19 03:20:38,Shipped,Cash on Delivery
ORD-0002268,CUST-000153,P-PRD-106,3,1200.0,0.15,3060.0,2026-05-04 01:08:56,Processing,Cash on Delivery
ORD-0002269,CUST-000038,P-PRD-105,2,4500.0,0.0,9000.0,2026-07-23 14:32:08,Pending,Wallet
ORD-0002270,CUST-000362,P-PRD-105,1,4500.0,0.0,4500.0,2026-04-17 14:01:11,Processing,Net Banking
ORD-0002271,CUST-000270,P-PRD-111,3,249.0,0.05,709.65,2026-04-02 22:24:26,Pending,Credit Card
ORD-0002272,CUST-000257,P-PRD-107,1,199.0,0.05,189.05,2026-04-15 14:02:43,Refunded,Wallet
ORD-0002273,CUST-000453,P-PRD-109,2,550.0,0.15,935.0,2026-03-16 02:09:36,Pending,Credit Card
ORD-0002274,CUST-000459,P-PRD-110,1,3500.0,0.0,3500.0,2026-04-03 21:16:48,Shipped,Credit Card
ORD-0002275,CUST-000155,P-PRD-109,1,550.0,0.0,550.0,2026-06-04 06:34:43,Processing,Net Banking
ORD-0002276,CUST-000068,P-PRD-103,1,189.0,0.0,189.0,2026-05-07 03:12:52,Cancelled,Net Banking
ORD-0002277,CUST-000196,P-PRD-102,1,899.0,0.05,854.05,2026-07-13 19:04:33,Completed,Debit Card
ORD-0002278,CUST-000449,P-PRD-106,1,1200.0,0.1,1080.0,2026-04-12 09:53:21,Processing,Net Banking
ORD-0002279,CUST-000271,P-PRD-112,2,179.0,0.0,358.0,2026-07-18 05:22:17,Refunded,Cash on Delivery
ORD-0002280,CUST-000495,P-PRD-101,2,2499.0,0.0,4998.0,2026-03-11 13:58:27,Cancelled,Debit Card
ORD-0002281,CUST-000134,P-PRD-112,1,179.0,0.0,179.0,2026-04-26 05:00:10,Shipped,Net Banking
ORD-0002282,CUST-000038,P-PRD-104,4,299.0,0.0,1196.0,2026-03-03 00:32:26,Processing,Debit Card
ORD-0002283,CUST-000209,P-PRD-103,4,189.0,0.05,718.2,2026-02-27 02:08:28,Pending,UPI
ORD-0002284,CUST-000094,P-PRD-105,1,4500.0,0.05,4275.0,2026-02-23 04:03:22,Pending,Cash on Delivery
ORD-0002285,CUST-ORPHAN-993160,P-PRD-107,2,199.0,0.05,378.1,2026-08-06 07:30:52,Cancelled,Credit Card
ORD-0002286,CUST-000363,P-PRD-103,2,189.0,0.0,378.0,2026-07-17 18:54:45,Pending,Cash on Delivery
ORD-0002287,CUST-000340,P-PRD-108,1,750.0,0.0,750.0,2026-06-18 02:40:52,Pending,Credit Card
ORD-0002288,CUST-000432,P-PRD-106,1,1200.0,0.0,1200.0,2026-05-22 18:47:47,Pending,Debit Card
ORD-0002289,CUST-000313,P-PRD-105,1,4500.0,0.0,4500.0,2026-06-13 05:20:57,Refunded,Debit Card
ORD-0002290,CUST-000069,P-PRD-109,10,550.0,0.05,5225.0,2026-04-18 17:25:37,Pending,Credit Card
ORD-0002291,CUST-000206,P-PRD-110,10,3500.0,0.0,35000.0,2026-02-21 01:27:06,Completed,Debit Card
ORD-0002292,CUST-000210,P-PRD-108,1,750.0,0.05,712.5,2026-03-22 08:39:45,Shipped,UPI
ORD-0002293,CUST-000006,P-PRD-108,3,750.0,0.0,2250.0,2026-06-21 15:17:06,Cancelled,UPI
ORD-0002294,CUST-000162,P-PRD-104,4,299.0,0.0,1196.0,2026-05-01 16:27:12,Processing,Debit Card
ORD-0002295,CUST-000484,P-PRD-103,4,189.0,0.05,718.2,2026-07-11 02:29:33,Shipped,Debit Card
ORD-0002296,CUST-000111,P-PRD-105,2,4500.0,0.2,7200.0,2026-03-23 18:47:12,Pending,Wallet
ORD-0002297,CUST-000035,P-PRD-110,3,3500.0,0.1,9450.0,2026-02-22 20:23:46,Shipped,Cash on Delivery
ORD-0002298,CUST-000084,P-PRD-111,3,249.0,0.0,747.0,2026-05-24 19:13:02,Shipped,Cash on Delivery
ORD-0002299,CUST-000427,P-PRD-105,2,4500.0,0.0,9000.0,2026-03-17 10:25:43,Refunded,Cash on Delivery
ORD-0002300,CUST-000165,P-PRD-105,1,4500.0,0.05,4275.0,2026-07-21 23:44:46,Processing,Credit Card
ORD-0002301,CUST-000328,P-PRD-109,1,550.0,0.15,467.5,2026-06-10 22:41:52,Refunded,Net Banking
ORD-0002302,CUST-000174,P-PRD-109,4,550.0,0.0,2200.0,2026-03-30 04:37:00,Cancelled,Credit Card
ORD-0002303,CUST-000300,P-PRD-112,1,179.0,0.0,179.0,2026-07-05 03:20:45,Refunded,UPI
ORD-0002304,CUST-000373,P-PRD-112,1,179.0,0.0,179.0,2026-04-23 15:55:24,Pending,Net Banking
ORD-0002305,CUST-000483,P-PRD-102,3,899.0,0.0,2697.0,2026-03-11 20:13:01,Completed,Credit Card
ORD-0002306,CUST-000497,P-PRD-109,1,550.0,0.05,522.5,2026-08-14 13:12:52,Shipped,Cash on Delivery
ORD-0002307,CUST-000343,P-PRD-102,1,899.0,0.0,899.0,2026-06-23 03:41:43,Refunded,Credit Card
ORD-0002308,CUST-000479,P-PRD-104,2,299.0,0.0,598.0,2026-07-19 15:38:25,Cancelled,UPI
ORD-0002309,CUST-000092,P-PRD-110,1,3500.0,0.15,2975.0,2026-03-19 11:04:24,Completed,Debit Card
ORD-0002310,CUST-000465,P-PRD-108,4,750.0,0.05,2850.0,2026-04-23 01:06:32,Cancelled,Net Banking
ORD-0002311,CUST-000011,P-PRD-106,3,1200.0,0.0,3600.0,2026-03-19 06:45:57,Pending,Net Banking
ORD-0000829,CUST-000351,P-PRD-105,2,4500.0,0.05,8550.0,2026-04-09 00:11:54,Refunded,Cash on Delivery
ORD-0002313,CUST-000149,P-PRD-105,1,4500.0,0.15,3825.0,2026-02-23 04:10:57,Cancelled,Wallet
ORD-0002314,CUST-000307,P-PRD-110,4,3500.0,0.0,14000.0,2026-06-16 17:50:43,Pending,Credit Card
ORD-0002315,CUST-000315,P-PRD-111,1,249.0,0.0,249.0,2026-05-18 19:41:10,Cancelled,UPI
ORD-0002316,CUST-000350,P-PRD-108,1,750.0,0.05,712.5,2026-04-06 07:33:05,Shipped,Cash on Delivery
ORD-0002317,CUST-000082,P-PRD-110,2,3500.0,0.0,7000.0,2026-04-27 23:49:22,Shipped,Net Banking
ORD-0002318,CUST-000408,P-PRD-103,1,189.0,0.0,189.0,2026-03-29 17:43:34,Shipped,Credit Card
ORD-0002319,CUST-000179,P-PRD-109,1,550.0,0.1,495.0,2026-03-24 18:05:56,Refunded,UPI
ORD-0002320,CUST-ORPHAN-941393,P-PRD-103,1,189.0,0.0,189.0,2026-03-09 04:49:57,Shipped,Debit Card
ORD-0002321,CUST-000389,P-PRD-111,2,249.0,0.0,498.0,2026-06-10 01:59:05,Shipped,Cash on Delivery
ORD-0002322,CUST-000079,P-PRD-111,1,249.0,0.1,224.1,2026-05-04 23:38:13,Completed,Net Banking
ORD-0002323,CUST-000172,P-PRD-111,1,249.0,0.0,249.0,2026-08-03 13:09:26,Processing,Credit Card
ORD-0002324,CUST-000372,P-PRD-102,1,899.0,0.0,899.0,2026-02-28 18:40:31,Processing,Wallet
ORD-0002325,CUST-000437,P-PRD-104,2,299.0,0.0,598.0,2026-08-01 20:08:07,Pending,Debit Card
ORD-0002326,CUST-000426,P-PRD-103,3,189.0,0.0,567.0,2026-05-05 11:42:21,Refunded,Credit Card
ORD-0002327,CUST-000276,P-PRD-103,3,189.0,0.0,567.0,2026-07-06 11:16:26,Shipped,UPI
ORD-0002328,CUST-000054,P-PRD-110,1,3500.0,0.0,3500.0,2026-07-11 12:38:52,Completed,Net Banking
ORD-0002329,CUST-000157,P-PRD-103,3,189.0,0.05,538.65,2026-03-01 07:13:26,Pending,Wallet
ORD-0002330,CUST-000470,P-PRD-108,1,750.0,0.0,750.0,2026-04-22 04:30:30,Cancelled,UPI
ORD-0002331,CUST-000493,P-PRD-107,2,199.0,0.0,398.0,2026-06-01 04:24:12,Refunded,Credit Card
ORD-0002332,CUST-000372,P-PRD-103,1,189.0,0.05,179.55,2026-03-19 15:18:57,Pending,Cash on Delivery
ORD-0002333,,P-PRD-103,1,189.0,0.0,189.0,2026-02-23 04:12:56,Refunded,Credit Card
ORD-0002334,CUST-000314,P-PRD-105,2,4500.0,0.1,8100.0,2026-03-19 03:20:00,Refunded,Net Banking
ORD-0002335,CUST-000471,P-PRD-110,3,3500.0,0.05,9975.0,2026-03-18 20:21:58,Shipped,Wallet
ORD-0002336,CUST-000424,P-PRD-107,2,199.0,0.0,398.0,2026-07-25 03:11:52,Cancelled,Cash on Delivery
ORD-0002337,CUST-000334,P-PRD-103,2,189.0,0.0,378.0,2026-07-08 17:48:44,Completed,Debit Card
ORD-0002338,CUST-000217,P-PRD-107,1,199.0,0.05,189.05,2026-04-02 17:09:55,Completed,Credit Card
ORD-0002339,CUST-000101,P-PRD-112,-3,179.0,0.0,-537.0,2026-07-08 07:30:24,Pending,Credit Card
ORD-0002340,CUST-000416,P-PRD-103,1,189.0,0.15,160.65,2026-04-20 13:06:23,Refunded,Credit Card
ORD-0002341,CUST-000284,P-PRD-112,1,179.0,0.0,179.0,2026-07-25 23:18:38,Refunded,Wallet
ORD-0002342,CUST-000032,P-PRD-101,1,2499.0,0.0,2499.0,2026-06-08 23:03:33,Shipped,Net Banking
ORD-0002343,CUST-000441,P-PRD-104,1,299.0,0.0,299.0,2026-04-12 11:21:01,Cancelled,Net Banking
ORD-0002344,CUST-000453,P-PRD-104,1,299.0,0.0,299.0,2026-03-12 11:29:53,Processing,Cash on Delivery
ORD-0002345,CUST-000324,P-PRD-109,4,550.0,0.1,1980.0,2026-06-01 23:32:00,Shipped,Net Banking
ORD-0002346,CUST-000223,P-PRD-109,1,550.0,0.1,495.0,2026-02-18 19:47:45,Pending,Debit Card
ORD-0002347,CUST-000407,P-PRD-103,1,189.0,0.0,189.0,2026-07-23 22:38:05,Completed,Cash on Delivery
ORD-0002348,CUST-000261,P-PRD-112,5,179.0,0.0,895.0,2026-04-07 09:52:31,Refunded,Wallet
ORD-0002349,CUST-000033,P-PRD-109,1,550.0,0.05,522.5,2026-08-16 17:48:29,Shipped,Net Banking
ORD-0002350,CUST-000049,P-PRD-111,1,249.0,0.1,224.1,2026-05-24 14:16:40,Pending,Credit Card
ORD-0002351,CUST-000480,P-PRD-109,2,550.0,0.1,990.0,2026-04-28 02:05:38,Completed,Wallet
ORD-0002352,CUST-000311,P-PRD-108,5,750.0,0.0,3750.0,2026-06-26 21:07:01,Processing,Wallet
ORD-0002353,CUST-000438,P-PRD-109,2,550.0,0.0,1100.0,2026-05-06 05:49:43,Refunded,Net Banking
ORD-0002354,CUST-000346,P-PRD-101,10,2499.0,0.1,22491.0,2026-03-29 07:18:57,Shipped,UPI
ORD-0002355,CUST-000422,P-PRD-107,2,199.0,0.1,358.2,2026-07-25 05:58:22,Cancelled,Credit Card
ORD-0002356,CUST-000230,P-PRD-104,1,299.0,0.0,299.0,2026-07-12 23:00:16,Processing,UPI
ORD-0002357,CUST-000140,P-PRD-111,1,249.0,0.05,236.55,2026-06-12 03:55:57,Pending,Wallet
ORD-0002358,CUST-000012,P-PRD-108,1,750.0,0.0,750.0,2026-07-27 08:05:18,Shipped,Wallet
ORD-0002359,CUST-000156,P-PRD-102,0,899.0,0.0,0.0,2026-05-31 10:43:31,Completed,Wallet
ORD-0002360,CUST-000158,P-PRD-111,2,249.0,0.0,498.0,2026-05-20 15:34:53,Cancelled,UPI
ORD-0002361,CUST-000039,P-PRD-109,1,550.0,0.05,522.5,2026-06-28 04:05:34,Completed,Net Banking
ORD-0002362,CUST-000148,P-PRD-108,2,750.0,0.05,1425.0,2026-04-12 07:36:10,Refunded,Wallet
ORD-0002363,CUST-000274,P-PRD-102,10,899.0,0.0,8990.0,2026-07-18 12:31:09,Completed,UPI
ORD-0002364,CUST-000006,P-PRD-110,1,3500.0,0.05,3325.0,2026-05-29 17:26:55,Processing,Debit Card
ORD-0002365,CUST-000456,P-PRD-101,1,2499.0,0.0,2499.0,2026-06-15 18:30:38,Shipped,Net Banking
ORD-0002366,CUST-000309,P-PRD-101,1,2499.0,0.0,2499.0,2026-04-29 12:33:12,Processing,UPI
ORD-0002367,CUST-000396,P-PRD-104,1,299.0,0.15,254.15,2026-07-15 13:18:52,Pending,Cash on Delivery
ORD-0002368,CUST-000169,P-PRD-108,1,750.0,0.1,675.0,2026-07-10 01:42:54,Cancelled,Wallet
ORD-0002369,CUST-000135,P-PRD-112,10,179.0,0.0,1790.0,2026-06-05 01:42:02,Completed,Debit Card
ORD-0002370,CUST-000229,P-PRD-106,4,1200.0,0.0,4800.0,2026-04-13 18:45:35,Refunded,UPI
ORD-0002371,CUST-ORPHAN-950777,P-PRD-111,1,249.0,0.0,249.0,2026-07-21 06:02:43,Refunded,Debit Card
ORD-0002372,CUST-000150,P-PRD-102,2,899.0,0.1,1618.2,2026-04-09 09:02:41,Cancelled,Cash on Delivery
ORD-0002373,CUST-000151,P-PRD-107,1,199.0,0.0,199.0,2026-06-20 17:47:52,Refunded,Credit Card
ORD-0002374,CUST-000083,P-PRD-107,4,199.0,0.1,716.4,2026-02-25 21:12:06,Refunded,Debit Card
ORD-0002375,CUST-000456,P-PRD-112,1,179.0,0.0,179.0,2026-05-05 04:07:12,Processing,Debit Card
ORD-0002376,CUST-000482,P-PRD-101,1,2499.0,0.0,2499.0,2026-05-17 08:27:00,Cancelled,Net Banking
ORD-0002377,CUST-000192,P-PRD-103,1,189.0,0.0,189.0,2026-03-26 21:40:37,Completed,UPI
ORD-0002378,CUST-000313,P-PRD-110,1,3500.0,0.0,3500.0,2026-05-10 08:34:43,Pending,Debit Card
ORD-0002379,CUST-000093,P-PRD-102,2,899.0,0.0,1798.0,2026-04-15 16:12:53,Refunded,Cash on Delivery
ORD-0002380,CUST-000408,P-PRD-101,1,2499.0,0.0,2499.0,2026-05-29 04:08:26,Cancelled,UPI
ORD-0002381,CUST-000167,P-PRD-106,2,1200.0,0.05,2280.0,2026-05-12 23:18:12,Completed,Debit Card
ORD-0002382,CUST-000161,P-PRD-101,1,2499.0,0.0,2499.0,2026-03-26 03:33:15,Processing,Cash on Delivery
ORD-0002383,CUST-000053,P-PRD-103,2,189.0,0.1,340.2,2026-07-20 19:08:22,Completed,Cash on Delivery
ORD-0002384,CUST-000066,P-PRD-111,1,249.0,0.0,249.0,2026-03-08 10:17:01,Pending,Cash on Delivery
ORD-0002385,CUST-000499,P-PRD-108,1,750.0,0.0,750.0,2026-04-29 12:36:19,Refunded,Wallet
ORD-0002386,CUST-000317,P-PRD-106,2,1200.0,0.05,2280.0,2026-05-12 13:15:48,Processing,Debit Card
ORD-0002387,CUST-000343,P-PRD-105,1,4500.0,0.1,4050.0,2026-03-26 04:28:12,Completed,Net Banking
ORD-0002388,CUST-000258,P-PRD-106,1,1200.0,0.05,1140.0,2026-06-12 19:30:40,Completed,UPI
ORD-0002389,CUST-000271,P-PRD-111,1,249.0,0.0,249.0,2026-03-14 02:29:35,Shipped,Net Banking
ORD-0002390,CUST-000242,P-PRD-104,3,299.0,0.05,852.15,2026-05-20 22:13:36,Processing,Net Banking
ORD-0002391,CUST-000376,P-PRD-112,3,179.0,0.0,537.0,2026-06-16 21:25:24,Processing,Wallet
ORD-0002392,CUST-000414,P-PRD-110,1,3500.0,0.0,3500.0,2026-07-23 00:29:06,Completed,UPI
ORD-0002393,CUST-000262,P-PRD-109,1,550.0,0.0,550.0,2026-07-04 01:00:59,Shipped,Credit Card
ORD-0002394,CUST-000036,P-PRD-112,1,179.0,0.1,161.1,2026-07-02 14:57:53,Pending,Net Banking
ORD-0002395,CUST-000263,P-PRD-108,2,750.0,0.15,1275.0,2026-07-10 19:34:30,Processing,Debit Card
ORD-0002396,CUST-000244,P-PRD-104,1,299.0,0.1,269.1,2026-06-09 23:47:07,Processing,Cash on Delivery
ORD-0002397,CUST-000093,P-PRD-102,1,899.0,0.0,899.0,2026-05-13 00:49:55,Processing,Cash on Delivery
ORD-0002398,CUST-000417,P-PRD-109,1,550.0,0.0,550.0,2026-03-18 06:03:29,Shipped,Cash on Delivery
ORD-0002399,CUST-000150,P-PRD-105,3,4500.0,0.0,13500.0,2026-06-21 09:12:20,Refunded,Net Banking
ORD-0002400,CUST-000304,P-PRD-107,2,199.0,0.0,398.0,2026-05-09 01:15:39,Pending,Net Banking
ORD-0002401,CUST-000310,P-PRD-110,1,3500.0,0.0,3500.0,2026-06-09 02:37:35,Processing,Credit Card
ORD-0002402,CUST-000295,P-PRD-110,3,3500.0,0.05,9975.0,2026-03-18 18:50:36,Cancelled,Wallet
ORD-0002403,CUST-000246,P-PRD-104,2,299.0,0.0,598.0,2026-04-19 05:28:50,Pending,Credit Card
ORD-0002404,CUST-000277,P-PRD-110,1,3500.0,0.0,3500.0,2026-05-02 23:17:04,Refunded,UPI
ORD-0002405,CUST-000378,P-PRD-109,3,550.0,0.0,1650.0,2026-08-09 15:28:54,Refunded,Net Banking
ORD-0002406,CUST-000225,P-PRD-103,2,189.0,0.15,321.3,2026-06-24 05:03:05,Refunded,Cash on Delivery
ORD-0002407,CUST-000388,P-PRD-109,1,550.0,0.0,550.0,2026-03-19 14:39:14,Completed,Debit Card
ORD-0002408,CUST-000226,P-PRD-112,2,179.0,0.05,340.1,2026-07-24 16:04:08,Completed,Debit Card
ORD-0002409,CUST-000277,P-PRD-104,2,299.0,0.15,508.3,2026-06-13 20:04:17,Shipped,Credit Card
ORD-0002410,CUST-000386,P-PRD-110,2,3500.0,0.15,5950.0,2026-04-27 05:03:23,Completed,UPI
ORD-0002411,CUST-000106,P-PRD-107,1,199.0,0.15,169.15,2026-07-02 07:19:53,Cancelled,Credit Card
ORD-0002412,CUST-000373,P-PRD-104,2,299.0,0.0,598.0,2026-06-27 05:31:45,Shipped,Wallet
ORD-0002413,CUST-000042,P-PRD-110,1,3500.0,0.2,2800.0,2026-06-24 12:42:13,Completed,UPI
ORD-0002414,CUST-000173,P-PRD-110,1,3500.0,0.1,3150.0,2026-07-27 16:59:49,Refunded,Wallet
ORD-0002415,CUST-000086,P-PRD-102,1,899.0,0.0,899.0,2026-05-24 04:34:45,Pending,Wallet
ORD-0002416,CUST-000475,P-PRD-107,2,199.0,0.0,398.0,2026-05-24 20:20:37,Refunded,Cash on Delivery
ORD-0002417,CUST-000259,P-PRD-109,3,550.0,0.1,1485.0,2026-06-16 17:31:14,Refunded,UPI
ORD-0002418,CUST-000345,P-PRD-107,1,199.0,0.05,189.05,2026-03-22 14:02:50,Pending,Wallet
ORD-0002419,CUST-000128,P-PRD-109,1,550.0,0.0,550.0,2026-06-20 04:16:44,Pending,Cash on Delivery
ORD-0002420,CUST-000179,P-PRD-102,1,899.0,0.0,899.0,2026-07-14 19:14:18,Refunded,Wallet
ORD-0002421,CUST-000274,P-PRD-102,3,899.0,0.05,2562.15,2026-03-01 03:24:22,Processing,Credit Card
ORD-0002422,CUST-000154,P-PRD-104,2,299.0,0.0,598.0,2026-03-08 05:35:06,Refunded,Wallet
ORD-0002423,CUST-000195,P-PRD-107,1,199.0,0.0,199.0,2026-04-15 05:46:58,Cancelled,Cash on Delivery
ORD-0002424,CUST-000291,P-PRD-104,1,299.0,0.0,299.0,2026-07-26 19:17:06,Refunded,Credit Card
ORD-0002425,CUST-000279,P-PRD-106,5,1200.0,0.2,4800.0,2026-06-08 20:22:38,Processing,Cash on Delivery
ORD-0002426,CUST-000231,P-PRD-111,1,249.0,0.05,236.55,2026-05-28 06:45:43,Pending,Wallet
ORD-0002427,CUST-000096,P-PRD-106,1,1200.0,0.15,1020.0,2026-03-16 06:55:01,Processing,Debit Card
ORD-0002428,CUST-000348,P-PRD-110,1,3500.0,0.0,3500.0,2026-06-29 01:49:31,Shipped,Net Banking
ORD-0002429,CUST-000015,P-PRD-103,2,189.0,0.0,378.0,2026-08-04 06:51:28,Shipped,Credit Card
ORD-0002430,CUST-000128,P-PRD-105,1,4500.0,0.0,4500.0,2026-04-25 02:25:26,Completed,Cash on Delivery
ORD-0002431,CUST-000040,P-PRD-101,4,2499.0,0.05,9496.2,2026-08-16 09:54:08,Processing,Cash on Delivery
ORD-0002432,CUST-000172,P-PRD-109,4,550.0,0.05,2090.0,2026-05-06 08:00:02,Processing,Credit Card
ORD-0002433,CUST-000495,P-PRD-102,1,899.0,0.05,854.05,2026-07-07 17:07:56,Pending,Net Banking
ORD-0002434,CUST-000005,P-PRD-105,1,4500.0,0.0,4500.0,2026-06-06 21:58:41,Cancelled,Credit Card
ORD-0002435,CUST-000133,P-PRD-111,1,249.0,0.0,249.0,2026-07-17 01:27:31,Cancelled,UPI
ORD-0002436,CUST-000476,P-PRD-101,2,2499.0,0.0,4998.0,2026-03-02 08:19:15,Shipped,Net Banking
ORD-0002437,CUST-000389,P-PRD-111,3,249.0,0.05,709.65,2026-08-14 17:13:07,Cancelled,Debit Card
ORD-0002438,CUST-000275,P-PRD-105,4,4500.0,0.0,18000.0,2026-04-29 04:44:06,Processing,Credit Card
ORD-0002439,CUST-000122,P-PRD-106,2,1200.0,0.15,2040.0,2026-03-25 10:57:47,Completed,Net Banking
ORD-0002440,CUST-000101,P-PRD-101,2,2499.0,0.0,4998.0,2026-07-10 13:28:29,Completed,Credit Card
ORD-0002441,CUST-000431,P-PRD-105,3,4500.0,0.1,12150.0,2026-02-27 00:28:56,Processing,Debit Card
ORD-0002442,CUST-000391,P-PRD-109,4,550.0,0.0,2200.0,2026-04-12 13:03:12,Shipped,Net Banking
ORD-0002443,CUST-000184,P-PRD-109,1,550.0,0.0,550.0,2026-99-99 25:99:99,Shipped,Net Banking
ORD-0002444,CUST-000049,P-PRD-104,2,299.0,0.05,568.1,2026-07-27 21:11:30,Processing,Debit Card
ORD-0002445,CUST-000327,P-PRD-107,5,199.0,0.0,995.0,2026-03-23 07:30:07,Pending,UPI
ORD-0002446,CUST-ORPHAN-959009,P-PRD-101,4,2499.0,0.0,9996.0,2026-04-03 01:33:29,Completed,Wallet
ORD-0002447,CUST-000237,P-PRD-103,1,189.0,0.1,170.1,2026-03-06 17:48:15,Completed,Cash on Delivery
ORD-0002448,CUST-000354,P-PRD-110,3,3500.0,0.0,10500.0,2026-07-13 00:55:08,Pending,UPI
ORD-0002449,CUST-000401,P-PRD-104,3,299.0,0.05,852.15,2026-03-06 15:42:42,Shipped,Cash on Delivery
ORD-0002450,CUST-000051,P-PRD-111,4,249.0,0.0,996.0,2026-04-30 12:53:37,Shipped,Credit Card
ORD-0002451,CUST-000378,P-PRD-109,1,550.0,0.05,522.5,2026-04-25 13:59:55,Shipped,Debit Card
ORD-0002452,CUST-000192,P-PRD-102,10,899.0,0.1,8091.0,2026-03-26 23:50:32,Processing,Credit Card
ORD-0002453,CUST-000457,P-PRD-112,2,179.0,0.0,358.0,2026-06-05 20:43:01,Completed,Wallet
ORD-0002454,CUST-000027,P-PRD-101,1,2499.0,0.0,2499.0,2026-06-08 20:42:00,Refunded,Net Banking
ORD-0002455,CUST-000244,P-PRD-101,1,2499.0,0.0,2499.0,2026-08-15 16:51:19,Pending,Credit Card
ORD-0002456,CUST-000078,P-PRD-101,1,2499.0,0.0,2499.0,2026-04-20 07:19:15,Shipped,Cash on Delivery
ORD-0002457,CUST-000293,P-PRD-106,1,1200.0,0.2,960.0,2026-07-17 18:13:22,Completed,UPI
ORD-0002458,CUST-000310,P-PRD-106,1,1200.0,0.0,1200.0,2026-04-21 22:03:35,Processing,Wallet
ORD-0002459,CUST-000014,P-PRD-108,1,750.0,0.0,750.0,2026-04-07 18:20:52,Refunded,Net Banking
ORD-0002460,CUST-000048,P-PRD-102,1,899.0,0.1,809.1,2026-07-12 18:35:23,Refunded,Wallet
ORD-0002461,CUST-000039,P-PRD-111,1,249.0,0.0,249.0,2026-03-20 17:59:46,Processing,UPI
ORD-0002462,CUST-000364,P-PRD-105,2,4500.0,0.1,8100.0,2026-06-24 21:07:39,Cancelled,Debit Card
ORD-0002463,CUST-000495,P-PRD-102,1,899.0,0.0,899.0,2026-04-25 04:14:35,Pending,Net Banking
ORD-0002464,CUST-000075,P-PRD-104,3,299.0,0.0,897.0,2026-03-23 23:46:29,Processing,Debit Card
ORD-0002465,CUST-000204,P-PRD-101,1,2499.0,0.0,2499.0,2026-07-19 02:54:49,Completed,Debit Card
ORD-0002466,CUST-000469,P-PRD-111,2,249.0,0.0,498.0,2026-05-08 09:19:44,Shipped,Debit Card
ORD-0002467,CUST-000012,P-PRD-104,2,299.0,0.0,598.0,2026-07-29 05:56:40,Processing,Credit Card
ORD-0002468,,P-PRD-108,1,750.0,0.05,712.5,2026-07-23 04:00:51,Refunded,Wallet
ORD-0002469,CUST-000139,P-PRD-106,3,-1200.0,0.0,-3600.0,2026-07-07 05:51:30,Completed,Net Banking
ORD-0002470,CUST-000055,P-PRD-110,2,3500.0,0.0,7000.0,2026-07-06 14:15:26,Completed,Debit Card
ORD-0002471,CUST-000277,P-PRD-107,10,199.0,0.05,1890.5,2026-07-24 12:35:52,Shipped,UPI
ORD-0002472,CUST-000220,P-PRD-109,2,550.0,0.0,1100.0,2026-06-17 06:54:00,Completed,Credit Card
ORD-0002473,CUST-000138,P-PRD-105,1,4500.0,0.0,4500.0,2026-04-19 09:02:47,Refunded,Wallet
ORD-0002474,CUST-000290,P-PRD-102,2,899.0,0.0,1798.0,2026-07-27 13:44:27,Pending,Credit Card
ORD-0002475,CUST-000023,P-PRD-101,1,2499.0,0.05,2374.05,2026-07-04 00:25:40,Shipped,Wallet
ORD-0002476,CUST-000321,P-PRD-103,3,189.0,0.1,510.3,2026-04-18 03:13:52,Cancelled,UPI
ORD-0002477,CUST-000139,P-PRD-108,4,750.0,0.0,3000.0,2026-03-30 21:21:26,Pending,Wallet
ORD-0002478,CUST-000211,P-PRD-106,1,1200.0,0.0,1200.0,2026-02-20 23:12:38,Completed,Debit Card
ORD-0002479,CUST-000374,P-PRD-108,2,750.0,0.05,1425.0,2026-02-22 06:10:07,Processing,Credit Card
ORD-0002480,CUST-000391,P-PRD-104,1,299.0,0.0,299.0,2026-07-09 11:59:01,Shipped,Debit Card
ORD-0002481,CUST-000382,P-PRD-112,10,-179.0,0.0,-1790.0,2026-07-19 21:08:15,Cancelled,Credit Card
ORD-0002482,CUST-000063,P-PRD-105,1,4500.0,0.1,4050.0,2026-02-24 14:11:31,Completed,Net Banking
ORD-0002483,CUST-000381,P-PRD-111,1,249.0,0.0,249.0,2026-08-13 11:05:27,Pending,Net Banking
ORD-0002484,CUST-ORPHAN-939348,P-PRD-111,2,249.0,0.1,448.2,2026-06-16 15:34:49,Completed,Net Banking
ORD-0002485,CUST-000279,P-PRD-102,4,899.0,0.1,3236.4,2026-07-09 08:34:15,Shipped,UPI
ORD-0002486,CUST-000021,P-PRD-101,1,2499.0,0.0,2499.0,2026-07-19 11:50:24,Processing,Cash on Delivery
ORD-0002487,CUST-000223,P-PRD-102,4,899.0,0.05,3416.2,2026-04-22 09:18:50,Completed,Credit Card
ORD-0002488,CUST-000044,P-PRD-106,1,1200.0,0.05,1140.0,2026-08-03 06:32:11,Refunded,UPI
ORD-0002489,CUST-000073,P-PRD-110,5,3500.0,0.0,17500.0,2026-02-22 23:58:23,Refunded,UPI
ORD-0002490,CUST-ORPHAN-949160,P-PRD-101,1,2499.0,0.0,2499.0,2026-04-21 03:11:59,Shipped,Net Banking
ORD-0002491,CUST-000485,P-PRD-110,2,3500.0,0.0,7000.0,2026-07-17 03:02:22,Shipped,Net Banking
ORD-0002492,CUST-000368,P-PRD-101,1,2499.0,0.0,2499.0,2026-04-28 16:32:01,Refunded,Credit Card
ORD-0002493,CUST-000362,P-PRD-109,4,550.0,0.05,2090.0,2026-03-28 22:06:14,Refunded,Debit Card
ORD-0002494,CUST-000306,P-PRD-105,5,4500.0,0.0,22500.0,2026-05-29 22:12:42,Completed,Wallet
ORD-0002495,CUST-000456,P-PRD-102,1,899.0,0.05,854.05,2026-03-25 10:06:41,Pending,UPI
ORD-0002496,CUST-000099,P-PRD-107,1,-199.0,0.2,-199.0,2026-04-16 05:37:42,Shipped,Credit Card
ORD-0002497,CUST-000082,P-PRD-110,1,3500.0,0.1,3150.0,2026-03-26 13:10:23,Refunded,UPI
ORD-0002498,CUST-000060,P-PRD-111,1,249.0,0.0,249.0,2026-04-05 16:04:54,Processing,UPI
ORD-0002499,CUST-000147,P-PRD-111,3,249.0,0.0,747.0,2026-02-26 19:18:09,Shipped,Wallet
ORD-0002500,CUST-000029,P-PRD-105,1,4500.0,0.0,4500.0,2026-03-11 21:44:25,Cancelled,Debit Card
ORD-0002501,CUST-000235,P-PRD-102,1,899.0,0.05,854.05,2026-04-04 00:23:16,Pending,Wallet
ORD-0002502,CUST-000475,P-PRD-111,1,249.0,0.0,249.0,2026-03-22 18:09:24,Refunded,UPI
ORD-0002503,CUST-000368,P-PRD-106,1,1200.0,0.05,1140.0,2026-06-10 04:55:27,Pending,Cash on Delivery
ORD-0002504,CUST-000388,P-PRD-105,1,4500.0,0.05,4275.0,2026-05-08 16:56:20,Pending,Debit Card
ORD-0002505,CUST-000215,P-PRD-104,3,299.0,0.0,897.0,2026-02-24 20:59:10,Cancelled,Credit Card
ORD-0002506,CUST-000004,P-PRD-106,1,1200.0,0.05,1140.0,2026-07-29 00:33:00,Refunded,UPI
ORD-0002507,CUST-000077,P-PRD-105,1,4500.0,0.0,4500.0,2026-06-05 20:06:44,Shipped,Net Banking
ORD-0002508,CUST-000084,P-PRD-106,3,1200.0,0.05,3420.0,2026-03-23 09:47:38,Refunded,Debit Card
ORD-0002509,CUST-000002,P-PRD-109,1,550.0,0.0,550.0,2026-05-29 05:52:13,Refunded,Net Banking
ORD-0002510,CUST-000440,P-PRD-103,1,189.0,0.0,189.0,2026-07-28 09:10:40,Shipped,Wallet
ORD-0002511,CUST-000440,P-PRD-105,3,4500.0,0.0,13500.0,2026-06-17 20:01:09,Refunded,Debit Card
ORD-0002512,CUST-000328,P-PRD-104,1,299.0,0.0,299.0,2026-03-18 11:39:56,Processing,Wallet
ORD-0002513,CUST-000155,P-PRD-103,1,189.0,0.0,189.0,2026-04-29 00:42:52,Processing,Credit Card
ORD-0002514,CUST-000215,P-PRD-112,3,179.0,0.0,537.0,2026-03-18 22:34:43,Completed,UPI
ORD-0002515,CUST-000222,P-PRD-105,2,4500.0,0.1,8100.0,2026-04-01 06:04:57,Processing,Wallet
ORD-0002516,CUST-000009,P-PRD-107,2,199.0,0.0,398.0,2026-05-02 16:29:31,Completed,Credit Card
ORD-0002517,CUST-000364,P-PRD-110,1,3500.0,0.0,3500.0,2026-07-08 20:00:42,Cancelled,Debit Card
ORD-0002518,CUST-000002,P-PRD-111,1,249.0,0.0,249.0,2026-05-16 14:27:03,Processing,Wallet
ORD-0002519,CUST-000258,P-PRD-103,2,189.0,0.0,378.0,2026-04-30 14:26:54,UNKNOWN_ERROR_STATUS,Wallet
ORD-0002520,CUST-000208,P-PRD-105,3,4500.0,0.0,13500.0,2026-03-15 20:45:22,Completed,Debit Card
ORD-0002521,CUST-000419,P-PRD-106,1,1200.0,0.05,1140.0,2026-04-30 20:04:58,Refunded,Debit Card
ORD-0002522,CUST-000016,P-PRD-102,2,899.0,0.0,1798.0,2026-07-25 12:18:27,Shipped,Credit Card
ORD-0002523,CUST-000123,P-PRD-108,1,750.0,0.05,712.5,2026-08-02 11:28:58,Shipped,Credit Card
ORD-0002524,CUST-000104,P-PRD-103,1,189.0,0.05,179.55,2026-03-17 14:44:21,Shipped,Wallet
ORD-0002525,CUST-000319,P-PRD-110,4,3500.0,0.0,14000.0,2026-03-13 03:08:14,Completed,Credit Card
ORD-0002526,CUST-000472,P-PRD-108,3,750.0,0.0,2250.0,2026-08-14 11:09:37,Refunded,Credit Card
ORD-0002527,CUST-000239,P-PRD-111,2,249.0,0.0,498.0,2026-03-17 16:02:16,Shipped,Debit Card
ORD-0002528,CUST-000483,P-PRD-106,2,1200.0,0.05,2280.0,2026-03-04 11:33:32,Processing,Credit Card
ORD-0002529,CUST-000146,P-PRD-111,1,249.0,0.0,249.0,2026-05-22 17:25:51,Refunded,Credit Card
ORD-0002530,CUST-000492,P-PRD-108,1,750.0,0.0,750.0,2026-04-01 21:26:03,Completed,Net Banking
ORD-0002531,CUST-000286,P-PRD-109,2,550.0,0.1,990.0,2026-07-01 17:12:49,Shipped,Debit Card
ORD-0002532,CUST-000307,P-PRD-101,2,2499.0,0.0,4998.0,2026-06-04 20:56:21,Shipped,Credit Card
ORD-0002533,CUST-000263,P-PRD-102,3,899.0,0.0,2697.0,2026-03-29 21:48:46,Pending,Cash on Delivery
ORD-0002534,CUST-000390,P-PRD-110,2,3500.0,0.0,7000.0,2026-06-22 10:56:35,Completed,Wallet
ORD-0002535,CUST-000174,P-PRD-104,1,299.0,0.15,254.15,2026-07-11 20:56:55,Completed,Debit Card
ORD-0002536,,P-PRD-101,2,2499.0,0.05,4748.1,2026-05-23 05:53:59,Shipped,Wallet
ORD-0002537,CUST-000334,P-PRD-105,2,4500.0,0.0,9000.0,2026-03-25 00:51:11,Shipped,Debit Card
ORD-0002538,CUST-000424,P-PRD-102,1,899.0,0.0,899.0,2026-05-28 15:01:22,Refunded,Net Banking
ORD-0002539,CUST-000435,P-PRD-108,1,750.0,0.05,712.5,2026-02-24 07:14:54,Shipped,Cash on Delivery
ORD-0002540,CUST-000034,P-PRD-107,2,199.0,0.0,398.0,2026-07-16 06:21:54,Refunded,Cash on Delivery
ORD-0002541,CUST-000484,P-PRD-103,1,189.0,0.0,189.0,2026-03-20 07:53:26,Processing,Debit Card
ORD-0002542,CUST-000003,P-PRD-108,4,750.0,0.0,3000.0,2026-05-22 18:46:40,Refunded,Wallet
ORD-0002543,CUST-000459,P-PRD-103,1,189.0,0.0,189.0,2026-08-14 21:11:02,Cancelled,Wallet
ORD-0002544,CUST-000296,P-PRD-103,1,-189.0,0.1,-189.0,2026-06-26 19:29:21,Pending,Credit Card
ORD-0002545,CUST-000380,P-PRD-107,2,199.0,0.1,358.2,2026-02-22 04:36:26,Pending,Credit Card
ORD-0002546,CUST-000189,P-PRD-102,1,899.0,0.05,854.05,2026-07-09 07:13:09,Refunded,UPI
ORD-0002547,CUST-000408,P-PRD-104,1,299.0,0.1,269.1,2026-07-26 05:06:09,Pending,UPI
ORD-0002548,CUST-000048,P-PRD-101,1,2499.0,0.1,2249.1,2026-04-30 11:14:37,Shipped,UPI
ORD-0002549,CUST-000080,P-PRD-108,2,750.0,0.1,1350.0,2026-06-06 21:32:23,Processing,Net Banking
ORD-0002550,CUST-000173,P-PRD-106,2,1200.0,0.15,2040.0,2026-03-18 22:04:08,Cancelled,Credit Card
ORD-0002551,CUST-000466,P-PRD-108,1,750.0,0.0,750.0,2026-04-19 14:39:06,Processing,Wallet
ORD-0002552,CUST-000051,P-PRD-106,1,1200.0,0.0,1200.0,2026-07-31 18:44:54,Refunded,Wallet
ORD-0002553,CUST-000117,P-PRD-112,1,179.0,0.0,179.0,2026-05-04 08:55:49,Refunded,UPI
ORD-0002554,CUST-000217,P-PRD-108,1,750.0,0.0,750.0,2026-03-07 09:09:49,Completed,Credit Card
ORD-0002555,CUST-000032,P-PRD-109,1,550.0,0.0,550.0,2026-04-27 16:50:19,Shipped,Wallet
ORD-0002556,CUST-000387,P-PRD-104,1,299.0,0.05,284.05,2026-04-14 20:38:42,Shipped,UPI
ORD-0002557,CUST-000117,P-PRD-109,1,550.0,0.0,550.0,2026-06-12 03:52:59,Completed,UPI
ORD-0002558,CUST-000167,P-PRD-112,1,179.0,0.0,179.0,2026-03-02 22:59:09,Cancelled,Debit Card
ORD-0002559,CUST-000396,P-PRD-107,2,199.0,0.0,398.0,2026-03-28 09:30:12,Pending,Wallet
ORD-0002560,CUST-000154,P-PRD-101,1,2499.0,0.0,2499.0,2026-03-24 17:27:44,Shipped,Cash on Delivery
ORD-0002561,CUST-000350,P-PRD-104,1,299.0,0.15,254.15,2026-08-18 00:36:25,Processing,Debit Card
ORD-0002562,CUST-000498,P-PRD-107,1,199.0,0.05,189.05,2026-05-21 15:04:09,Pending,Debit Card
ORD-0002563,CUST-000221,P-PRD-112,2,179.0,0.0,358.0,2026-99-99 25:99:99,Refunded,Cash on Delivery
ORD-0002564,CUST-000265,P-PRD-109,10,550.0,0.0,5500.0,2026-04-18 23:30:32,Completed,Cash on Delivery
ORD-0002565,CUST-000190,P-PRD-104,1,299.0,0.0,299.0,2026-02-25 12:11:46,Cancelled,Debit Card
ORD-0002566,CUST-000296,P-PRD-107,2,199.0,0.2,318.4,2026-05-13 14:47:38,Shipped,Net Banking
ORD-0002567,CUST-000399,P-PRD-101,1,2499.0,0.05,2374.05,2026-05-12 08:04:11,Shipped,Credit Card
ORD-0002568,CUST-000257,P-PRD-110,4,3500.0,0.0,14000.0,2026-05-16 05:37:19,Processing,Debit Card
ORD-0002569,CUST-000040,P-PRD-110,2,3500.0,0.0,7000.0,2026-07-03 02:32:31,Pending,Debit Card
ORD-0002570,CUST-000442,P-PRD-107,2,199.0,0.0,398.0,2026-04-11 23:39:03,Completed,Cash on Delivery
ORD-0002571,CUST-000485,P-PRD-111,1,249.0,0.0,249.0,2026-03-10 10:00:36,Processing,Cash on Delivery
ORD-0002572,CUST-000219,P-PRD-110,1,3500.0,0.0,3500.0,2026-06-06 23:04:21,Completed,UPI
ORD-0002573,CUST-000454,P-PRD-109,1,550.0,0.0,550.0,2026-07-10 07:48:08,Cancelled,Wallet
ORD-0002574,CUST-000192,P-PRD-103,4,189.0,0.1,680.4,2026-07-16 17:22:26,Pending,Wallet
ORD-0002575,CUST-000092,P-PRD-103,1,189.0,0.0,189.0,2026-06-04 13:47:28,Cancelled,Credit Card
ORD-0002576,CUST-000457,P-PRD-105,1,4500.0,0.0,4500.0,2026-06-24 19:54:25,Completed,Net Banking
ORD-0002577,CUST-000446,P-PRD-102,1,899.0,0.15,764.15,2026-02-23 00:57:12,Completed,Net Banking
ORD-0002578,CUST-000229,P-PRD-101,4,2499.0,0.05,9496.2,2026-02-27 03:41:24,Cancelled,Debit Card
ORD-0002579,CUST-000212,P-PRD-108,1,750.0,0.15,637.5,2026-05-26 14:06:59,Pending,Credit Card
ORD-0002580,CUST-000226,P-PRD-103,2,189.0,0.1,340.2,2026-06-09 01:53:11,Cancelled,Credit Card
ORD-0002581,CUST-000492,P-PRD-110,1,3500.0,0.0,3500.0,2026-05-13 02:33:29,Completed,Debit Card
ORD-0002582,CUST-000316,P-PRD-112,2,179.0,0.2,286.4,2026-05-12 21:02:46,Refunded,Wallet
ORD-0002583,CUST-000310,P-PRD-104,1,299.0,0.05,284.05,2026-06-24 23:38:52,Cancelled,Credit Card
ORD-0002584,CUST-000294,P-PRD-102,3,899.0,0.0,2697.0,2026-08-03 18:49:35,Processing,Wallet
ORD-0002585,CUST-000031,P-PRD-103,3,189.0,0.05,538.65,2026-06-14 07:28:26,Refunded,UPI
ORD-0002586,CUST-000233,P-PRD-103,2,189.0,0.0,378.0,2026-04-12 14:30:01,Shipped,UPI
ORD-0002587,CUST-000321,P-PRD-110,1,3500.0,0.0,3500.0,2026-02-19 11:29:54,Cancelled,Net Banking
ORD-0002588,CUST-000002,P-PRD-107,2,199.0,0.2,318.4,2026-06-03 17:52:40,Pending,Credit Card
ORD-0002589,CUST-000341,P-PRD-112,4,179.0,0.0,716.0,2026-04-03 14:45:06,Completed,Debit Card
ORD-0002590,CUST-000040,P-PRD-106,3,1200.0,0.15,3060.0,2026-04-20 15:39:00,Completed,UPI
ORD-0002591,CUST-000294,P-PRD-101,2,2499.0,0.0,4998.0,2026-03-31 05:46:34,Pending,Debit Card
ORD-0002592,CUST-000004,P-PRD-103,1,189.0,0.0,189.0,2026-03-30 06:42:48,Refunded,UPI
ORD-0002593,CUST-000031,P-PRD-102,2,899.0,0.05,1708.1,2026-05-16 03:24:58,Processing,Cash on Delivery
ORD-0002594,CUST-000018,P-PRD-104,3,299.0,0.0,897.0,2026-07-10 13:29:10,Processing,Cash on Delivery
ORD-0002595,CUST-000320,P-PRD-104,3,299.0,0.0,897.0,2026-04-01 03:48:42,Pending,Net Banking
ORD-0002596,CUST-000304,P-PRD-107,1,199.0,0.1,179.1,2026-02-25 05:42:54,Cancelled,Cash on Delivery
ORD-0002597,CUST-000331,P-PRD-104,1,299.0,0.1,269.1,2026-04-28 02:55:34,Completed,Debit Card
ORD-0002598,CUST-000030,P-PRD-108,3,750.0,0.1,2025.0,2026-05-30 04:29:08,Cancelled,Wallet
ORD-0002599,CUST-000489,P-PRD-101,1,2499.0,0.0,2499.0,2026-06-26 07:42:19,Pending,Credit Card
ORD-0002600,CUST-000159,P-PRD-110,1,3500.0,0.0,3500.0,2026-02-22 07:03:58,Pending,Wallet
ORD-0002601,CUST-000138,P-PRD-111,1,249.0,0.0,249.0,2026-06-13 05:32:09,Cancelled,Credit Card
ORD-0002602,CUST-000093,P-PRD-107,1,199.0,0.05,189.05,2026-03-16 10:37:22,Processing,Debit Card
ORD-0002603,CUST-000066,P-PRD-107,3,199.0,0.0,597.0,2026-05-10 22:35:26,Refunded,Wallet
ORD-0002604,CUST-000205,P-PRD-105,1,4500.0,0.15,3825.0,2026-03-26 18:00:45,Cancelled,Net Banking
ORD-0002605,CUST-000416,P-PRD-104,1,299.0,0.0,299.0,2026-03-31 12:29:43,Processing,UPI
ORD-0002606,CUST-000139,P-PRD-101,1,2499.0,0.05,2374.05,2026-03-07 05:58:13,Refunded,Debit Card
ORD-0002607,CUST-000182,P-PRD-101,1,2499.0,0.0,2499.0,2026-03-25 20:44:31,Cancelled,Cash on Delivery
ORD-0002608,CUST-000122,P-PRD-111,3,249.0,0.0,747.0,2026-06-12 10:45:00,Cancelled,Net Banking
ORD-0002609,CUST-000134,P-PRD-108,2,750.0,0.0,1500.0,2026-08-15 02:14:17,Pending,Debit Card
ORD-0002610,CUST-000257,P-PRD-109,1,550.0,0.1,495.0,2026-07-29 04:47:14,Refunded,Wallet
ORD-0002611,CUST-000303,P-PRD-103,0,189.0,0.2,0.0,2026-05-07 12:50:52,Shipped,Net Banking
ORD-0002612,CUST-000325,P-PRD-107,3,199.0,0.0,597.0,2026-04-13 01:37:29,Pending,Wallet
ORD-0002613,CUST-000286,P-PRD-107,1,199.0,0.0,199.0,2026-07-26 19:10:08,Pending,UPI
ORD-0002614,CUST-000278,P-PRD-111,1,249.0,0.0,249.0,2026-03-05 12:00:42,Processing,Cash on Delivery
ORD-0002615,CUST-000403,P-PRD-106,2,1200.0,0.0,2400.0,2026-07-06 23:20:33,Processing,Cash on Delivery
ORD-0002616,CUST-000408,P-PRD-108,1,750.0,0.1,675.0,2026-02-23 11:34:49,Processing,Net Banking
ORD-0002617,CUST-000338,P-PRD-110,3,3500.0,0.0,10500.0,2026-04-15 16:18:13,Processing,Cash on Delivery
ORD-0002618,CUST-000404,P-PRD-110,1,3500.0,0.0,3500.0,2026-04-03 23:46:16,Processing,Credit Card
ORD-0002619,CUST-000274,P-PRD-103,1,189.0,0.1,170.1,2026-07-31 07:51:36,Pending,UPI
ORD-0002620,CUST-000283,P-PRD-107,1,199.0,0.1,179.1,2026-04-06 16:36:44,Completed,Credit Card
ORD-0002621,CUST-000087,P-PRD-103,1,189.0,0.0,189.0,2026-05-03 13:49:51,Cancelled,Debit Card
ORD-0002622,CUST-000405,P-PRD-101,2,2499.0,0.05,4748.1,2026-05-29 23:17:09,UNKNOWN_ERROR_STATUS,Net Banking
ORD-0002623,CUST-000205,P-PRD-101,1,2499.0,0.1,2249.1,2026-05-16 19:00:12,Cancelled,UPI
ORD-0002624,CUST-000095,P-PRD-102,1,899.0,0.0,899.0,2026-02-28 17:46:15,Refunded,Debit Card
ORD-0002625,CUST-000026,P-PRD-112,3,179.0,0.0,537.0,2026-04-22 06:35:09,Pending,Wallet
ORD-0002626,CUST-000069,P-PRD-103,1,189.0,0.0,189.0,2026-03-13 14:38:15,Pending,Net Banking
ORD-0002627,CUST-000356,P-PRD-101,1,2499.0,0.0,2499.0,2026-07-03 22:18:53,Shipped,Net Banking
ORD-0002628,CUST-000165,P-PRD-107,1,199.0,0.0,199.0,2026-08-13 08:18:22,Completed,Net Banking
ORD-0002629,CUST-000447,P-PRD-103,1,189.0,0.0,189.0,2026-07-03 05:58:33,Completed,Credit Card
ORD-0002630,CUST-000117,P-PRD-108,1,750.0,0.0,750.0,2026-03-14 09:16:42,Shipped,Cash on Delivery
ORD-0002631,CUST-000115,P-PRD-111,1,249.0,0.2,199.2,2026-04-10 08:01:43,Completed,Credit Card
ORD-0002632,CUST-000407,P-PRD-110,1,3500.0,0.05,3325.0,2026-06-10 03:59:54,Pending,Debit Card
ORD-0002633,CUST-000200,P-PRD-106,1,1200.0,0.1,1080.0,2026-03-20 00:14:48,Shipped,Debit Card
ORD-0002634,CUST-000338,P-PRD-107,2,199.0,0.0,398.0,2026-06-05 18:14:23,Shipped,Cash on Delivery
ORD-0002635,CUST-000129,P-PRD-110,1,3500.0,0.05,3325.0,2026-03-02 03:11:21,Shipped,Credit Card
ORD-0002636,CUST-000441,P-PRD-106,1,1200.0,0.0,1200.0,2026-02-23 20:14:19,Shipped,Wallet
ORD-0002637,CUST-000097,P-PRD-103,1,189.0,0.0,189.0,2026-04-03 03:32:17,Cancelled,Debit Card
ORD-0002638,CUST-000137,P-PRD-105,1,4500.0,0.0,4500.0,2026-04-16 02:52:10,Processing,Net Banking
ORD-0002639,CUST-000409,P-PRD-104,2,299.0,0.0,598.0,2026-04-25 09:25:19,Cancelled,Credit Card
ORD-0002640,CUST-000449,P-PRD-105,3,4500.0,0.0,13500.0,2026-04-17 06:52:06,Pending,Net Banking
ORD-0002641,CUST-000022,P-PRD-105,2,4500.0,0.0,9000.0,2026-07-01 08:53:04,Refunded,Cash on Delivery
ORD-0002642,CUST-000335,P-PRD-101,5,2499.0,0.0,12495.0,2026-05-16 01:21:27,Cancelled,UPI
ORD-0002643,CUST-000161,P-PRD-108,2,750.0,0.0,1500.0,2026-03-14 07:19:00,Refunded,UPI
ORD-0002644,CUST-000401,P-PRD-110,2,3500.0,0.1,6300.0,2026-02-27 14:15:41,Pending,Net Banking
ORD-0002645,CUST-000135,P-PRD-111,1,249.0,0.0,249.0,2026-08-03 16:12:38,Shipped,Cash on Delivery
ORD-0002646,CUST-000114,P-PRD-108,2,750.0,0.15,1275.0,2026-04-27 03:07:46,Pending,Net Banking
ORD-0002647,CUST-000374,P-PRD-107,1,199.0,0.1,179.1,2026-08-04 05:52:55,Shipped,UPI
ORD-0002648,CUST-000436,P-PRD-108,1,750.0,0.15,637.5,2026-04-19 07:48:06,Cancelled,Credit Card
ORD-0002649,CUST-000153,P-PRD-112,1,179.0,0.0,179.0,2026-07-01 15:15:29,Cancelled,Credit Card
ORD-0002650,CUST-000077,P-PRD-108,1,750.0,0.05,712.5,2026-07-15 21:05:33,Completed,Wallet
ORD-0002651,CUST-000021,P-PRD-112,1,179.0,0.1,161.1,2026-07-12 07:06:26,Completed,UPI
ORD-0002652,CUST-000187,P-PRD-107,3,199.0,0.0,597.0,2026-05-15 18:25:00,Pending,Cash on Delivery
ORD-0002653,CUST-000137,P-PRD-107,2,199.0,0.0,398.0,2026-02-25 07:31:07,Shipped,Cash on Delivery
ORD-0002654,CUST-000109,P-PRD-101,3,2499.0,0.0,7497.0,2026-03-21 13:02:22,Pending,Debit Card
ORD-0002655,CUST-000216,P-PRD-107,4,199.0,0.0,796.0,2026-07-16 16:28:33,Processing,Credit Card
ORD-0002656,CUST-000396,P-PRD-109,1,550.0,0.05,522.5,2026-06-09 05:04:11,Pending,Wallet
ORD-0002657,CUST-000347,P-PRD-110,3,3500.0,0.0,10500.0,2026-06-19 00:33:38,Cancelled,Net Banking
ORD-0002658,CUST-000349,P-PRD-103,2,189.0,0.05,359.1,2026-06-27 10:37:17,Shipped,Credit Card
ORD-0002659,CUST-000162,P-PRD-111,1,249.0,0.0,249.0,2026-08-09 16:16:22,Processing,Wallet
ORD-0002660,CUST-000426,P-PRD-102,2,899.0,0.0,1798.0,2026-08-03 13:30:51,Shipped,Cash on Delivery
ORD-0002661,CUST-000280,P-PRD-107,2,199.0,0.0,398.0,2026-06-03 07:18:52,Pending,Debit Card
ORD-0002662,CUST-000392,P-PRD-102,1,899.0,0.0,899.0,2026-08-10 17:37:39,Shipped,Debit Card
ORD-0002663,CUST-000298,P-PRD-110,1,3500.0,0.1,3150.0,2026-07-25 20:00:13,Refunded,Wallet
ORD-0002664,CUST-000478,P-PRD-103,1,189.0,0.0,189.0,2026-06-06 04:50:33,Pending,Debit Card
ORD-0002665,CUST-000235,P-PRD-112,4,179.0,0.0,716.0,2026-06-07 04:18:01,Cancelled,UPI
ORD-0002666,CUST-000301,P-PRD-105,1,4500.0,0.0,4500.0,2026-08-16 14:37:06,Cancelled,Cash on Delivery
ORD-0002667,CUST-000121,P-PRD-102,2,899.0,0.0,1798.0,2026-05-13 04:06:03,Refunded,Cash on Delivery
ORD-0002668,CUST-000010,P-PRD-102,1,899.0,0.1,809.1,2026-07-25 08:19:35,Shipped,Credit Card
ORD-0002669,CUST-000307,P-PRD-103,1,189.0,0.0,189.0,2026-07-06 09:04:41,Pending,Credit Card
ORD-0002670,CUST-000311,P-PRD-109,1,550.0,0.2,440.0,2026-04-19 13:31:41,Cancelled,Cash on Delivery
ORD-0002671,CUST-000338,P-PRD-104,3,299.0,0.05,852.15,2026-08-14 19:49:51,Shipped,Cash on Delivery
ORD-0002672,CUST-000213,P-PRD-108,2,750.0,0.15,1275.0,2026-05-28 16:10:17,Shipped,Cash on Delivery
ORD-0002673,CUST-000114,P-PRD-111,1,249.0,0.15,211.65,2026-07-04 14:12:04,Completed,Credit Card
ORD-0002674,CUST-000437,P-PRD-105,4,4500.0,0.0,18000.0,2026-08-05 22:15:17,Refunded,Wallet
ORD-0002675,CUST-000001,P-PRD-104,4,299.0,0.1,1076.4,2026-03-20 10:25:00,Completed,Wallet
ORD-0002676,CUST-000212,P-PRD-111,1,249.0,0.0,249.0,2026-03-03 00:30:00,Completed,Wallet
ORD-0002677,CUST-000017,P-PRD-109,2,550.0,0.1,990.0,2026-03-07 09:37:36,Pending,Net Banking
ORD-0002678,CUST-000085,P-PRD-110,4,3500.0,0.0,14000.0,2026-08-04 03:51:51,Processing,Wallet
ORD-0002679,CUST-000486,P-PRD-101,2,2499.0,0.0,4998.0,2026-03-28 11:53:13,Cancelled,Cash on Delivery
ORD-0002680,CUST-000174,P-PRD-110,1,3500.0,0.05,3325.0,2026-07-30 03:07:20,Completed,Credit Card
ORD-0002681,CUST-000002,P-PRD-107,4,199.0,0.05,756.2,2026-07-22 07:06:02,Completed,Debit Card
ORD-0002682,CUST-000208,P-PRD-107,1,199.0,0.0,199.0,2026-07-03 21:56:50,Completed,Debit Card
ORD-0002683,CUST-000234,P-PRD-101,2,2499.0,0.1,4498.2,2026-06-06 00:10:25,Refunded,UPI
ORD-0002684,CUST-000112,P-PRD-106,3,1200.0,0.0,3600.0,2026-08-03 23:46:57,Refunded,UPI
ORD-0002685,CUST-000268,P-PRD-111,3,249.0,0.0,747.0,2026-02-19 20:02:42,Pending,Credit Card
ORD-0002686,CUST-000152,P-PRD-111,4,249.0,0.0,996.0,2026-04-01 17:01:52,Processing,Debit Card
ORD-0002687,CUST-000010,P-PRD-110,1,3500.0,0.15,2975.0,2026-99-99 25:99:99,Processing,Debit Card
ORD-0002688,CUST-000292,P-PRD-108,1,750.0,0.1,675.0,2026-08-17 19:13:42,Pending,Wallet
ORD-0002689,CUST-000391,P-PRD-108,1,750.0,0.15,637.5,2026-05-05 01:54:32,Shipped,UPI
ORD-0002690,CUST-000393,P-PRD-112,1,179.0,0.0,179.0,2026-04-16 08:33:30,Processing,Wallet
ORD-0002691,CUST-000359,P-PRD-109,3,550.0,0.1,1485.0,2026-04-30 17:40:48,Pending,Net Banking
ORD-0002692,CUST-000140,P-PRD-109,2,550.0,0.0,1100.0,2026-07-14 09:32:10,Shipped,Debit Card
ORD-0002693,CUST-000142,P-PRD-112,1,179.0,0.0,179.0,2026-04-09 21:43:04,UNKNOWN_ERROR_STATUS,Net Banking
ORD-0002694,CUST-000415,P-PRD-108,2,750.0,0.05,1425.0,2026-07-04 07:56:00,Processing,Wallet
ORD-0002695,CUST-000191,P-PRD-110,1,3500.0,0.1,3150.0,2026-08-07 23:25:46,Pending,Cash on Delivery
ORD-0002696,CUST-000132,P-PRD-103,2,189.0,0.0,378.0,2026-04-02 08:02:31,Cancelled,Wallet
ORD-0002697,CUST-000197,P-PRD-107,1,199.0,0.2,159.2,2026-07-14 14:19:44,Shipped,Debit Card
ORD-0002698,CUST-000177,P-PRD-107,2,199.0,0.0,398.0,2026-07-22 17:01:10,Pending,Wallet
ORD-0002699,CUST-000309,P-PRD-112,2,179.0,0.0,358.0,2026-07-10 10:28:17,Shipped,Wallet
ORD-0002700,CUST-000364,P-PRD-108,1,750.0,0.0,750.0,2026-06-09 17:32:15,Processing,Credit Card
ORD-0002701,CUST-000269,P-PRD-103,1,189.0,0.15,160.65,2026-04-24 15:13:28,Pending,Credit Card
ORD-0002702,CUST-000309,P-PRD-109,2,550.0,0.2,880.0,2026-07-21 20:10:09,Pending,Debit Card
ORD-0002703,CUST-000016,P-PRD-101,4,2499.0,0.0,9996.0,2026-03-03 16:50:23,Refunded,Cash on Delivery
ORD-0002704,CUST-000205,P-PRD-103,3,189.0,0.05,538.65,2026-03-08 04:11:27,Refunded,Cash on Delivery
ORD-0002705,CUST-000438,P-PRD-101,4,2499.0,0.05,9496.2,2026-07-12 19:39:45,Pending,UPI
ORD-0002706,CUST-000105,P-PRD-109,3,550.0,0.0,1650.0,2026-03-29 16:13:41,Cancelled,Net Banking
ORD-0002707,CUST-000303,P-PRD-110,2,3500.0,0.05,6650.0,2026-08-09 07:03:34,Processing,Debit Card
ORD-0002708,CUST-000342,P-PRD-112,1,179.0,0.15,152.15,2026-05-14 15:42:02,Refunded,Cash on Delivery
ORD-0002709,CUST-000266,P-PRD-103,1,189.0,0.1,170.1,2026-02-26 13:50:56,Shipped,Net Banking
ORD-0002710,CUST-000484,P-PRD-102,2,899.0,0.0,1798.0,2026-07-27 07:40:33,Pending,Wallet
ORD-0002711,CUST-000425,P-PRD-109,4,550.0,0.2,1760.0,2026-02-27 16:43:06,Processing,Net Banking
ORD-0002712,CUST-000452,P-PRD-101,1,2499.0,0.05,2374.05,2026-04-22 15:57:02,Completed,Net Banking
ORD-0002713,CUST-000210,P-PRD-102,4,899.0,0.0,3596.0,2026-05-15 10:34:28,Pending,Cash on Delivery
ORD-0002714,CUST-000329,P-PRD-105,3,4500.0,0.0,13500.0,2026-04-23 04:16:41,Shipped,UPI
ORD-0002715,CUST-000084,P-PRD-106,1,1200.0,0.0,1200.0,2026-04-09 10:38:33,Refunded,Wallet
ORD-0002716,CUST-000208,P-PRD-102,1,899.0,0.0,899.0,2026-06-25 00:14:25,Refunded,Debit Card
ORD-0002717,CUST-000499,P-PRD-106,1,1200.0,0.0,1200.0,2026-07-15 23:37:02,Completed,Debit Card
ORD-0002718,CUST-000428,P-PRD-110,2,3500.0,0.0,7000.0,2026-03-09 14:35:51,Pending,Wallet
ORD-0002719,CUST-000108,P-PRD-108,1,750.0,0.0,750.0,2026-04-07 03:47:21,Processing,UPI
ORD-0002720,CUST-000147,P-PRD-109,2,550.0,0.1,990.0,2026-06-25 08:47:21,Completed,Net Banking
ORD-0002721,CUST-000274,P-PRD-107,3,199.0,0.1,537.3,2026-05-09 19:28:45,Completed,Cash on Delivery
ORD-0002722,CUST-000212,P-PRD-106,1,1200.0,0.1,1080.0,2026-03-09 10:14:39,Refunded,Credit Card
ORD-0002723,CUST-000353,P-PRD-109,3,550.0,0.2,1320.0,2026-03-13 10:41:05,Refunded,Debit Card
ORD-0002724,CUST-000086,P-PRD-109,2,-550.0,0.0,-1100.0,2026-05-20 07:03:05,Pending,UPI
ORD-0002725,CUST-000286,P-PRD-106,2,1200.0,0.0,2400.0,2026-07-07 19:57:57,Refunded,Cash on Delivery
ORD-0002726,CUST-000165,P-PRD-108,1,750.0,0.05,712.5,2026-07-27 07:22:28,Refunded,UPI
ORD-0002727,CUST-000342,P-PRD-102,4,899.0,0.0,3596.0,2026-06-24 10:18:06,Completed,Credit Card
ORD-0002728,CUST-000301,P-PRD-104,4,299.0,0.1,1076.4,2026-05-09 04:41:59,Processing,Credit Card
ORD-0002729,CUST-000010,P-PRD-104,2,299.0,0.1,538.2,2026-07-07 22:32:05,Pending,Credit Card
ORD-0002730,CUST-000013,P-PRD-111,1,249.0,0.0,249.0,2026-03-31 18:32:26,Pending,Wallet
ORD-0002731,CUST-000422,P-PRD-109,0,550.0,0.05,0.0,2026-05-01 15:57:54,Refunded,Cash on Delivery
ORD-0002732,CUST-000274,P-PRD-109,1,550.0,0.0,550.0,2026-03-31 15:13:38,Refunded,UPI
ORD-0002733,CUST-000463,P-PRD-107,1,199.0,0.0,199.0,2026-07-22 00:36:41,Pending,Cash on Delivery
ORD-0002734,CUST-000371,P-PRD-107,1,199.0,0.0,199.0,2026-04-08 15:06:41,Shipped,UPI
ORD-0002735,CUST-000011,P-PRD-109,4,550.0,0.15,1870.0,2026-06-09 10:49:58,Completed,Wallet
ORD-0002736,CUST-000310,P-PRD-109,1,550.0,0.2,440.0,2026-07-20 23:12:40,Completed,Cash on Delivery
ORD-0002737,CUST-000307,P-PRD-112,2,179.0,0.0,358.0,2026-08-15 15:59:46,Processing,Debit Card
ORD-0002738,CUST-000103,P-PRD-111,3,249.0,0.0,747.0,2026-05-29 06:52:16,Completed,Credit Card
ORD-0002739,CUST-000142,P-PRD-109,1,550.0,0.0,550.0,2026-04-01 07:37:38,Pending,Debit Card
ORD-0002740,CUST-000058,P-PRD-110,2,3500.0,0.0,7000.0,2026-06-14 22:52:27,Pending,Credit Card
ORD-0002741,CUST-000308,P-PRD-108,2,750.0,0.0,1500.0,2026-04-29 06:19:02,Refunded,UPI
ORD-0002742,CUST-000373,P-PRD-112,5,179.0,0.0,895.0,2026-07-04 22:05:49,Refunded,Debit Card
ORD-0002743,CUST-000386,P-PRD-102,1,899.0,0.05,854.05,2026-07-27 13:55:27,Processing,Cash on Delivery
ORD-0002744,CUST-000140,P-PRD-107,4,199.0,0.0,796.0,2026-05-29 07:56:56,Pending,Net Banking
ORD-0002745,CUST-000168,P-PRD-112,3,179.0,0.0,537.0,2026-02-19 06:18:54,Pending,Credit Card
ORD-0002746,CUST-000197,P-PRD-102,2,899.0,0.0,1798.0,2026-03-24 06:42:13,Shipped,Wallet
ORD-0002747,CUST-000004,P-PRD-104,4,299.0,0.0,1196.0,2026-03-03 05:07:34,Completed,Net Banking
ORD-0002748,CUST-000203,P-PRD-107,1,199.0,0.1,179.1,2026-05-23 18:41:25,Pending,Cash on Delivery
ORD-0002749,CUST-000329,P-PRD-102,2,899.0,0.0,1798.0,2026-02-21 15:48:04,Cancelled,Wallet
ORD-0002750,CUST-000442,P-PRD-104,2,299.0,0.0,598.0,2026-04-01 19:13:30,Refunded,Debit Card
ORD-0002751,CUST-000074,P-PRD-106,1,1200.0,0.05,1140.0,2026-05-15 22:50:35,Refunded,Debit Card
ORD-0002752,CUST-000236,P-PRD-106,2,1200.0,0.05,2280.0,2026-05-23 01:30:28,Completed,Wallet
ORD-0002753,CUST-000096,P-PRD-107,1,199.0,0.05,189.05,2026-07-05 08:45:27,Completed,Debit Card
ORD-0002754,CUST-000238,P-PRD-106,4,1200.0,0.15,4080.0,2026-05-05 04:47:59,Processing,UPI
ORD-0002755,CUST-000303,P-PRD-103,1,189.0,0.0,189.0,2026-07-11 15:06:51,Processing,Cash on Delivery
ORD-0002756,CUST-000169,P-PRD-104,2,299.0,0.0,598.0,2026-02-23 16:02:52,Cancelled,Credit Card
ORD-0002757,CUST-000305,P-PRD-107,1,199.0,0.0,199.0,2026-04-14 03:24:20,Processing,UPI
ORD-0002758,CUST-000208,P-PRD-103,3,189.0,0.0,567.0,2026-08-13 06:35:43,Pending,Credit Card
ORD-0002759,CUST-000254,P-PRD-101,1,2499.0,0.0,2499.0,2026-02-22 01:38:03,Shipped,Credit Card
ORD-0002760,CUST-000432,P-PRD-103,1,189.0,0.0,189.0,2026-06-12 17:28:10,Processing,Net Banking
ORD-0002761,CUST-000079,P-PRD-107,4,199.0,0.0,796.0,2026-03-24 00:15:03,Processing,Credit Card
ORD-0002762,CUST-000187,P-PRD-101,1,2499.0,0.2,1999.2,2026-08-11 17:14:48,Completed,Net Banking
ORD-0002763,CUST-000373,P-PRD-111,5,249.0,0.0,1245.0,2026-03-15 04:35:39,Shipped,Credit Card
ORD-0002764,CUST-000226,P-PRD-110,1,3500.0,0.0,3500.0,2026-04-25 04:05:28,Completed,Debit Card
ORD-0002765,CUST-000168,P-PRD-105,1,4500.0,0.0,4500.0,2026-05-26 02:42:27,Refunded,Cash on Delivery
ORD-0002766,CUST-000050,P-PRD-111,3,249.0,0.05,709.65,2026-06-18 14:19:59,Completed,UPI
ORD-0002767,CUST-000064,P-PRD-110,4,3500.0,0.0,14000.0,2026-08-02 12:11:31,Refunded,Wallet
ORD-0002768,CUST-000223,P-PRD-112,4,179.0,0.1,644.4,2026-06-02 14:13:54,Pending,Net Banking
ORD-0002769,CUST-000455,P-PRD-102,2,899.0,0.0,1798.0,2026-05-12 15:11:52,Shipped,UPI
ORD-0002770,CUST-000287,P-PRD-108,1,750.0,0.2,600.0,2026-05-25 10:09:10,Completed,Debit Card
ORD-0002771,CUST-000383,P-PRD-112,1,179.0,0.0,179.0,2026-03-13 12:49:25,Processing,Debit Card
ORD-0002772,CUST-000414,P-PRD-111,1,249.0,0.0,249.0,2026-02-25 15:03:34,Processing,Net Banking
ORD-0002773,CUST-000112,P-PRD-104,3,299.0,0.0,897.0,2026-08-18 15:04:04,Refunded,Net Banking
ORD-0002774,CUST-000350,P-PRD-103,1,189.0,0.2,151.2,2026-06-02 03:36:48,Processing,Credit Card
ORD-0002775,CUST-000288,P-PRD-103,1,189.0,0.1,170.1,2026-05-31 09:50:33,Shipped,Wallet
ORD-0002776,CUST-000335,P-PRD-103,1,189.0,0.0,189.0,2026-04-20 15:43:56,Refunded,Debit Card
ORD-0002777,CUST-000274,P-PRD-106,2,1200.0,0.0,2400.0,2026-04-20 23:43:38,Completed,Wallet
ORD-0002778,CUST-000353,P-PRD-101,1,2499.0,0.05,2374.05,2026-04-17 23:27:58,Cancelled,UPI
ORD-0002779,CUST-000109,P-PRD-105,0,4500.0,0.0,0.0,2026-07-20 12:12:44,Pending,Wallet
ORD-0002780,CUST-000170,P-PRD-106,3,1200.0,0.0,3600.0,2026-04-28 05:32:35,Pending,Net Banking
ORD-0002781,CUST-000476,P-PRD-108,1,750.0,0.0,750.0,2026-07-24 15:44:46,Completed,Debit Card
ORD-0002782,CUST-000114,P-PRD-102,1,899.0,0.05,854.05,2026-05-30 03:26:25,Pending,Debit Card
ORD-0002783,CUST-000095,P-PRD-107,10,199.0,0.05,1890.5,2026-03-28 21:45:30,Shipped,Net Banking
ORD-0002784,CUST-000112,P-PRD-104,4,299.0,0.0,1196.0,2026-06-27 18:19:02,Shipped,Net Banking
ORD-0002785,CUST-000375,P-PRD-108,1,750.0,0.1,675.0,2026-02-19 00:38:11,Cancelled,UPI
ORD-0002786,CUST-000194,P-PRD-101,1,2499.0,0.0,2499.0,2026-07-28 11:25:00,Processing,Debit Card
ORD-0002787,CUST-000044,P-PRD-112,3,179.0,0.05,510.15,2026-05-05 19:02:27,Pending,Net Banking
ORD-0002788,CUST-000346,P-PRD-111,3,249.0,0.0,747.0,2026-05-23 11:31:22,Pending,Net Banking
ORD-0002789,CUST-000071,P-PRD-106,2,1200.0,0.0,2400.0,2026-06-08 22:54:34,Completed,Credit Card
ORD-0002790,CUST-000208,P-PRD-104,3,299.0,0.05,852.15,2026-05-21 16:10:54,Shipped,UPI
ORD-0002791,CUST-000375,P-PRD-102,1,899.0,0.0,899.0,2026-05-10 14:45:05,Shipped,Cash on Delivery
ORD-0002792,CUST-000054,P-PRD-109,4,550.0,0.2,1760.0,2026-08-16 13:52:03,Refunded,Net Banking
ORD-0002793,CUST-000431,P-PRD-109,2,550.0,0.1,990.0,2026-07-21 19:54:19,Processing,Wallet
ORD-0002794,CUST-000260,P-PRD-107,1,199.0,0.05,189.05,2026-05-10 04:30:17,Completed,UPI
ORD-0002795,CUST-000411,P-PRD-111,1,249.0,0.1,224.1,2026-06-10 03:53:11,Pending,Debit Card
ORD-0002796,CUST-000114,P-PRD-110,1,3500.0,0.0,3500.0,2026-03-23 20:45:33,Pending,Cash on Delivery
ORD-0002797,CUST-000361,P-PRD-109,3,550.0,0.0,1650.0,2026-03-17 05:05:10,Cancelled,UPI
ORD-0002798,CUST-000174,P-PRD-104,1,299.0,0.0,299.0,2026-03-08 23:43:50,Refunded,Net Banking
ORD-0002799,CUST-000358,P-PRD-103,1,189.0,0.0,189.0,2026-07-20 12:25:22,Refunded,UPI
ORD-0002800,CUST-000154,P-PRD-103,3,189.0,0.15,481.95,2026-04-01 05:30:12,Shipped,Cash on Delivery
ORD-0002801,CUST-000259,P-PRD-112,1,179.0,0.1,161.1,2026-06-27 12:15:06,Pending,Debit Card
ORD-0002802,CUST-000270,P-PRD-111,2,249.0,0.0,498.0,2026-05-14 17:01:04,Cancelled,UPI
ORD-0002803,CUST-000268,P-PRD-101,1,2499.0,0.0,2499.0,2026-04-11 02:23:14,Cancelled,Cash on Delivery
ORD-0002804,CUST-000157,P-PRD-108,2,750.0,0.0,1500.0,2026-07-06 02:57:18,Shipped,Credit Card
ORD-0002805,CUST-000167,P-PRD-109,1,550.0,0.0,550.0,2026-04-28 13:44:42,Shipped,Debit Card
ORD-0002806,CUST-000278,P-PRD-104,5,299.0,0.1,1345.5,2026-06-11 22:42:02,Pending,Net Banking
ORD-0002807,CUST-000026,P-PRD-109,1,550.0,0.15,467.5,2026-06-04 20:08:03,Shipped,Net Banking
ORD-0002808,CUST-000051,P-PRD-107,1,199.0,0.15,169.15,2026-06-14 11:31:52,Shipped,UPI
ORD-0002809,CUST-000341,P-PRD-109,4,550.0,0.0,2200.0,2026-05-21 11:03:24,Processing,Credit Card
ORD-0002810,CUST-000089,P-PRD-105,1,4500.0,0.0,4500.0,2026-02-19 18:59:31,Shipped,Wallet
ORD-0002811,CUST-000267,P-PRD-107,3,199.0,0.1,537.3,2026-05-03 19:10:51,Processing,Credit Card
ORD-0002812,CUST-000181,P-PRD-105,1,4500.0,0.0,4500.0,2026-04-25 04:06:10,Processing,Credit Card
ORD-0002813,CUST-000302,P-PRD-110,1,3500.0,0.0,3500.0,2026-03-27 00:25:55,Pending,Wallet
ORD-0002814,CUST-000274,P-PRD-107,1,199.0,0.1,179.1,2026-05-11 10:11:53,Completed,Cash on Delivery
ORD-0002815,CUST-000011,P-PRD-104,1,299.0,0.0,299.0,2026-07-28 03:56:54,Processing,Debit Card
ORD-0002816,CUST-000263,P-PRD-111,1,249.0,0.0,249.0,2026-08-15 05:12:14,Refunded,Credit Card
ORD-0002817,CUST-000378,P-PRD-109,1,550.0,0.2,440.0,2026-04-30 19:36:21,Pending,UPI
ORD-0002818,CUST-000007,P-PRD-110,3,3500.0,0.05,9975.0,2026-07-24 10:24:17,Cancelled,Net Banking
ORD-0002819,CUST-000472,P-PRD-110,4,3500.0,0.0,14000.0,2026-04-29 05:20:39,Pending,Wallet
ORD-0002820,CUST-000108,P-PRD-106,1,1200.0,0.0,1200.0,2026-02-22 03:58:03,Processing,Credit Card
ORD-0002821,CUST-000182,P-PRD-107,3,199.0,0.0,597.0,2026-06-28 17:36:12,Cancelled,UPI
ORD-0002822,CUST-000328,P-PRD-104,2,299.0,0.05,568.1,2026-05-16 14:22:04,UNKNOWN_ERROR_STATUS,Wallet
ORD-0002823,CUST-000001,P-PRD-103,2,189.0,0.0,378.0,2026-03-28 16:46:41,Completed,Debit Card
ORD-0002824,CUST-000182,P-PRD-109,2,550.0,0.1,990.0,2026-05-15 12:02:30,Processing,Wallet
ORD-0002825,CUST-000009,P-PRD-108,1,750.0,0.0,750.0,2026-03-01 01:21:56,Completed,Wallet
ORD-0002826,CUST-000341,P-PRD-108,1,750.0,0.0,750.0,2026-06-16 06:17:19,Cancelled,UPI
ORD-0002827,CUST-000059,P-PRD-111,1,249.0,0.0,249.0,2026-06-07 02:49:12,Refunded,Wallet
ORD-0002828,CUST-000104,P-PRD-101,2,2499.0,0.1,4498.2,2026-03-24 15:09:54,Processing,Cash on Delivery
ORD-0002829,CUST-000203,P-PRD-112,2,179.0,0.15,304.3,2026-03-18 13:51:39,Shipped,Debit Card
ORD-0002830,CUST-000394,P-PRD-104,1,299.0,0.15,254.15,2026-02-26 16:29:32,Processing,Cash on Delivery
ORD-0002831,CUST-000368,P-PRD-110,3,3500.0,0.0,10500.0,2026-06-06 10:35:04,Processing,Wallet
ORD-0002832,CUST-000436,P-PRD-108,1,750.0,0.0,750.0,2026-06-01 23:42:24,Cancelled,Debit Card
ORD-0002833,CUST-000329,P-PRD-111,1,249.0,0.0,249.0,2026-07-03 20:22:35,Shipped,Wallet
ORD-0002834,CUST-000151,P-PRD-103,4,189.0,0.1,680.4,2026-05-17 13:35:26,Processing,Net Banking
ORD-0002835,CUST-000304,P-PRD-101,4,2499.0,0.15,8496.6,2026-04-19 21:56:56,Shipped,Cash on Delivery
ORD-0002836,CUST-000335,P-PRD-108,1,750.0,0.05,712.5,2026-07-16 18:04:11,Pending,Debit Card
ORD-0002837,CUST-000348,P-PRD-110,1,3500.0,0.05,3325.0,2026-06-08 04:36:21,Processing,Cash on Delivery
ORD-0002838,CUST-000327,P-PRD-108,1,750.0,0.15,637.5,2026-05-01 10:03:17,Shipped,Wallet
ORD-0002839,CUST-000133,P-PRD-102,2,899.0,0.0,1798.0,2026-06-26 04:31:07,Processing,Debit Card
ORD-0002840,CUST-000040,P-PRD-109,2,550.0,0.05,1045.0,2026-06-14 00:44:18,Shipped,Wallet
ORD-0002841,CUST-000299,P-PRD-102,1,899.0,0.05,854.05,2026-07-11 14:14:32,Processing,UPI
ORD-0002842,CUST-000312,P-PRD-112,2,179.0,0.0,358.0,2026-07-09 00:44:13,Cancelled,UPI
ORD-0002843,CUST-000227,P-PRD-107,1,199.0,0.0,199.0,2026-03-29 17:42:10,Refunded,Net Banking
ORD-0002844,CUST-000078,P-PRD-104,2,299.0,0.05,568.1,2026-04-05 21:15:25,Refunded,Cash on Delivery
ORD-0002845,CUST-000324,P-PRD-106,2,1200.0,0.0,2400.0,2026-07-07 20:43:12,Pending,Wallet
ORD-0002846,CUST-000277,P-PRD-109,2,550.0,0.1,990.0,2026-03-16 11:41:00,Pending,Credit Card
ORD-0002847,CUST-000251,P-PRD-101,4,2499.0,0.0,9996.0,2026-07-20 18:25:19,Completed,Credit Card
ORD-0002848,CUST-000068,P-PRD-104,1,299.0,0.0,299.0,2026-07-10 22:19:47,Shipped,Wallet
ORD-0002849,CUST-000119,P-PRD-104,1,299.0,0.05,284.05,2026-08-07 08:59:09,Refunded,UPI
ORD-0002850,CUST-000233,P-PRD-101,1,2499.0,0.0,2499.0,2026-06-06 10:57:30,Processing,Net Banking
ORD-0002851,CUST-000212,P-PRD-109,3,550.0,0.1,1485.0,2026-04-08 05:24:20,Processing,Cash on Delivery
ORD-0002852,CUST-000411,P-PRD-108,1,750.0,0.05,712.5,2026-04-03 17:03:07,Pending,Credit Card
ORD-0002853,CUST-000175,P-PRD-111,1,249.0,0.1,224.1,2026-05-11 09:06:24,Refunded,Credit Card
ORD-0002854,CUST-000330,P-PRD-102,2,899.0,0.05,1708.1,2026-08-10 01:11:38,Cancelled,UPI
ORD-0002855,CUST-000144,P-PRD-105,1,4500.0,0.0,4500.0,2026-06-29 12:39:13,Pending,Credit Card
ORD-0002856,CUST-000160,P-PRD-102,1,899.0,0.0,899.0,2026-03-04 16:48:16,Refunded,Credit Card
ORD-0002857,CUST-000481,P-PRD-104,5,299.0,0.1,1345.5,2026-03-03 00:18:47,Shipped,Wallet
ORD-0002858,CUST-000059,P-PRD-106,0,1200.0,0.0,0.0,2026-07-05 14:59:47,Completed,Cash on Delivery
ORD-0002859,CUST-000451,P-PRD-108,2,750.0,0.0,1500.0,2026-03-27 01:32:20,Refunded,UPI
ORD-0002860,CUST-000322,P-PRD-105,1,4500.0,0.0,4500.0,2026-04-27 08:05:19,Shipped,Wallet
ORD-0002861,CUST-000013,P-PRD-104,3,299.0,0.0,897.0,2026-06-08 03:56:36,Completed,Credit Card
ORD-0002862,CUST-000482,P-PRD-103,2,189.0,0.0,378.0,2026-06-26 11:30:42,Refunded,Debit Card
ORD-0002863,CUST-000182,P-PRD-110,4,3500.0,0.0,14000.0,2026-08-17 22:55:09,Cancelled,Cash on Delivery
ORD-0002864,CUST-000340,P-PRD-108,1,750.0,0.0,750.0,2026-07-12 00:40:28,Refunded,Credit Card
ORD-0002865,CUST-000426,P-PRD-102,1,899.0,0.0,899.0,2026-08-18 04:10:01,Refunded,Debit Card
ORD-0002866,CUST-000117,P-PRD-104,1,299.0,0.0,299.0,2026-05-24 19:35:56,Cancelled,UPI
ORD-0002867,CUST-000131,P-PRD-109,1,550.0,0.0,550.0,2026-05-28 17:57:37,Shipped,Debit Card
ORD-0002868,CUST-000408,P-PRD-107,3,199.0,0.05,567.15,2026-05-28 23:31:14,Refunded,Credit Card
ORD-0002869,CUST-000324,P-PRD-110,1,3500.0,0.0,3500.0,2026-03-12 15:55:12,Shipped,UPI
ORD-0002870,CUST-000474,P-PRD-110,1,3500.0,0.0,3500.0,2026-02-19 05:20:44,Completed,Debit Card
ORD-0002871,CUST-000040,P-PRD-109,2,550.0,0.0,1100.0,2026-07-09 19:42:07,Refunded,UPI
ORD-0002872,CUST-000051,P-PRD-104,3,299.0,0.0,897.0,2026-04-30 10:32:46,Shipped,Cash on Delivery
ORD-0002873,,P-PRD-110,1,3500.0,0.0,3500.0,2026-08-15 10:48:48,Shipped,UPI
ORD-0002874,CUST-000303,P-PRD-112,3,179.0,0.0,537.0,2026-05-03 16:16:38,Pending,Debit Card
ORD-0002875,CUST-000015,P-PRD-103,1,189.0,0.1,170.1,2026-05-18 18:09:51,Cancelled,Cash on Delivery
ORD-0002876,CUST-000197,P-PRD-112,3,179.0,0.0,537.0,2026-04-08 08:13:11,Shipped,Net Banking
ORD-0002877,CUST-000308,P-PRD-112,1,179.0,0.0,179.0,2026-06-09 19:55:34,Completed,Debit Card
ORD-0002878,CUST-000384,P-PRD-107,4,199.0,0.0,796.0,2026-02-26 21:58:55,Pending,Debit Card
ORD-0002879,CUST-000113,P-PRD-105,2,4500.0,0.0,9000.0,2026-03-09 00:41:18,Refunded,Net Banking
ORD-0002880,CUST-000284,P-PRD-104,4,299.0,0.0,1196.0,2026-07-26 17:40:32,Completed,Net Banking
ORD-0002881,CUST-000315,P-PRD-102,1,899.0,0.05,854.05,2026-04-30 07:46:57,Completed,UPI
ORD-0002882,CUST-000316,P-PRD-103,1,189.0,0.1,170.1,2026-05-18 19:22:09,Shipped,UPI
ORD-0002883,CUST-000466,P-PRD-106,1,1200.0,0.0,1200.0,2026-05-25 19:00:03,Completed,Wallet
ORD-0002884,CUST-000251,P-PRD-103,1,189.0,0.0,189.0,2026-07-18 06:04:29,Refunded,Cash on Delivery
ORD-0002885,CUST-000314,P-PRD-111,1,249.0,0.0,249.0,2026-03-31 16:21:58,Pending,Net Banking
ORD-0002886,CUST-000193,P-PRD-105,3,4500.0,0.0,13500.0,2026-03-01 18:02:46,Pending,Wallet
ORD-0002887,CUST-000092,P-PRD-112,3,179.0,0.0,537.0,2026-04-13 02:57:27,Processing,Cash on Delivery
ORD-0002888,CUST-000282,P-PRD-107,1,199.0,0.0,199.0,2026-07-06 01:24:51,Cancelled,Credit Card
ORD-0002889,CUST-000388,P-PRD-104,5,299.0,0.0,1495.0,2026-05-22 03:08:10,Shipped,Cash on Delivery
ORD-0002890,CUST-000043,P-PRD-106,2,1200.0,0.0,2400.0,2026-04-09 22:30:21,Processing,Credit Card
ORD-0002891,CUST-000357,P-PRD-110,1,3500.0,0.0,3500.0,2026-07-19 04:37:21,Pending,Credit Card
ORD-0002892,CUST-000353,P-PRD-101,1,2499.0,0.0,2499.0,2026-05-03 01:57:59,Shipped,Net Banking
ORD-0002893,CUST-000218,P-PRD-102,2,899.0,0.0,1798.0,2026-07-04 06:42:13,Cancelled,Credit Card
ORD-0002894,CUST-000372,P-PRD-112,2,179.0,0.2,286.4,2026-03-12 04:26:53,Pending,Wallet
ORD-0002895,CUST-000048,P-PRD-102,1,899.0,0.0,899.0,2026-07-05 08:06:30,Pending,Cash on Delivery
ORD-0002896,CUST-000411,P-PRD-101,1,2499.0,0.0,2499.0,2026-07-09 09:41:38,Completed,Credit Card
ORD-0002897,CUST-000208,P-PRD-111,2,249.0,0.0,498.0,2026-03-23 05:07:37,Shipped,Credit Card
ORD-0002898,CUST-000281,P-PRD-111,3,249.0,0.0,747.0,2026-06-08 14:08:20,Refunded,Debit Card
ORD-0002899,,P-PRD-112,1,179.0,0.15,152.15,2026-04-05 00:13:49,Completed,Net Banking
ORD-0002900,CUST-000100,P-PRD-101,1,2499.0,0.0,2499.0,2026-05-15 16:38:43,Refunded,UPI
ORD-0002901,CUST-000010,P-PRD-111,1,249.0,0.1,224.1,2026-04-03 03:35:04,Refunded,Credit Card
ORD-0002902,CUST-000405,P-PRD-103,1,189.0,0.0,189.0,2026-02-27 20:50:29,Processing,Credit Card
ORD-0002903,CUST-000380,P-PRD-110,2,3500.0,0.0,7000.0,2026-06-01 08:32:24,Pending,Debit Card
ORD-0002904,CUST-000266,P-PRD-103,1,189.0,0.1,170.1,2026-04-30 18:26:52,Completed,UPI
ORD-0002905,CUST-000301,P-PRD-103,-1,189.0,0.0,-189.0,2026-05-25 06:50:32,Pending,Cash on Delivery
ORD-0002906,CUST-000059,P-PRD-104,1,299.0,0.0,299.0,2026-04-17 14:03:17,Completed,Debit Card
ORD-0002907,CUST-000090,P-PRD-106,1,1200.0,0.0,1200.0,2026-03-20 00:54:14,Pending,Debit Card
ORD-0002908,CUST-000131,P-PRD-106,3,1200.0,0.0,3600.0,2026-05-02 05:13:16,Pending,Debit Card
ORD-0002909,CUST-000257,P-PRD-107,1,199.0,0.1,179.1,2026-07-25 09:12:23,Shipped,Credit Card
ORD-0002910,CUST-000299,P-PRD-109,1,550.0,0.0,550.0,2026-04-03 19:04:20,Refunded,Wallet
ORD-0002911,CUST-000127,P-PRD-107,3,199.0,0.05,567.15,2026-06-20 15:50:49,Pending,UPI
ORD-0002912,CUST-000282,P-PRD-111,2,249.0,0.0,498.0,2026-06-19 01:32:11,Processing,Net Banking
ORD-0002913,CUST-000048,P-PRD-106,2,1200.0,0.2,1920.0,2026-06-02 06:35:34,Processing,Wallet
ORD-0002914,CUST-000137,P-PRD-108,3,750.0,0.0,2250.0,2026-03-31 06:32:57,Pending,Cash on Delivery
ORD-0002915,CUST-000318,P-PRD-107,1,199.0,0.0,199.0,2026-06-20 06:32:23,Pending,Debit Card
ORD-0002916,CUST-000298,P-PRD-112,1,179.0,0.0,179.0,2026-06-12 02:56:49,Shipped,Net Banking
ORD-0002917,CUST-000342,P-PRD-104,1,299.0,0.0,299.0,2026-08-16 07:55:56,Pending,Cash on Delivery
ORD-0002918,CUST-000296,P-PRD-109,4,550.0,0.05,2090.0,2026-03-30 03:37:59,Pending,Cash on Delivery
ORD-0002919,CUST-000199,P-PRD-108,4,750.0,0.0,3000.0,2026-03-17 05:25:17,Shipped,Credit Card
ORD-0002920,CUST-000235,P-PRD-111,2,249.0,0.0,498.0,2026-04-10 15:51:14,Cancelled,Debit Card
ORD-0002921,CUST-000109,P-PRD-111,1,249.0,0.0,249.0,2026-06-27 08:42:47,Pending,Cash on Delivery
ORD-0002922,CUST-000212,P-PRD-102,1,899.0,0.0,899.0,2026-05-05 13:40:38,Shipped,Wallet
ORD-0002923,CUST-000316,P-PRD-110,3,3500.0,0.1,9450.0,2026-08-05 19:53:50,Shipped,Credit Card
ORD-0002924,CUST-000115,P-PRD-111,4,249.0,0.0,996.0,2026-05-30 11:50:53,Refunded,Debit Card
ORD-0002925,CUST-000046,P-PRD-101,1,2499.0,0.0,2499.0,2026-04-13 10:20:42,Pending,Net Banking
ORD-0002926,CUST-000354,P-PRD-103,3,189.0,0.1,510.3,2026-03-15 03:03:32,Cancelled,Wallet
ORD-0002927,CUST-000247,P-PRD-109,4,550.0,0.0,2200.0,2026-03-26 07:09:48,Refunded,UPI
ORD-0002928,CUST-000061,P-PRD-103,5,189.0,0.2,756.0,2026-05-31 00:14:26,Cancelled,UPI
ORD-0002929,CUST-000227,P-PRD-107,1,199.0,0.05,189.05,2026-03-27 14:08:15,Refunded,Debit Card
ORD-0002930,CUST-000360,P-PRD-105,1,4500.0,0.0,4500.0,2026-04-08 14:51:17,Completed,Net Banking
ORD-0002931,CUST-000478,P-PRD-110,3,3500.0,0.0,10500.0,2026-05-05 17:30:03,Pending,Net Banking
ORD-0002932,CUST-000135,P-PRD-109,3,550.0,0.0,1650.0,2026-08-07 21:05:12,Pending,Cash on Delivery
ORD-0002933,CUST-000468,P-PRD-107,2,199.0,0.0,398.0,2026-03-13 15:40:35,Shipped,Net Banking
ORD-0002934,CUST-000014,P-PRD-107,2,199.0,0.0,398.0,2026-04-15 05:03:11,Pending,Wallet
ORD-0002935,CUST-000054,P-PRD-107,1,199.0,0.0,199.0,2026-07-14 18:05:25,Completed,Net Banking
ORD-0002936,CUST-000127,P-PRD-110,2,3500.0,0.05,6650.0,2026-02-26 20:02:52,Pending,Debit Card
ORD-0002937,CUST-000500,P-PRD-105,1,4500.0,0.15,3825.0,2026-06-06 10:38:16,Refunded,Debit Card
ORD-0002938,CUST-000141,P-PRD-109,3,550.0,0.0,1650.0,2026-07-13 12:56:55,Refunded,UPI
ORD-0002939,CUST-000032,P-PRD-102,3,899.0,0.0,2697.0,2026-04-14 18:27:37,Completed,UPI
ORD-0002940,CUST-000047,P-PRD-102,1,899.0,0.2,719.2,2026-07-17 16:54:56,Refunded,Wallet
ORD-0002941,CUST-000043,P-PRD-101,1,2499.0,0.0,2499.0,2026-03-31 18:29:42,Pending,Wallet
ORD-0002942,CUST-000453,P-PRD-107,3,199.0,0.15,507.45,2026-06-02 12:54:17,Completed,Cash on Delivery
ORD-0002943,CUST-000450,P-PRD-110,2,3500.0,0.0,7000.0,2026-03-26 21:31:45,Pending,UPI
ORD-0002944,CUST-000382,P-PRD-106,1,1200.0,0.0,1200.0,2026-03-29 19:16:09,Pending,UPI
ORD-0002945,CUST-000218,P-PRD-101,2,2499.0,0.0,4998.0,2026-08-08 20:35:20,Shipped,Wallet
ORD-0002946,CUST-000473,P-PRD-109,1,550.0,0.0,550.0,2026-06-21 20:41:16,Refunded,Credit Card
ORD-0002947,CUST-000060,P-PRD-104,4,299.0,0.1,1076.4,2026-03-16 14:18:46,Refunded,UPI
ORD-0002948,CUST-000420,P-PRD-101,10,2499.0,0.0,24990.0,2026-06-16 17:14:40,Pending,Wallet
ORD-0002949,CUST-000336,P-PRD-102,1,899.0,0.0,899.0,2026-07-05 09:48:47,Refunded,UPI
ORD-0002950,CUST-000467,P-PRD-108,4,750.0,0.0,3000.0,2026-07-24 00:50:50,Shipped,Net Banking
ORD-0002951,CUST-000189,P-PRD-108,1,750.0,0.1,675.0,2026-04-08 15:07:20,Completed,Debit Card
ORD-0002952,CUST-000495,P-PRD-102,1,899.0,0.05,854.05,2026-05-07 15:28:01,Completed,Cash on Delivery
ORD-0002953,CUST-000063,P-PRD-110,10,3500.0,0.0,35000.0,2026-08-01 22:36:46,Completed,UPI
ORD-0002954,CUST-000025,P-PRD-102,2,899.0,0.0,1798.0,2026-05-15 01:01:02,Processing,Credit Card
ORD-0002955,CUST-000340,P-PRD-107,5,199.0,0.0,995.0,2026-03-08 07:53:19,Cancelled,UPI
ORD-0002956,CUST-000173,P-PRD-103,10,189.0,0.0,1890.0,2026-08-05 11:10:38,Refunded,UPI
ORD-0002957,CUST-000002,P-PRD-103,2,189.0,0.0,378.0,2026-03-07 10:04:26,Cancelled,Wallet
ORD-0002958,CUST-000315,P-PRD-105,2,4500.0,0.15,7650.0,2026-05-21 08:35:42,Shipped,Wallet
ORD-0002959,CUST-000292,P-PRD-110,1,3500.0,0.0,3500.0,2026-05-23 20:56:45,Cancelled,Cash on Delivery
ORD-0002960,CUST-000175,P-PRD-107,1,199.0,0.15,169.15,2026-06-01 00:40:06,Processing,UPI
ORD-0002961,CUST-000152,P-PRD-103,3,189.0,0.0,567.0,2026-07-31 20:14:03,Shipped,Debit Card
ORD-0002962,CUST-000069,P-PRD-111,-1,249.0,0.0,-249.0,2026-04-26 07:01:27,Completed,Net Banking
ORD-0002963,CUST-000151,P-PRD-111,4,249.0,0.0,996.0,2026-04-15 17:16:23,Shipped,Wallet
ORD-0002964,CUST-000494,P-PRD-107,3,199.0,0.0,597.0,2026-08-17 11:43:38,Shipped,Credit Card
ORD-0002965,CUST-000002,P-PRD-111,5,249.0,0.0,1245.0,2026-07-07 14:54:54,Completed,Cash on Delivery
ORD-0002966,CUST-000500,P-PRD-102,1,899.0,0.0,899.0,2026-02-20 10:15:44,Shipped,Debit Card
ORD-0002967,CUST-000370,P-PRD-102,1,899.0,0.15,764.15,2026-08-05 22:57:42,Pending,Debit Card
ORD-0002968,CUST-000076,P-PRD-103,1,189.0,0.0,189.0,2026-02-22 12:36:17,Processing,Net Banking
ORD-0002969,CUST-000080,P-PRD-109,1,-550.0,0.2,-550.0,2026-07-20 14:46:08,Processing,Credit Card
ORD-0002970,CUST-000020,P-PRD-112,3,179.0,0.0,537.0,2026-07-22 21:18:17,Pending,UPI
ORD-0002971,CUST-000053,P-PRD-112,1,179.0,0.0,179.0,2026-08-07 18:10:09,Processing,Debit Card
ORD-0002972,CUST-000401,P-PRD-108,4,750.0,0.0,3000.0,2026-08-02 12:24:24,Cancelled,Debit Card
ORD-0002973,CUST-000004,P-PRD-107,1,199.0,0.05,189.05,2026-08-08 06:10:21,Shipped,Wallet
ORD-0002974,CUST-000307,P-PRD-108,2,750.0,0.0,1500.0,2026-07-06 17:42:49,Completed,Credit Card
ORD-0002975,CUST-000053,P-PRD-110,1,3500.0,0.1,3150.0,2026-05-14 01:55:12,Processing,Credit Card
ORD-0002976,CUST-000448,P-PRD-103,3,189.0,0.0,567.0,2026-03-15 16:57:51,Processing,UPI
ORD-0002977,CUST-000210,P-PRD-108,1,750.0,0.15,637.5,2026-03-23 13:08:04,Completed,Debit Card
ORD-0002978,CUST-000262,P-PRD-111,2,249.0,0.05,473.1,2026-02-24 07:07:27,Pending,UPI
ORD-0002979,CUST-000469,P-PRD-109,2,550.0,0.2,880.0,2026-08-10 01:21:54,Shipped,Wallet
ORD-0002980,CUST-000060,P-PRD-111,1,249.0,0.0,249.0,2026-08-07 15:40:54,Refunded,Cash on Delivery
ORD-0002981,CUST-000478,P-PRD-104,3,299.0,0.0,897.0,2026-07-15 17:35:17,Processing,UPI
ORD-0002982,CUST-000492,P-PRD-106,4,1200.0,0.1,4320.0,2026-07-20 13:55:10,Processing,Cash on Delivery
ORD-0002983,CUST-000279,P-PRD-105,1,4500.0,0.15,3825.0,2026-02-19 08:20:48,Cancelled,Net Banking
ORD-0002984,CUST-000026,P-PRD-112,1,-179.0,0.15,-179.0,2026-07-02 15:12:53,Cancelled,Net Banking
ORD-0002985,CUST-000374,P-PRD-101,1,2499.0,0.0,2499.0,2026-04-21 01:35:25,Shipped,UPI
ORD-0002986,CUST-000459,P-PRD-101,1,2499.0,0.0,2499.0,2026-06-12 08:10:28,Completed,Debit Card
ORD-0002987,CUST-000287,P-PRD-102,1,899.0,0.15,764.15,2026-03-04 22:11:07,Processing,Debit Card
ORD-0002988,CUST-000263,P-PRD-105,1,4500.0,0.05,4275.0,2026-07-26 15:26:05,Pending,Cash on Delivery
ORD-0002989,CUST-000204,P-PRD-105,1,4500.0,0.0,4500.0,2026-06-25 23:39:14,Processing,Credit Card
ORD-0002990,CUST-000346,P-PRD-103,1,189.0,0.0,189.0,2026-04-23 23:25:36,Pending,UPI
ORD-0002991,CUST-000394,P-PRD-101,1,2499.0,0.0,2499.0,2026-03-23 04:17:41,Completed,Cash on Delivery
ORD-0002992,CUST-000127,P-PRD-107,2,199.0,0.0,398.0,2026-05-16 04:34:06,Shipped,UPI
ORD-0002993,CUST-000300,P-PRD-101,1,2499.0,0.1,2249.1,2026-07-13 06:52:49,Completed,Debit Card
ORD-0002994,CUST-000189,P-PRD-108,1,750.0,0.2,600.0,2026-04-14 01:09:24,Refunded,Debit Card
ORD-0002995,CUST-000174,P-PRD-111,2,249.0,0.0,498.0,2026-04-15 20:05:38,Processing,Cash on Delivery
ORD-0002996,CUST-000416,P-PRD-103,2,189.0,0.0,378.0,2026-04-30 17:49:30,Pending,Wallet
ORD-0002997,CUST-000095,P-PRD-112,2,179.0,0.0,358.0,2026-03-30 20:41:59,Shipped,UPI
ORD-0002998,CUST-000308,P-PRD-103,3,189.0,0.0,567.0,2026-03-13 07:54:57,Shipped,Wallet
ORD-0002999,CUST-000091,P-PRD-102,1,899.0,0.0,899.0,2026-04-05 07:52:26,Shipped,Wallet
ORD-0003000,CUST-000441,P-PRD-101,1,2499.0,0.2,1999.2,2026-05-19 18:17:23,Pending,Credit Card
ORD-0003001,CUST-000301,P-PRD-103,2,-189.0,0.0,-378.0,2026-05-20 17:21:50,Pending,Debit Card
ORD-0003002,CUST-000344,P-PRD-110,1,3500.0,0.0,3500.0,2026-08-02 01:57:14,Pending,UPI
ORD-0003003,CUST-000251,P-PRD-110,1,3500.0,0.05,3325.0,2026-02-18 19:12:15,Refunded,Credit Card
ORD-0003004,CUST-000298,P-PRD-111,1,249.0,0.0,249.0,2026-03-27 23:47:40,Processing,Net Banking
ORD-0003005,CUST-000347,P-PRD-105,0,4500.0,0.0,0.0,2026-05-24 05:58:22,Cancelled,UPI
ORD-0003006,CUST-000297,P-PRD-110,3,3500.0,0.0,10500.0,2026-02-19 03:29:17,Processing,Cash on Delivery
ORD-0003007,CUST-000112,P-PRD-103,2,189.0,0.0,378.0,2026-05-28 16:47:09,Refunded,Net Banking
ORD-0003008,CUST-000402,P-PRD-109,3,550.0,0.0,1650.0,2026-05-26 03:37:57,Shipped,Cash on Delivery
ORD-0003009,CUST-000126,P-PRD-108,1,750.0,0.05,712.5,2026-07-26 03:51:15,Processing,Debit Card
ORD-0003010,CUST-000359,P-PRD-102,4,899.0,0.05,3416.2,2026-06-26 08:40:02,Shipped,Cash on Delivery
ORD-0003011,CUST-000030,P-PRD-106,1,1200.0,0.0,1200.0,2026-06-05 19:31:24,Pending,Credit Card
ORD-0003012,CUST-000082,P-PRD-109,1,550.0,0.05,522.5,2026-05-12 10:26:49,Cancelled,Credit Card
ORD-0003013,CUST-000038,P-PRD-112,2,179.0,0.0,358.0,2026-04-21 19:36:32,Refunded,Credit Card
ORD-0003014,CUST-000321,P-PRD-109,2,550.0,0.0,1100.0,2026-05-28 15:59:46,Shipped,Cash on Delivery
ORD-0003015,CUST-000172,P-PRD-104,1,299.0,0.0,299.0,2026-06-22 21:34:11,Cancelled,UPI
ORD-0003016,CUST-000037,P-PRD-103,1,189.0,0.05,179.55,2026-05-02 16:38:55,Cancelled,UPI
ORD-0003017,CUST-000468,P-PRD-108,-2,750.0,0.0,-1500.0,2026-03-29 15:09:41,Processing,Debit Card
ORD-0003018,CUST-000233,P-PRD-106,3,1200.0,0.0,3600.0,2026-07-06 13:38:39,Refunded,Debit Card
ORD-0003019,CUST-000360,P-PRD-112,1,179.0,0.0,179.0,2026-06-10 05:38:00,Cancelled,Cash on Delivery
ORD-0003020,CUST-000437,P-PRD-107,1,199.0,0.0,199.0,2026-06-21 12:34:48,Refunded,UPI
ORD-0003021,CUST-000338,P-PRD-109,1,550.0,0.05,522.5,2026-06-04 05:33:27,Cancelled,Credit Card
ORD-0003022,CUST-000175,P-PRD-104,4,299.0,0.0,1196.0,2026-03-14 20:40:08,Processing,Cash on Delivery
ORD-0003023,CUST-000419,P-PRD-107,3,199.0,0.0,597.0,2026-06-08 07:23:36,Processing,Debit Card
ORD-0003024,CUST-000445,P-PRD-104,4,299.0,0.0,1196.0,2026-03-27 10:50:59,Pending,UPI
ORD-0003025,CUST-000177,P-PRD-104,5,299.0,0.15,1270.75,2026-06-24 06:23:33,Refunded,Net Banking
ORD-0003026,CUST-000386,P-PRD-107,2,199.0,0.2,318.4,2026-04-26 12:20:44,Shipped,Wallet
ORD-0003027,CUST-000219,P-PRD-103,1,189.0,0.1,170.1,2026-07-16 03:34:21,Refunded,UPI
ORD-0003028,CUST-000012,P-PRD-105,1,4500.0,0.0,4500.0,2026-02-20 08:08:04,Cancelled,Debit Card
ORD-0003029,CUST-000215,P-PRD-106,1,1200.0,0.15,1020.0,2026-03-18 22:17:38,Refunded,Credit Card
ORD-0003030,CUST-000394,P-PRD-103,3,189.0,0.15,481.95,2026-06-24 23:37:00,Cancelled,Debit Card
ORD-0003031,CUST-000360,P-PRD-101,2,2499.0,0.0,4998.0,2026-04-15 02:27:34,Refunded,UPI
ORD-0003032,CUST-000038,P-PRD-103,2,189.0,0.0,378.0,2026-08-06 06:36:16,Completed,Debit Card
ORD-0003033,CUST-000101,P-PRD-105,4,4500.0,0.0,18000.0,2026-08-13 17:18:55,Processing,UPI
ORD-0003034,CUST-000372,P-PRD-110,1,3500.0,0.15,2975.0,2026-05-24 21:19:08,Cancelled,UPI
ORD-0003035,CUST-000027,P-PRD-108,1,750.0,0.0,750.0,2026-07-25 12:22:24,Pending,Credit Card
ORD-0003036,CUST-000285,P-PRD-111,3,249.0,0.15,634.95,2026-03-27 01:56:08,Pending,Net Banking
ORD-0003037,CUST-000452,P-PRD-103,2,189.0,0.15,321.3,2026-08-16 02:54:29,Processing,Credit Card
ORD-0003038,CUST-000203,P-PRD-108,1,750.0,0.05,712.5,2026-02-22 07:29:05,Pending,Net Banking
ORD-0003039,CUST-000344,P-PRD-103,3,189.0,0.1,510.3,2026-07-02 08:36:37,Pending,Credit Card
ORD-0003040,CUST-000071,P-PRD-103,1,189.0,0.15,160.65,2026-03-03 11:56:50,Processing,Wallet
ORD-0003041,CUST-000065,P-PRD-107,3,199.0,0.1,537.3,2026-07-08 00:29:54,Pending,Debit Card
ORD-0003042,CUST-000232,P-PRD-111,2,249.0,0.0,498.0,2026-06-28 23:08:44,Refunded,Wallet
ORD-0003043,CUST-000256,P-PRD-112,2,179.0,0.0,358.0,2026-04-12 06:57:59,Completed,UPI
ORD-0003044,CUST-000130,P-PRD-110,4,3500.0,0.15,11900.0,2026-07-21 21:55:59,Completed,Wallet
ORD-0003045,CUST-000471,P-PRD-107,1,199.0,0.05,189.05,2026-03-03 21:13:42,Pending,Debit Card
ORD-0003046,CUST-000190,P-PRD-102,4,899.0,0.15,3056.6,2026-05-24 18:54:18,Refunded,Credit Card
ORD-0003047,CUST-000462,P-PRD-106,1,1200.0,0.0,1200.0,2026-05-18 12:24:22,Refunded,Cash on Delivery
ORD-0003048,CUST-000329,P-PRD-101,2,2499.0,0.0,4998.0,2026-07-03 11:38:26,Cancelled,Cash on Delivery
ORD-0003049,CUST-000378,P-PRD-101,1,2499.0,0.05,2374.05,2026-03-06 03:20:58,Completed,UPI
ORD-0003050,CUST-000179,P-PRD-107,1,199.0,0.0,199.0,2026-03-10 00:51:49,Processing,Debit Card
ORD-0003051,CUST-000336,P-PRD-102,1,899.0,0.05,854.05,2026-06-21 04:23:06,Shipped,UPI
ORD-0003052,CUST-000026,P-PRD-104,1,299.0,0.05,284.05,2026-03-17 07:46:19,Cancelled,UPI
ORD-0003053,CUST-000230,P-PRD-102,1,899.0,0.1,809.1,2026-07-09 02:38:11,Completed,Credit Card
ORD-0003054,CUST-000312,P-PRD-101,1,2499.0,0.0,2499.0,2026-08-05 20:49:38,Shipped,Wallet
ORD-0003055,CUST-000287,P-PRD-111,2,249.0,0.0,498.0,2026-03-17 08:57:34,Completed,Credit Card
ORD-0003056,CUST-000477,P-PRD-107,1,199.0,0.1,179.1,2026-06-06 21:11:43,Completed,Wallet
ORD-0003057,CUST-000425,P-PRD-107,1,199.0,0.0,199.0,2026-07-02 00:26:27,Refunded,Debit Card
ORD-0003058,CUST-000034,P-PRD-108,3,750.0,0.05,2137.5,2026-02-26 05:12:21,Cancelled,Debit Card
ORD-0003059,CUST-000131,P-PRD-106,2,1200.0,0.0,2400.0,2026-05-19 08:27:06,Processing,Net Banking
ORD-0003060,CUST-000280,P-PRD-106,1,1200.0,0.2,960.0,2026-04-23 14:09:01,Refunded,Wallet
ORD-0003061,CUST-000261,P-PRD-103,1,189.0,0.0,189.0,2026-08-05 22:15:31,Completed,Net Banking
ORD-0003062,CUST-000359,P-PRD-108,1,750.0,0.0,750.0,2026-08-12 05:06:42,Cancelled,UPI
ORD-0003063,CUST-000220,P-PRD-109,1,550.0,0.1,495.0,2026-02-20 00:27:24,Completed,Debit Card
ORD-0003064,CUST-000175,P-PRD-104,1,299.0,0.1,269.1,2026-04-05 10:31:38,Shipped,Net Banking
ORD-0003065,CUST-000417,P-PRD-111,1,249.0,0.0,249.0,2026-08-01 06:35:40,Refunded,Cash on Delivery
ORD-0003066,CUST-000164,P-PRD-103,0,189.0,0.0,0.0,2026-05-06 08:36:54,Completed,Debit Card
ORD-0003067,CUST-000420,P-PRD-104,4,299.0,0.0,1196.0,2026-07-13 10:16:09,Pending,Cash on Delivery
ORD-0003068,CUST-000328,P-PRD-108,3,750.0,0.0,2250.0,2026-04-02 10:42:06,Shipped,Net Banking
ORD-0003069,CUST-000384,P-PRD-102,1,899.0,0.1,809.1,2026-05-03 22:11:33,Processing,Debit Card
ORD-0003070,CUST-000247,P-PRD-111,2,249.0,0.0,498.0,2026-02-19 15:01:32,Completed,Credit Card
ORD-0003071,CUST-000043,P-PRD-103,1,189.0,0.1,170.1,2026-04-30 22:12:52,Pending,UPI
ORD-0003072,CUST-000251,P-PRD-104,4,299.0,0.2,956.8,2026-05-19 17:04:06,Shipped,Cash on Delivery
ORD-0003073,CUST-000241,P-PRD-102,3,899.0,0.1,2427.3,2026-06-07 21:28:05,Refunded,Wallet
ORD-0003074,CUST-000244,P-PRD-102,1,899.0,0.05,854.05,2026-06-10 05:49:33,Shipped,Net Banking
ORD-0003075,CUST-000209,P-PRD-105,1,4500.0,0.05,4275.0,2026-08-12 06:50:12,Cancelled,Debit Card
ORD-0003076,CUST-000400,P-PRD-105,1,4500.0,0.05,4275.0,2026-05-22 22:38:03,Pending,UPI
ORD-0003077,CUST-000346,P-PRD-107,2,199.0,0.0,398.0,2026-06-16 15:48:43,Pending,Cash on Delivery
ORD-0003078,CUST-000430,P-PRD-102,2,899.0,0.1,1618.2,2026-04-22 15:47:54,Refunded,Credit Card
ORD-0003079,CUST-000186,P-PRD-112,1,179.0,0.05,170.05,2026-06-05 18:54:38,Completed,UPI
ORD-0003080,CUST-000328,P-PRD-110,1,3500.0,0.15,2975.0,2026-05-13 18:26:24,Refunded,Cash on Delivery
ORD-0003081,CUST-000036,P-PRD-107,2,199.0,0.15,338.3,2026-06-05 17:24:44,UNKNOWN_ERROR_STATUS,Wallet
ORD-0003082,CUST-000179,P-PRD-109,2,550.0,0.0,1100.0,2026-04-26 10:09:12,Processing,Wallet
ORD-0003083,CUST-000285,P-PRD-104,1,299.0,0.0,299.0,2026-06-27 00:37:30,Processing,Net Banking
ORD-0003084,CUST-000308,P-PRD-103,1,189.0,0.0,189.0,2026-06-19 13:50:44,Completed,UPI
ORD-0003085,CUST-000499,P-PRD-112,2,179.0,0.0,358.0,2026-07-31 07:11:25,Processing,Cash on Delivery
ORD-0003086,CUST-000417,P-PRD-103,1,189.0,0.0,189.0,2026-06-24 22:08:16,Refunded,Net Banking
ORD-0003087,CUST-000075,P-PRD-109,1,550.0,0.0,550.0,2026-05-15 02:41:41,Cancelled,Debit Card
ORD-0003088,CUST-000256,P-PRD-111,1,249.0,0.0,249.0,2026-02-27 17:02:18,Pending,Credit Card
ORD-0003089,CUST-000341,P-PRD-101,1,2499.0,0.05,2374.05,2026-05-25 17:43:25,Processing,Credit Card
ORD-0003090,CUST-000287,P-PRD-106,1,1200.0,0.1,1080.0,2026-06-24 21:15:29,Shipped,Cash on Delivery
ORD-0003091,CUST-000030,P-PRD-111,2,249.0,0.0,498.0,2026-04-20 04:44:54,Shipped,Cash on Delivery
ORD-0003092,CUST-000196,P-PRD-110,2,3500.0,0.1,6300.0,2026-04-10 17:33:22,Completed,Credit Card
ORD-0003093,CUST-000020,P-PRD-110,1,3500.0,0.1,3150.0,2026-07-19 01:38:11,Completed,Wallet
ORD-0003094,CUST-000059,P-PRD-112,1,179.0,0.15,152.15,2026-07-04 18:43:15,Pending,Wallet
ORD-0003095,CUST-000487,P-PRD-104,1,299.0,0.2,239.2,2026-03-07 05:17:18,Cancelled,Wallet
ORD-0003096,CUST-000320,P-PRD-111,1,249.0,0.05,236.55,2026-03-03 02:38:43,Refunded,Debit Card
ORD-0003097,CUST-000214,P-PRD-107,1,-199.0,0.1,-199.0,2026-05-29 23:17:29,Cancelled,Cash on Delivery
ORD-0003098,CUST-000072,P-PRD-103,2,189.0,0.0,378.0,2026-03-08 05:47:12,Cancelled,UPI
ORD-0003099,CUST-000459,P-PRD-112,5,179.0,0.1,805.5,2026-02-19 05:44:21,Refunded,Debit Card
ORD-0003100,CUST-000426,P-PRD-102,1,899.0,0.0,899.0,2026-07-09 00:48:35,Refunded,Cash on Delivery
ORD-0003101,CUST-000443,P-PRD-110,1,3500.0,0.15,2975.0,2026-07-23 09:23:38,Cancelled,Wallet
ORD-0003102,CUST-000072,P-PRD-102,2,899.0,0.2,1438.4,2026-05-07 22:10:57,Refunded,Net Banking
ORD-0003103,CUST-000243,P-PRD-107,2,199.0,0.0,398.0,2026-02-25 20:52:07,Shipped,Net Banking
ORD-0003104,CUST-000354,P-PRD-102,2,899.0,0.0,1798.0,2026-03-23 17:03:07,Cancelled,Wallet
ORD-0003105,CUST-000111,P-PRD-107,4,199.0,0.0,796.0,2026-07-03 06:06:18,Completed,Credit Card
ORD-0003106,CUST-000204,P-PRD-111,1,249.0,0.15,211.65,2026-04-04 14:38:46,Pending,Debit Card
ORD-0003107,CUST-000223,P-PRD-108,2,750.0,0.05,1425.0,2026-02-21 13:50:10,Refunded,Cash on Delivery
ORD-0003108,CUST-000330,P-PRD-107,1,199.0,0.0,199.0,2026-05-12 23:14:28,Pending,Wallet
ORD-0003109,CUST-000309,P-PRD-111,4,249.0,0.0,996.0,2026-07-23 17:06:44,Shipped,UPI
ORD-0003110,CUST-000124,P-PRD-106,2,1200.0,0.0,2400.0,2026-05-12 05:31:03,Cancelled,Net Banking
ORD-0003111,CUST-000078,P-PRD-107,1,199.0,0.05,189.05,2026-06-25 06:55:47,Processing,Credit Card
ORD-0003112,CUST-000097,P-PRD-109,1,550.0,0.05,522.5,2026-02-25 04:37:57,Completed,Credit Card
ORD-0003113,CUST-000483,P-PRD-105,1,4500.0,0.0,4500.0,2026-05-29 05:05:25,Shipped,Wallet
ORD-0003114,CUST-000293,P-PRD-102,5,899.0,0.0,4495.0,2026-05-20 07:31:23,Processing,Credit Card
ORD-0003115,CUST-000226,P-PRD-102,2,899.0,0.1,1618.2,2026-05-08 12:13:25,Shipped,Credit Card
ORD-0003116,CUST-000334,P-PRD-106,3,1200.0,0.0,3600.0,2026-07-22 23:46:25,Processing,UPI
ORD-0003117,CUST-000327,P-PRD-103,2,189.0,0.0,378.0,2026-06-24 05:48:56,Refunded,Net Banking
ORD-0003118,CUST-000321,P-PRD-104,2,299.0,0.1,538.2,2026-07-19 00:13:49,Completed,Credit Card
ORD-0003119,CUST-000451,P-PRD-103,1,189.0,0.0,189.0,2026-99-99 25:99:99,Shipped,Cash on Delivery
ORD-0003120,CUST-000088,P-PRD-110,3,3500.0,0.0,10500.0,2026-08-07 16:30:12,Cancelled,UPI
ORD-0003121,CUST-000093,P-PRD-103,1,189.0,0.0,189.0,2026-07-23 00:45:48,Completed,Cash on Delivery
ORD-0003122,CUST-000197,P-PRD-103,4,189.0,0.0,756.0,2026-06-26 16:21:02,Pending,Credit Card
ORD-0003123,CUST-000417,P-PRD-105,3,4500.0,0.15,11475.0,2026-08-04 08:30:21,Pending,UPI
ORD-0003124,CUST-000294,P-PRD-108,1,750.0,0.0,750.0,2026-07-31 03:35:01,Completed,Cash on Delivery
ORD-0003125,CUST-000254,P-PRD-112,1,179.0,0.05,170.05,2026-04-30 04:11:42,Shipped,Cash on Delivery
ORD-0003126,CUST-000189,P-PRD-107,2,199.0,0.15,338.3,2026-04-24 18:53:50,Refunded,Net Banking
ORD-0003127,CUST-000253,P-PRD-104,1,299.0,0.0,299.0,2026-05-25 01:03:23,Processing,UPI
ORD-0003128,CUST-000144,P-PRD-107,2,199.0,0.15,338.3,2026-07-06 08:20:13,Processing,Wallet
ORD-0003129,CUST-000384,P-PRD-105,2,4500.0,0.1,8100.0,2026-07-12 01:24:44,Refunded,UPI
ORD-0003130,CUST-000485,P-PRD-107,2,199.0,0.1,358.2,2026-06-25 00:56:45,Shipped,Net Banking
ORD-0003131,CUST-000266,P-PRD-106,1,1200.0,0.0,1200.0,2026-08-07 09:51:43,Shipped,UPI
ORD-0003132,CUST-000003,P-PRD-109,4,550.0,0.0,2200.0,2026-03-31 16:46:11,Shipped,Wallet
ORD-0003133,CUST-000337,P-PRD-111,1,249.0,0.0,249.0,2026-06-09 14:49:34,Refunded,UPI
ORD-0003134,CUST-000017,P-PRD-106,1,1200.0,0.05,1140.0,2026-05-08 04:42:24,Completed,UPI
ORD-0003135,CUST-000017,P-PRD-110,1,3500.0,0.0,3500.0,2026-06-16 23:06:07,Refunded,Credit Card
ORD-0003136,CUST-000101,P-PRD-105,1,4500.0,0.2,3600.0,2026-07-23 00:13:45,Cancelled,Credit Card
ORD-0003137,CUST-000229,P-PRD-104,4,299.0,0.0,1196.0,2026-03-27 14:34:46,Processing,UPI
ORD-0003138,CUST-000474,P-PRD-106,2,1200.0,0.2,1920.0,2026-02-20 01:53:14,Cancelled,Credit Card
ORD-0003139,CUST-000071,P-PRD-106,2,1200.0,0.0,2400.0,2026-05-19 18:29:15,Refunded,Debit Card
ORD-0003140,CUST-000326,P-PRD-101,1,2499.0,0.0,2499.0,2026-08-05 23:49:23,Cancelled,Credit Card
ORD-0003141,CUST-000176,P-PRD-104,4,299.0,0.0,1196.0,2026-06-17 14:48:36,Processing,Cash on Delivery
ORD-0003142,CUST-000351,P-PRD-104,3,299.0,0.1,807.3,2026-07-27 05:07:29,Pending,Credit Card
ORD-0003143,CUST-000373,P-PRD-102,1,899.0,0.0,899.0,2026-05-20 14:03:47,Completed,UPI
ORD-0003144,CUST-000086,P-PRD-107,1,199.0,0.15,169.15,2026-04-26 22:30:44,Cancelled,Net Banking
ORD-0003145,CUST-000195,P-PRD-103,3,189.0,0.0,567.0,2026-08-14 18:56:55,Cancelled,UPI
ORD-0003146,CUST-000271,P-PRD-104,2,299.0,0.05,568.1,2026-05-19 03:44:21,Processing,Credit Card
ORD-0003147,CUST-000389,P-PRD-107,5,199.0,0.1,895.5,2026-07-28 20:01:49,Cancelled,Debit Card
ORD-0003148,CUST-000041,P-PRD-108,2,750.0,0.15,1275.0,2026-05-18 06:06:11,Processing,Cash on Delivery
ORD-0003149,CUST-000233,P-PRD-112,1,179.0,0.1,161.1,2026-03-25 10:20:31,Pending,Wallet
ORD-0003150,CUST-000213,P-PRD-108,1,750.0,0.0,750.0,2026-05-27 20:33:49,Pending,Credit Card
ORD-0003151,CUST-000427,P-PRD-108,1,750.0,0.0,750.0,2026-04-02 08:34:34,Processing,Credit Card
ORD-0003152,CUST-000218,P-PRD-101,2,2499.0,0.0,4998.0,2026-06-29 16:56:08,Shipped,Net Banking
ORD-0003153,CUST-000302,P-PRD-110,4,3500.0,0.0,14000.0,2026-04-18 20:08:24,Cancelled,Net Banking
ORD-0003154,CUST-000406,P-PRD-104,4,299.0,0.0,1196.0,2026-03-09 08:57:20,Refunded,Net Banking
ORD-0003155,CUST-000160,P-PRD-106,1,1200.0,0.0,1200.0,2026-07-26 14:34:31,Cancelled,Debit Card
ORD-0003156,CUST-000065,P-PRD-111,2,249.0,0.0,498.0,2026-04-17 20:43:37,Pending,Debit Card
ORD-0003157,CUST-000118,P-PRD-109,4,550.0,0.0,2200.0,2026-02-28 04:19:21,Cancelled,UPI
ORD-0003158,CUST-000047,P-PRD-111,1,249.0,0.0,249.0,2026-03-28 06:32:00,Cancelled,Debit Card
ORD-0003159,CUST-000188,P-PRD-101,3,2499.0,0.0,7497.0,2026-04-04 01:44:11,Completed,Debit Card
ORD-0003160,CUST-000242,P-PRD-106,3,1200.0,0.0,3600.0,2026-06-17 23:48:58,Cancelled,Wallet
ORD-0003161,CUST-000369,P-PRD-106,1,1200.0,0.0,1200.0,2026-05-03 15:58:42,Processing,Debit Card
ORD-0003162,CUST-000267,P-PRD-112,1,179.0,0.0,179.0,2026-06-10 15:28:50,Processing,Debit Card
ORD-0003163,CUST-000044,P-PRD-101,2,2499.0,0.1,4498.2,2026-08-08 14:23:46,Shipped,Net Banking
ORD-0003164,CUST-000329,P-PRD-102,1,899.0,0.0,899.0,2026-08-12 14:22:13,Completed,Cash on Delivery
ORD-0003165,CUST-000310,P-PRD-103,1,189.0,0.1,170.1,2026-05-15 19:25:34,Shipped,Debit Card
ORD-0003166,CUST-000261,P-PRD-102,3,899.0,0.0,2697.0,2026-07-25 20:07:24,Refunded,Credit Card
ORD-0003167,CUST-000251,P-PRD-104,3,299.0,0.0,897.0,2026-03-16 14:42:13,Cancelled,Debit Card
ORD-0003168,CUST-000462,P-PRD-102,3,899.0,0.0,2697.0,2026-08-11 09:51:15,Shipped,Net Banking
ORD-0003169,CUST-000014,P-PRD-106,1,1200.0,0.0,1200.0,2026-06-14 10:49:50,Completed,Net Banking
ORD-0003170,CUST-000178,P-PRD-110,2,3500.0,0.1,6300.0,2026-03-11 06:40:26,Pending,Credit Card
ORD-0003171,CUST-000163,P-PRD-101,1,2499.0,0.2,1999.2,2026-02-19 21:51:17,Refunded,Net Banking
ORD-0003172,CUST-000267,P-PRD-104,2,299.0,0.0,598.0,2026-02-27 00:50:40,Refunded,UPI
ORD-0003173,CUST-000452,P-PRD-101,1,2499.0,0.0,2499.0,2026-06-01 09:33:57,Shipped,Credit Card
ORD-0003174,CUST-000400,P-PRD-101,1,2499.0,0.05,2374.05,2026-04-12 03:01:57,Shipped,Cash on Delivery
ORD-0003175,CUST-000348,P-PRD-106,1,1200.0,0.0,1200.0,2026-03-28 01:49:45,Shipped,Wallet
ORD-0003176,CUST-000023,P-PRD-102,4,899.0,0.1,3236.4,2026-08-07 21:53:58,Shipped,Debit Card
ORD-0003177,CUST-000448,P-PRD-106,1,1200.0,0.0,1200.0,2026-05-25 19:16:34,Completed,Wallet
ORD-0003178,CUST-000077,P-PRD-101,1,2499.0,0.0,2499.0,2026-07-08 23:14:34,Processing,Debit Card
ORD-0003179,CUST-000396,P-PRD-109,2,550.0,0.05,1045.0,2026-03-10 07:10:06,Cancelled,Credit Card
ORD-0003180,CUST-000327,P-PRD-107,1,199.0,0.1,179.1,2026-04-20 12:39:23,Cancelled,Cash on Delivery
ORD-0003181,CUST-000045,P-PRD-111,4,249.0,0.0,996.0,2026-04-22 06:56:12,Cancelled,Credit Card
ORD-0003182,CUST-ORPHAN-916960,P-PRD-110,2,3500.0,0.05,6650.0,2026-06-08 10:38:31,Pending,Credit Card
ORD-0003183,CUST-000042,P-PRD-105,2,4500.0,0.0,9000.0,2026-03-03 10:20:29,Completed,Net Banking
ORD-0003184,CUST-000124,P-PRD-105,2,4500.0,0.15,7650.0,2026-02-26 16:54:24,Refunded,Wallet
ORD-0003185,CUST-000165,P-PRD-102,1,899.0,0.0,899.0,2026-07-04 06:36:24,Completed,Credit Card
ORD-0003186,CUST-000300,P-PRD-102,2,899.0,0.1,1618.2,2026-05-07 06:15:38,Processing,UPI
ORD-0003187,CUST-000242,P-PRD-103,2,189.0,0.0,378.0,2026-05-28 21:16:14,Cancelled,Debit Card
ORD-0003188,CUST-000256,P-PRD-102,1,899.0,0.0,899.0,2026-08-12 21:19:23,Refunded,Cash on Delivery
ORD-0003189,CUST-000213,P-PRD-103,3,189.0,0.0,567.0,2026-05-20 07:40:48,Completed,Debit Card
ORD-0003190,CUST-000393,P-PRD-107,4,199.0,0.0,796.0,2026-04-15 18:00:26,Processing,UPI
ORD-0003191,CUST-000235,P-PRD-102,1,899.0,0.1,809.1,2026-07-03 10:29:05,Refunded,UPI
ORD-0003192,CUST-000024,P-PRD-103,2,189.0,0.0,378.0,2026-08-05 03:35:55,Refunded,Net Banking
ORD-0003193,CUST-000155,P-PRD-105,3,4500.0,0.15,11475.0,2026-04-05 11:04:56,Shipped,Debit Card
ORD-0003194,CUST-000001,P-PRD-105,5,4500.0,0.0,22500.0,2026-06-16 08:14:14,Completed,Cash on Delivery
ORD-0003195,CUST-000321,P-PRD-111,1,249.0,0.0,249.0,2026-06-29 01:20:38,Completed,Wallet
ORD-0003196,CUST-000273,P-PRD-112,1,179.0,0.15,152.15,2026-06-05 02:37:27,Shipped,Credit Card
ORD-0003197,CUST-000199,P-PRD-106,1,1200.0,0.2,960.0,2026-05-29 14:41:02,Cancelled,Net Banking
ORD-0003198,CUST-000111,P-PRD-107,2,199.0,0.1,358.2,2026-04-18 17:11:47,Completed,UPI
ORD-0003199,CUST-000250,P-PRD-111,2,249.0,0.05,473.1,2026-06-01 01:21:11,Refunded,Credit Card
ORD-0003200,CUST-000296,P-PRD-103,2,189.0,0.0,378.0,2026-08-18 14:42:34,Completed,Cash on Delivery
ORD-0003201,,P-PRD-101,1,2499.0,0.0,2499.0,2026-04-30 19:25:58,Completed,UPI
ORD-0003202,CUST-000297,P-PRD-102,1,899.0,0.0,899.0,2026-03-23 11:47:09,Pending,UPI
ORD-0003203,CUST-000266,P-PRD-104,1,299.0,0.0,299.0,2026-06-13 14:19:41,Shipped,Cash on Delivery
ORD-0003204,CUST-000425,P-PRD-108,1,750.0,0.0,750.0,2026-07-25 12:02:37,Refunded,UPI
ORD-0003205,CUST-000245,P-PRD-105,2,4500.0,0.0,9000.0,2026-07-21 19:09:31,Processing,Debit Card
ORD-0003206,CUST-000070,P-PRD-102,1,899.0,0.0,899.0,2026-07-08 07:59:13,Processing,Net Banking
ORD-0003207,CUST-000379,P-PRD-102,2,899.0,0.0,1798.0,2026-03-16 17:25:49,Shipped,Credit Card
ORD-0003208,CUST-000324,P-PRD-111,3,249.0,0.1,672.3,2026-05-10 07:53:01,Pending,Credit Card
ORD-0003209,CUST-000103,P-PRD-102,1,899.0,0.0,899.0,2026-05-23 05:55:05,Shipped,Debit Card
ORD-0003210,CUST-000387,P-PRD-107,1,199.0,0.0,199.0,2026-07-24 08:02:03,Pending,Net Banking
ORD-0003211,CUST-000260,P-PRD-102,1,899.0,0.1,809.1,2026-04-14 12:13:21,Refunded,Cash on Delivery
ORD-0003212,CUST-000298,P-PRD-110,1,3500.0,0.0,3500.0,2026-04-01 18:48:43,Completed,Debit Card
ORD-0003213,CUST-000007,P-PRD-108,1,750.0,0.2,600.0,2026-05-18 23:57:06,Refunded,Cash on Delivery
ORD-0003214,CUST-000200,P-PRD-104,3,299.0,0.05,852.15,2026-06-05 21:28:34,Pending,Credit Card
ORD-0003215,CUST-000442,P-PRD-109,1,550.0,0.0,550.0,2026-03-02 04:23:30,Refunded,Wallet
ORD-0003216,CUST-000125,P-PRD-108,2,750.0,0.05,1425.0,2026-05-05 06:36:58,Cancelled,UPI
ORD-0003217,CUST-000175,P-PRD-112,1,179.0,0.2,143.2,2026-04-20 14:50:57,Cancelled,Wallet
ORD-0003218,CUST-000064,P-PRD-103,1,189.0,0.0,189.0,2026-04-15 15:04:11,Refunded,Debit Card
ORD-0003219,CUST-000165,P-PRD-106,1,1200.0,0.1,1080.0,2026-03-08 14:56:25,Refunded,Cash on Delivery
ORD-0003220,CUST-000286,P-PRD-102,2,899.0,0.1,1618.2,2026-04-25 11:03:24,Shipped,Debit Card
ORD-0003221,CUST-000055,P-PRD-112,10,179.0,0.05,1700.5,2026-06-01 18:26:47,Completed,Cash on Delivery
ORD-0003222,CUST-000120,P-PRD-110,2,3500.0,0.0,7000.0,2026-03-16 00:39:27,Refunded,Wallet
ORD-0003223,CUST-000120,P-PRD-102,1,899.0,0.0,899.0,2026-03-04 15:02:46,Pending,Credit Card
ORD-0003224,CUST-000412,P-PRD-108,2,750.0,0.0,1500.0,2026-05-16 15:43:31,Completed,Cash on Delivery
ORD-0003225,CUST-000357,P-PRD-111,1,249.0,0.15,211.65,2026-07-17 12:41:22,Shipped,Debit Card
ORD-0003226,CUST-000470,P-PRD-112,1,179.0,0.2,143.2,2026-07-25 15:07:40,Pending,Cash on Delivery
ORD-0003227,CUST-000248,P-PRD-111,3,249.0,0.0,747.0,2026-08-03 20:28:18,Shipped,Net Banking
ORD-0003228,CUST-000035,P-PRD-104,1,299.0,0.05,284.05,2026-04-09 08:41:58,Shipped,Credit Card
ORD-0003229,CUST-000070,P-PRD-102,1,899.0,0.0,899.0,2026-05-04 17:29:44,Refunded,Debit Card
ORD-0003230,CUST-000334,P-PRD-103,2,189.0,0.05,359.1,2026-04-28 20:30:44,Refunded,Wallet
ORD-0003231,CUST-000407,P-PRD-112,1,179.0,0.1,161.1,2026-06-04 02:01:51,Pending,Cash on Delivery
ORD-0003232,CUST-000161,P-PRD-105,4,4500.0,0.0,18000.0,2026-07-07 20:43:27,Refunded,UPI
ORD-0003233,CUST-000087,P-PRD-105,3,4500.0,0.0,13500.0,2026-99-99 25:99:99,Refunded,Cash on Delivery
ORD-0003234,CUST-000126,P-PRD-106,1,1200.0,0.05,1140.0,2026-06-11 08:03:52,Processing,Cash on Delivery
ORD-0003235,CUST-000047,P-PRD-102,2,899.0,0.0,1798.0,2026-08-05 19:27:32,Processing,Net Banking
ORD-0003236,CUST-000005,P-PRD-110,3,3500.0,0.0,10500.0,2026-05-09 11:06:35,Processing,Debit Card
ORD-0003237,CUST-000318,P-PRD-112,1,179.0,0.0,179.0,2026-02-28 04:44:08,Processing,Cash on Delivery
ORD-0003238,CUST-000431,P-PRD-106,10,1200.0,0.05,11400.0,2026-07-27 19:07:10,Cancelled,Debit Card
ORD-0003239,CUST-000039,P-PRD-111,4,249.0,0.1,896.4,2026-02-25 16:29:55,Pending,UPI
ORD-0003240,CUST-000316,P-PRD-105,1,4500.0,0.0,4500.0,2026-04-03 18:22:14,Refunded,Debit Card
ORD-0003241,CUST-000196,P-PRD-112,1,179.0,0.0,179.0,2026-06-07 14:55:52,Pending,Debit Card
ORD-0003242,CUST-000120,P-PRD-104,2,299.0,0.0,598.0,2026-04-23 20:28:08,Completed,Cash on Delivery
ORD-0003243,CUST-000402,P-PRD-104,2,299.0,0.0,598.0,2026-07-28 01:28:47,Processing,Debit Card
ORD-0003244,CUST-000324,P-PRD-103,1,189.0,0.0,189.0,2026-08-09 23:33:24,Cancelled,Cash on Delivery
ORD-0003245,CUST-000210,P-PRD-104,1,299.0,0.0,299.0,2026-07-01 12:42:17,Cancelled,Debit Card
ORD-0003246,CUST-000132,P-PRD-104,1,299.0,0.0,299.0,2026-07-03 06:58:07,Shipped,Wallet
ORD-0003247,CUST-000020,P-PRD-109,1,550.0,0.1,495.0,2026-05-02 23:29:09,Processing,Debit Card
ORD-0003248,CUST-000091,P-PRD-107,4,199.0,0.15,676.6,2026-07-10 05:05:39,Processing,Credit Card
ORD-0003249,CUST-000105,P-PRD-106,3,1200.0,0.0,3600.0,2026-05-17 23:01:32,Cancelled,Cash on Delivery
ORD-0003250,CUST-000268,P-PRD-110,5,3500.0,0.05,16625.0,2026-06-21 16:04:55,Completed,Debit Card
ORD-0003251,CUST-000415,P-PRD-110,4,3500.0,0.0,14000.0,2026-05-13 00:42:59,Processing,Wallet
ORD-0003252,CUST-000443,P-PRD-108,1,750.0,0.0,750.0,2026-06-15 21:37:27,Cancelled,Wallet
ORD-0003253,CUST-000020,P-PRD-110,3,3500.0,0.0,10500.0,2026-03-25 13:07:48,Cancelled,Net Banking
ORD-0003254,CUST-000141,P-PRD-105,2,4500.0,0.05,8550.0,2026-06-01 06:49:28,Cancelled,Net Banking
ORD-0003255,CUST-000302,P-PRD-109,2,550.0,0.0,1100.0,2026-02-23 07:57:49,Refunded,Credit Card
ORD-0003256,CUST-000438,P-PRD-111,1,249.0,0.1,224.1,2026-06-09 14:21:33,Completed,Credit Card
ORD-0003257,CUST-000319,P-PRD-108,4,750.0,0.0,3000.0,2026-04-15 12:09:05,Processing,Cash on Delivery
ORD-0003258,CUST-000230,P-PRD-102,1,899.0,0.0,899.0,2026-05-21 08:20:13,Shipped,Cash on Delivery
ORD-0003259,CUST-000335,P-PRD-106,1,1200.0,0.05,1140.0,2026-06-06 17:48:57,Refunded,Credit Card
ORD-0003260,CUST-000340,P-PRD-105,1,4500.0,0.15,3825.0,2026-08-11 23:40:00,Pending,UPI
ORD-0003261,CUST-000499,P-PRD-106,2,1200.0,0.05,2280.0,2026-99-99 25:99:99,Cancelled,UPI
ORD-0003262,CUST-000166,P-PRD-101,2,2499.0,0.1,4498.2,2026-06-03 14:04:53,Pending,Net Banking
ORD-0003263,CUST-000024,P-PRD-103,3,189.0,0.05,538.65,2026-04-26 23:33:59,Cancelled,Net Banking
ORD-0003264,CUST-000427,P-PRD-112,2,179.0,0.0,358.0,2026-05-14 09:18:55,Completed,UPI
ORD-0003265,CUST-000434,P-PRD-103,1,189.0,0.2,151.2,2026-08-12 01:51:07,Cancelled,UPI
ORD-0003266,CUST-000252,P-PRD-107,2,199.0,0.1,358.2,2026-05-07 11:48:28,Completed,Cash on Delivery
ORD-0003267,CUST-000389,P-PRD-104,2,299.0,0.0,598.0,2026-04-22 07:54:49,Cancelled,Credit Card
ORD-0003268,CUST-000101,P-PRD-106,2,1200.0,0.0,2400.0,2026-03-11 17:52:44,Completed,Debit Card
ORD-0003269,CUST-000296,P-PRD-107,2,199.0,0.0,398.0,2026-07-25 16:41:59,Pending,Credit Card
ORD-0003270,CUST-000330,P-PRD-109,3,550.0,0.0,1650.0,2026-06-24 09:49:25,Processing,Wallet
ORD-0003271,CUST-000244,P-PRD-101,4,2499.0,0.0,9996.0,2026-06-04 22:25:41,Completed,Debit Card
ORD-0003272,CUST-000111,P-PRD-105,1,4500.0,0.0,4500.0,2026-07-29 14:45:21,Processing,Net Banking
ORD-0003273,CUST-000307,P-PRD-107,2,199.0,0.05,378.1,2026-04-18 20:54:32,Cancelled,Credit Card
ORD-0003274,CUST-000078,P-PRD-104,1,299.0,0.0,299.0,2026-06-05 20:19:12,Shipped,Cash on Delivery
ORD-0003275,CUST-000463,P-PRD-101,1,2499.0,0.0,2499.0,2026-03-22 09:20:39,Processing,UPI
ORD-0003276,CUST-000237,P-PRD-108,4,750.0,0.0,3000.0,2026-06-03 22:02:09,Shipped,Debit Card
ORD-0003277,CUST-000228,P-PRD-109,1,550.0,0.0,550.0,2026-07-26 13:16:05,Cancelled,Net Banking
ORD-0003278,CUST-000136,P-PRD-108,5,750.0,0.1,3375.0,2026-07-25 03:00:48,Refunded,UPI
ORD-0003279,CUST-000483,P-PRD-105,3,4500.0,0.05,12825.0,2026-03-26 14:28:32,Processing,Debit Card
ORD-0003280,CUST-000236,P-PRD-105,4,4500.0,0.1,16200.0,2026-04-21 10:25:32,Shipped,Net Banking
ORD-0003281,CUST-000244,P-PRD-105,1,4500.0,0.15,3825.0,2026-02-24 10:33:52,Shipped,Net Banking
ORD-0003282,CUST-000158,P-PRD-110,1,3500.0,0.0,3500.0,2026-03-12 19:51:21,Processing,Net Banking
ORD-0003283,CUST-000334,P-PRD-104,1,299.0,0.0,299.0,2026-02-27 16:30:41,Refunded,Credit Card
ORD-0003284,CUST-000143,P-PRD-112,1,179.0,0.0,179.0,2026-05-31 06:05:17,Refunded,Wallet
ORD-0003285,CUST-000383,P-PRD-105,2,4500.0,0.0,9000.0,2026-07-03 05:13:52,Refunded,Cash on Delivery
ORD-0003286,CUST-000126,P-PRD-106,5,1200.0,0.15,5100.0,2026-08-10 21:49:32,Shipped,Net Banking
ORD-0003287,CUST-000324,P-PRD-111,4,-249.0,0.05,-996.0,2026-02-21 18:25:41,Processing,Net Banking
ORD-0003288,CUST-000036,P-PRD-101,2,2499.0,0.1,4498.2,2026-07-18 06:15:21,Shipped,Credit Card
ORD-0003289,CUST-000353,P-PRD-110,2,3500.0,0.0,7000.0,2026-06-01 04:31:59,Completed,Credit Card
ORD-0003290,CUST-000350,P-PRD-106,2,1200.0,0.05,2280.0,2026-06-13 03:09:41,Shipped,Net Banking
ORD-0003291,CUST-000375,P-PRD-105,1,4500.0,0.0,4500.0,2026-03-14 11:40:57,Refunded,Cash on Delivery
ORD-0003292,CUST-000250,P-PRD-111,1,249.0,0.05,236.55,2026-07-18 08:04:26,Shipped,Cash on Delivery
ORD-0003293,CUST-000402,P-PRD-107,2,199.0,0.0,398.0,2026-07-25 17:39:49,Refunded,UPI
ORD-0003294,CUST-000189,P-PRD-107,1,199.0,0.05,189.05,2026-05-24 17:41:54,Cancelled,Cash on Delivery
ORD-0003295,CUST-000142,P-PRD-112,1,179.0,0.0,179.0,2026-04-18 17:13:09,Refunded,Debit Card
ORD-0003296,CUST-000096,P-PRD-108,1,750.0,0.0,750.0,2026-02-23 04:34:35,Processing,Net Banking
ORD-0003297,CUST-000320,P-PRD-109,1,550.0,0.15,467.5,2026-03-08 02:18:46,Completed,UPI
ORD-0003298,CUST-000450,P-PRD-102,2,899.0,0.0,1798.0,2026-05-08 10:43:47,Processing,Net Banking
ORD-0003299,CUST-000110,P-PRD-109,2,550.0,0.0,1100.0,2026-06-15 11:18:16,Processing,Debit Card
ORD-0003300,CUST-000154,P-PRD-105,3,4500.0,0.0,13500.0,2026-05-13 15:08:27,Processing,UPI
ORD-0003301,CUST-000478,P-PRD-112,4,179.0,0.0,716.0,2026-04-17 11:27:28,Shipped,Cash on Delivery
ORD-0003302,CUST-000183,P-PRD-102,2,899.0,0.05,1708.1,2026-08-17 07:52:48,Shipped,UPI
ORD-0003303,CUST-000444,P-PRD-108,1,750.0,0.0,750.0,2026-03-14 00:29:56,Processing,Credit Card
ORD-0003304,CUST-000097,P-PRD-101,1,2499.0,0.0,2499.0,2026-04-10 02:49:42,Shipped,UPI
ORD-0003305,CUST-000041,P-PRD-106,1,1200.0,0.05,1140.0,2026-07-03 12:40:28,Processing,Cash on Delivery
ORD-0003306,CUST-000061,P-PRD-108,2,750.0,0.0,1500.0,2026-07-28 15:39:24,Completed,Wallet
ORD-0003307,CUST-000362,P-PRD-111,3,249.0,0.0,747.0,2026-04-03 13:15:29,Shipped,UPI
ORD-0003308,CUST-000266,P-PRD-102,1,899.0,0.0,899.0,2026-07-26 23:33:42,Pending,Wallet
ORD-0003309,CUST-000439,P-PRD-102,2,899.0,0.0,1798.0,2026-07-14 20:25:35,Cancelled,Cash on Delivery
ORD-0003310,CUST-000376,P-PRD-101,10,2499.0,0.2,19992.0,2026-03-07 02:29:18,Shipped,Debit Card
ORD-0003311,CUST-000361,P-PRD-110,5,3500.0,0.0,17500.0,2026-03-30 20:49:49,Refunded,Wallet
ORD-0003312,CUST-000295,P-PRD-108,2,750.0,0.0,1500.0,2026-03-04 14:28:57,Refunded,Credit Card
ORD-0003313,CUST-000264,P-PRD-106,1,1200.0,0.15,1020.0,2026-05-04 20:23:21,Completed,UPI
ORD-0003314,CUST-000046,P-PRD-104,1,299.0,0.0,299.0,2026-08-02 06:03:44,Processing,Debit Card
ORD-0003315,CUST-000489,P-PRD-102,1,899.0,0.0,899.0,2026-03-06 04:16:35,Processing,Credit Card
ORD-0003316,CUST-000273,P-PRD-102,2,899.0,0.0,1798.0,2026-03-03 15:32:20,Refunded,Net Banking
ORD-0003317,CUST-000282,P-PRD-105,2,4500.0,0.0,9000.0,2026-06-15 07:53:53,Refunded,Cash on Delivery
ORD-0003318,CUST-000385,P-PRD-105,1,4500.0,0.15,3825.0,2026-03-21 13:25:01,Refunded,Debit Card
ORD-0003319,CUST-000051,P-PRD-103,1,189.0,0.05,179.55,2026-07-22 02:48:19,Processing,Debit Card
ORD-0003320,CUST-000158,P-PRD-111,1,249.0,0.05,236.55,2026-03-16 17:55:18,Shipped,Credit Card
ORD-0003321,CUST-000385,P-PRD-107,5,199.0,0.0,995.0,2026-07-25 20:29:02,Completed,Credit Card
ORD-0003322,CUST-000456,P-PRD-112,2,179.0,0.05,340.1,2026-03-31 02:11:31,Pending,Cash on Delivery
ORD-0003323,CUST-000275,P-PRD-103,1,189.0,0.0,189.0,2026-03-22 22:37:11,Refunded,Credit Card
ORD-0003324,CUST-000256,P-PRD-106,4,1200.0,0.0,4800.0,2026-08-04 06:57:38,Cancelled,Wallet
ORD-0003325,CUST-000490,P-PRD-103,1,189.0,0.0,189.0,2026-04-29 11:10:02,Cancelled,Cash on Delivery
ORD-0003326,CUST-000002,P-PRD-101,1,2499.0,0.0,2499.0,2026-08-07 16:10:34,Refunded,Cash on Delivery
ORD-0003327,CUST-000067,P-PRD-103,0,189.0,0.0,0.0,2026-08-18 00:24:52,Pending,Debit Card
ORD-0003328,CUST-000469,P-PRD-105,2,4500.0,0.05,8550.0,2026-03-23 02:20:19,Pending,Wallet
ORD-0003329,CUST-000063,P-PRD-103,2,189.0,0.0,378.0,2026-05-14 23:52:10,Refunded,Credit Card
ORD-0003330,CUST-000263,P-PRD-111,1,249.0,0.15,211.65,2026-07-30 11:52:30,Shipped,Credit Card
ORD-0003331,CUST-000023,P-PRD-105,2,4500.0,0.0,9000.0,2026-04-06 02:37:56,Completed,Net Banking
ORD-0003332,CUST-000435,P-PRD-105,4,4500.0,0.0,18000.0,2026-06-01 15:11:15,Processing,Credit Card
ORD-0003333,CUST-000012,P-PRD-105,4,4500.0,0.05,17100.0,2026-07-18 11:28:35,Processing,Net Banking
ORD-0003334,CUST-000353,P-PRD-105,1,4500.0,0.0,4500.0,2026-05-29 05:04:28,Refunded,UPI
ORD-0003335,CUST-000069,P-PRD-104,2,299.0,0.0,598.0,2026-06-29 11:40:21,Shipped,Cash on Delivery
ORD-0003336,CUST-000178,P-PRD-107,2,199.0,0.15,338.3,2026-07-26 15:47:11,Pending,Credit Card
ORD-0003337,CUST-000338,P-PRD-101,1,2499.0,0.0,2499.0,2026-03-26 14:37:35,Completed,Credit Card
ORD-0003338,CUST-000411,P-PRD-112,3,179.0,0.0,537.0,2026-02-21 03:15:43,Shipped,Wallet
ORD-0003339,CUST-000387,P-PRD-108,4,750.0,0.0,3000.0,2026-07-16 15:29:37,Completed,Debit Card
ORD-0003340,CUST-000107,P-PRD-106,1,1200.0,0.05,1140.0,2026-04-25 12:03:31,Cancelled,UPI
ORD-0003341,CUST-000287,P-PRD-103,5,189.0,0.0,945.0,2026-05-07 19:45:39,Cancelled,Cash on Delivery
ORD-0003342,CUST-000133,P-PRD-108,3,750.0,0.05,2137.5,2026-05-22 01:35:02,Processing,Net Banking
ORD-0003343,CUST-000123,P-PRD-110,1,3500.0,0.0,3500.0,2026-06-03 10:21:14,Pending,Cash on Delivery
ORD-0003344,CUST-000289,P-PRD-106,2,1200.0,0.0,2400.0,2026-05-30 11:03:10,Completed,Wallet
ORD-0003345,CUST-000262,P-PRD-109,1,550.0,0.05,522.5,2026-06-04 05:09:56,Shipped,Cash on Delivery
ORD-0003346,CUST-000304,P-PRD-103,1,189.0,0.05,179.55,2026-08-07 12:33:32,Refunded,Debit Card
ORD-0003347,CUST-000082,P-PRD-109,4,550.0,0.05,2090.0,2026-02-18 21:07:16,Cancelled,Debit Card
ORD-0003348,CUST-000192,P-PRD-104,1,299.0,0.15,254.15,2026-06-30 05:34:13,Shipped,Wallet
ORD-0003349,CUST-000349,P-PRD-107,1,199.0,0.0,199.0,2026-06-25 11:22:44,Completed,Wallet
ORD-0003350,CUST-000143,P-PRD-106,3,1200.0,0.0,3600.0,2026-04-28 03:18:31,Cancelled,UPI
ORD-0003351,CUST-000244,P-PRD-106,1,1200.0,0.0,1200.0,2026-07-31 00:23:37,Completed,Net Banking
ORD-0003352,CUST-000177,P-PRD-111,3,249.0,0.0,747.0,2026-07-28 22:51:49,Cancelled,Cash on Delivery
ORD-0003353,CUST-000141,P-PRD-109,2,550.0,0.2,880.0,2026-03-12 19:25:53,Refunded,Cash on Delivery
ORD-0003354,CUST-000270,P-PRD-107,2,199.0,0.2,318.4,2026-03-31 08:41:25,Shipped,UPI
ORD-0003355,CUST-000431,P-PRD-112,2,179.0,0.1,322.2,2026-07-27 11:02:17,Shipped,UPI
ORD-0003356,CUST-000138,P-PRD-110,1,3500.0,0.1,3150.0,2026-03-09 06:07:44,Refunded,Net Banking
ORD-0003357,CUST-000058,P-PRD-110,1,3500.0,0.0,3500.0,2026-06-08 01:44:16,Refunded,Credit Card
ORD-0003358,CUST-000026,P-PRD-110,5,3500.0,0.0,17500.0,2026-06-27 23:46:32,Completed,Credit Card
ORD-0003359,CUST-000099,P-PRD-101,1,2499.0,0.05,2374.05,2026-07-16 10:23:47,Refunded,Cash on Delivery
ORD-0003360,CUST-000474,P-PRD-105,1,4500.0,0.0,4500.0,2026-07-07 00:54:52,Processing,Cash on Delivery
ORD-0003361,CUST-000246,P-PRD-107,1,199.0,0.0,199.0,2026-07-29 12:01:00,Processing,Net Banking
ORD-0003362,CUST-000026,P-PRD-102,3,899.0,0.15,2292.45,2026-02-27 03:05:07,Completed,Debit Card
ORD-0003363,CUST-000154,P-PRD-109,1,550.0,0.1,495.0,2026-05-15 01:04:03,Shipped,Cash on Delivery
ORD-0003364,CUST-000408,P-PRD-109,1,550.0,0.2,440.0,2026-06-22 20:53:10,Processing,UPI
ORD-0003365,CUST-000214,P-PRD-101,1,2499.0,0.0,2499.0,2026-05-29 18:34:37,Cancelled,Net Banking
ORD-0003366,CUST-ORPHAN-998223,P-PRD-112,3,179.0,0.0,537.0,2026-08-16 22:06:15,Shipped,Debit Card
ORD-0003367,CUST-000106,P-PRD-107,4,199.0,0.1,716.4,2026-05-06 15:48:31,Cancelled,Credit Card
ORD-0003368,CUST-000354,P-PRD-103,2,189.0,0.1,340.2,2026-05-19 07:58:14,Shipped,Cash on Delivery
ORD-0003369,CUST-000350,P-PRD-103,3,189.0,0.0,567.0,2026-02-28 23:18:11,Completed,UPI
ORD-0003370,CUST-000371,P-PRD-111,3,249.0,0.0,747.0,2026-04-21 17:48:06,Refunded,Net Banking
ORD-0003371,CUST-000449,P-PRD-106,2,1200.0,0.0,2400.0,2026-03-31 07:09:06,Pending,Net Banking
ORD-0003372,CUST-000484,P-PRD-110,1,3500.0,0.0,3500.0,2026-06-30 02:48:31,Processing,Cash on Delivery
ORD-0003373,CUST-000229,P-PRD-109,2,550.0,0.1,990.0,2026-06-22 05:35:25,Completed,Cash on Delivery
ORD-0003374,CUST-000289,P-PRD-112,2,179.0,0.0,358.0,2026-06-27 19:26:32,Shipped,Net Banking
ORD-0003375,CUST-000036,P-PRD-103,2,189.0,0.05,359.1,2026-05-05 20:34:55,Processing,Wallet
ORD-0003376,CUST-000174,P-PRD-104,2,299.0,0.0,598.0,2026-04-30 15:39:29,Cancelled,Debit Card
ORD-0003377,CUST-000345,P-PRD-104,2,299.0,0.05,568.1,2026-08-07 13:51:14,Shipped,UPI
ORD-0003378,CUST-000223,P-PRD-106,1,1200.0,0.0,1200.0,2026-02-28 10:36:55,Completed,UPI
ORD-0003379,CUST-000373,P-PRD-110,1,3500.0,0.1,3150.0,2026-04-13 16:20:24,Processing,Debit Card
ORD-0003380,CUST-000222,P-PRD-109,1,550.0,0.0,550.0,2026-05-16 08:02:04,Cancelled,Debit Card
ORD-0003381,CUST-000373,P-PRD-101,3,2499.0,0.0,7497.0,2026-07-24 19:02:43,Shipped,Net Banking
ORD-0003382,CUST-000356,P-PRD-104,1,299.0,0.0,299.0,2026-04-13 06:11:34,Cancelled,Net Banking
ORD-0003383,CUST-000027,P-PRD-111,1,249.0,0.0,249.0,2026-05-15 16:30:54,Processing,Net Banking
ORD-0003384,CUST-000118,P-PRD-105,2,4500.0,0.0,9000.0,2026-08-06 19:42:01,Refunded,UPI
ORD-0003385,CUST-000248,P-PRD-103,1,189.0,0.15,160.65,2026-06-18 11:18:35,Processing,Net Banking
ORD-0003386,CUST-000115,P-PRD-106,1,1200.0,0.2,960.0,2026-07-31 10:50:52,Processing,Credit Card
ORD-0003387,CUST-000169,P-PRD-111,1,249.0,0.0,249.0,2026-08-08 04:31:22,Pending,Debit Card
ORD-0003388,CUST-000275,P-PRD-106,5,1200.0,0.0,6000.0,2026-02-23 14:16:49,Processing,Net Banking
ORD-0003389,CUST-000155,P-PRD-108,1,750.0,0.0,750.0,2026-08-05 07:58:16,Shipped,Credit Card
ORD-0003390,CUST-000461,P-PRD-109,3,550.0,0.0,1650.0,2026-07-31 21:22:04,Pending,Net Banking
ORD-0003391,CUST-000110,P-PRD-112,2,179.0,0.1,322.2,2026-08-01 04:04:53,Shipped,Credit Card
ORD-0003392,CUST-000239,P-PRD-102,1,899.0,0.1,809.1,2026-06-12 16:09:23,Refunded,Credit Card
ORD-0003393,CUST-000253,P-PRD-111,2,249.0,0.05,473.1,2026-08-15 02:01:41,Processing,Credit Card
ORD-0003394,CUST-000367,P-PRD-106,2,1200.0,0.2,1920.0,2026-07-01 00:58:46,Shipped,UPI
ORD-0003395,CUST-000394,P-PRD-107,0,199.0,0.0,0.0,2026-04-08 15:14:31,Shipped,Credit Card
ORD-0003396,CUST-000179,P-PRD-110,2,3500.0,0.05,6650.0,2026-02-28 20:54:20,UNKNOWN_ERROR_STATUS,Cash on Delivery
ORD-0003397,CUST-000236,P-PRD-110,3,3500.0,0.0,10500.0,2026-02-27 10:53:14,Cancelled,Net Banking
ORD-0003398,CUST-000092,P-PRD-109,1,550.0,0.05,522.5,2026-05-30 22:46:15,Completed,Cash on Delivery
ORD-0003399,CUST-000297,P-PRD-104,2,299.0,0.1,538.2,2026-07-18 08:31:59,Shipped,Net Banking
ORD-0003400,CUST-000181,P-PRD-104,3,299.0,0.0,897.0,2026-04-21 06:29:12,Refunded,UPI
ORD-0003401,CUST-000305,P-PRD-107,1,199.0,0.0,199.0,2026-03-22 21:55:27,Cancelled,Wallet
ORD-0003402,CUST-000400,P-PRD-102,5,899.0,0.0,4495.0,2026-99-99 25:99:99,Pending,Wallet
ORD-0003403,CUST-000098,P-PRD-101,2,2499.0,0.15,4248.3,2026-05-08 23:05:38,Shipped,Cash on Delivery
ORD-0003404,CUST-000315,P-PRD-104,1,299.0,0.1,269.1,2026-04-17 04:30:26,Shipped,Cash on Delivery
ORD-0003405,CUST-000291,P-PRD-107,1,199.0,0.1,179.1,2026-03-07 02:50:47,Cancelled,Credit Card
ORD-0003406,CUST-000395,P-PRD-111,1,249.0,0.0,249.0,2026-06-15 01:24:03,Processing,Cash on Delivery
ORD-0003407,CUST-000187,P-PRD-109,3,550.0,0.0,1650.0,2026-02-25 11:47:23,Pending,UPI
ORD-0003408,CUST-000343,P-PRD-107,1,199.0,0.05,189.05,2026-07-20 02:42:53,Refunded,Credit Card
ORD-0003409,CUST-000260,P-PRD-109,1,550.0,0.15,467.5,2026-03-16 20:18:30,Pending,Cash on Delivery
ORD-0003410,CUST-000101,P-PRD-103,1,189.0,0.05,179.55,2026-04-02 04:49:16,Pending,Net Banking
ORD-0003411,CUST-000056,P-PRD-110,1,3500.0,0.05,3325.0,2026-07-13 22:25:50,Processing,Wallet
ORD-0003412,CUST-000202,P-PRD-106,1,1200.0,0.0,1200.0,2026-07-30 03:01:18,Shipped,UPI
ORD-0003413,CUST-000093,P-PRD-106,2,1200.0,0.0,2400.0,2026-05-02 19:52:11,Completed,Wallet
ORD-0003414,CUST-000397,P-PRD-112,2,179.0,0.1,322.2,2026-08-16 05:33:42,Completed,Debit Card
ORD-0003415,CUST-000231,P-PRD-104,2,299.0,0.0,598.0,2026-05-15 22:20:40,Completed,Debit Card
ORD-0003416,CUST-000332,P-PRD-111,2,249.0,0.05,473.1,2026-04-15 09:16:25,Refunded,Net Banking
ORD-0003417,CUST-000401,P-PRD-102,2,899.0,0.15,1528.3,2026-06-25 20:00:37,Processing,Net Banking
ORD-0003418,CUST-000085,P-PRD-101,4,2499.0,0.0,9996.0,2026-07-02 01:57:55,Pending,Debit Card
ORD-0003419,CUST-000031,P-PRD-102,1,899.0,0.0,899.0,2026-07-07 00:37:35,Shipped,Credit Card
ORD-0003420,CUST-000261,P-PRD-108,4,750.0,0.0,3000.0,2026-05-04 10:09:11,Shipped,Credit Card
ORD-0003421,CUST-000006,P-PRD-107,2,199.0,0.0,398.0,2026-03-18 12:52:28,Pending,Net Banking
ORD-0003422,CUST-000381,P-PRD-110,1,3500.0,0.0,3500.0,2026-08-05 10:39:54,Refunded,Credit Card
ORD-0003423,CUST-000095,P-PRD-102,1,899.0,0.0,899.0,2026-07-08 12:08:59,Cancelled,Net Banking
ORD-0003424,CUST-000337,P-PRD-105,1,4500.0,0.0,4500.0,2026-07-16 01:11:02,Completed,Debit Card
ORD-0003425,CUST-000344,P-PRD-103,1,189.0,0.0,189.0,2026-05-14 07:40:24,Processing,Wallet
ORD-0003426,CUST-000153,P-PRD-102,2,899.0,0.0,1798.0,2026-02-28 04:50:39,Refunded,Cash on Delivery
ORD-0003427,CUST-000312,P-PRD-111,1,249.0,0.1,224.1,2026-04-24 13:48:32,Completed,Wallet
ORD-0003428,CUST-000386,P-PRD-108,2,750.0,0.0,1500.0,2026-03-24 05:19:54,Refunded,Credit Card
ORD-0003429,CUST-000306,P-PRD-108,2,750.0,0.0,1500.0,2026-03-08 06:41:45,Cancelled,Wallet
ORD-0003430,CUST-000204,P-PRD-109,1,550.0,0.0,550.0,2026-02-21 09:55:19,Processing,Debit Card
ORD-0003431,CUST-000171,P-PRD-104,1,299.0,0.0,299.0,2026-05-30 22:07:55,Processing,Debit Card
ORD-0003432,CUST-000002,P-PRD-103,1,189.0,0.0,189.0,2026-02-25 13:07:38,Refunded,Wallet
ORD-0003433,CUST-000407,P-PRD-105,2,4500.0,0.0,9000.0,2026-07-23 01:31:52,Pending,UPI
ORD-0003434,CUST-000389,P-PRD-109,3,550.0,0.0,1650.0,2026-07-28 16:20:41,Completed,Credit Card
ORD-0003435,CUST-000230,P-PRD-104,4,299.0,0.0,1196.0,2026-03-12 10:33:52,Processing,UPI
ORD-0003436,CUST-000194,P-PRD-110,1,3500.0,0.05,3325.0,2026-05-17 21:32:02,Completed,Debit Card
ORD-0003437,CUST-000156,P-PRD-101,4,2499.0,0.1,8996.4,2026-03-29 12:51:38,Pending,Debit Card
ORD-0001389,CUST-000170,P-PRD-106,2,1200.0,0.05,2280.0,2026-08-18 10:38:37,Cancelled,Wallet
ORD-0003439,CUST-000415,P-PRD-110,-3,3500.0,0.0,-10500.0,2026-06-24 20:03:11,Shipped,Cash on Delivery
ORD-0003440,CUST-000211,P-PRD-109,1,550.0,0.0,550.0,2026-07-15 04:08:11,Completed,Debit Card
ORD-0003441,CUST-000479,P-PRD-112,1,179.0,0.0,179.0,2026-05-30 02:18:45,Cancelled,Debit Card
ORD-0003442,CUST-000324,P-PRD-109,2,550.0,0.0,1100.0,2026-06-13 07:06:42,Cancelled,UPI
ORD-0003443,CUST-000286,P-PRD-108,3,750.0,0.0,2250.0,2026-06-17 08:56:48,Completed,Credit Card
ORD-0003444,CUST-000115,P-PRD-105,1,4500.0,0.2,3600.0,2026-07-19 09:39:19,Refunded,Cash on Delivery
ORD-0003445,CUST-000120,P-PRD-102,2,899.0,0.0,1798.0,2026-04-19 18:42:42,Pending,Debit Card
ORD-0003446,CUST-000298,P-PRD-107,2,199.0,0.05,378.1,2026-06-14 05:13:26,Shipped,UPI
ORD-0003447,CUST-000175,P-PRD-102,3,899.0,0.0,2697.0,2026-05-01 12:30:20,Completed,Wallet
ORD-0003448,CUST-000449,P-PRD-108,2,750.0,0.0,1500.0,2026-03-20 12:47:58,Completed,UPI
ORD-0003449,CUST-000440,P-PRD-106,3,1200.0,0.0,3600.0,2026-03-04 09:39:15,Cancelled,Wallet
ORD-0003450,CUST-000185,P-PRD-110,2,3500.0,0.0,7000.0,2026-06-21 08:08:41,Completed,Credit Card
ORD-0003451,CUST-000248,P-PRD-110,1,3500.0,0.0,3500.0,2026-06-14 06:16:11,Processing,Cash on Delivery
ORD-0003452,CUST-000215,P-PRD-106,1,1200.0,0.0,1200.0,2026-06-14 22:36:39,Pending,Net Banking
ORD-0003453,CUST-000108,P-PRD-105,2,4500.0,0.0,9000.0,2026-99-99 25:99:99,Pending,Wallet
ORD-0003454,CUST-000491,P-PRD-111,1,249.0,0.1,224.1,2026-06-04 17:30:11,Shipped,Net Banking
ORD-0003455,CUST-000375,P-PRD-110,1,3500.0,0.1,3150.0,2026-08-04 07:55:57,Completed,Debit Card
ORD-0003456,CUST-000478,P-PRD-107,3,199.0,0.0,597.0,2026-07-28 09:12:42,Shipped,Net Banking
ORD-0003457,CUST-000192,P-PRD-108,1,750.0,0.05,712.5,2026-07-14 13:39:31,Shipped,Debit Card
ORD-0003458,CUST-000255,P-PRD-108,2,750.0,0.15,1275.0,2026-06-11 19:37:39,Refunded,Credit Card
ORD-0003459,CUST-000225,P-PRD-104,5,299.0,0.0,1495.0,2026-07-10 14:49:35,Shipped,Debit Card
ORD-0003460,CUST-000408,P-PRD-101,1,2499.0,0.2,1999.2,2026-08-04 23:12:06,Processing,Debit Card
ORD-0003461,CUST-000099,P-PRD-111,4,249.0,0.0,996.0,2026-03-27 00:56:24,Cancelled,Wallet
ORD-0003462,CUST-000130,P-PRD-105,1,4500.0,0.1,4050.0,2026-02-26 06:50:41,Cancelled,UPI
ORD-0003463,CUST-000349,P-PRD-101,1,2499.0,0.0,2499.0,2026-03-24 00:01:55,Processing,Net Banking
ORD-0003464,CUST-000201,P-PRD-106,3,1200.0,0.0,3600.0,2026-03-13 22:03:32,Cancelled,UPI
ORD-0003465,CUST-000368,P-PRD-101,1,2499.0,0.0,2499.0,2026-04-27 02:19:43,Cancelled,Wallet
ORD-0003466,CUST-000273,P-PRD-108,3,750.0,0.0,2250.0,2026-03-17 21:19:39,Cancelled,Cash on Delivery
ORD-0003467,CUST-000411,P-PRD-109,3,550.0,0.0,1650.0,2026-05-22 05:49:59,Processing,Debit Card
ORD-0003468,CUST-000004,P-PRD-106,1,1200.0,0.0,1200.0,2026-05-06 21:53:39,Processing,UPI
ORD-0003469,CUST-000246,P-PRD-109,3,550.0,0.2,1320.0,2026-07-09 12:23:08,Refunded,Net Banking
ORD-0003470,CUST-000015,P-PRD-111,1,249.0,0.0,249.0,2026-07-19 21:49:23,Pending,Credit Card
ORD-0003471,CUST-000039,P-PRD-108,1,750.0,0.15,637.5,2026-07-28 04:57:29,Cancelled,Net Banking
ORD-0003472,CUST-000474,P-PRD-104,5,299.0,0.1,1345.5,2026-08-06 21:53:00,Cancelled,Net Banking
ORD-0003473,CUST-000399,P-PRD-108,1,750.0,0.15,637.5,2026-06-26 00:28:41,Refunded,Credit Card
ORD-0003474,CUST-000081,P-PRD-105,2,4500.0,0.1,8100.0,2026-04-04 14:04:09,Completed,Net Banking
ORD-0003475,CUST-000296,P-PRD-107,1,199.0,0.0,199.0,2026-02-21 01:37:26,Pending,Debit Card
ORD-0003476,CUST-000260,P-PRD-101,1,2499.0,0.0,2499.0,2026-03-10 18:35:32,Pending,Wallet
ORD-0003477,CUST-000174,P-PRD-111,1,249.0,0.15,211.65,2026-03-27 22:53:04,Refunded,Cash on Delivery
ORD-0003478,CUST-000002,P-PRD-102,2,899.0,0.0,1798.0,2026-05-06 06:26:03,Processing,Credit Card
ORD-0003479,CUST-000272,P-PRD-108,2,750.0,0.05,1425.0,2026-08-15 19:34:08,Completed,UPI
ORD-0003480,CUST-000068,P-PRD-108,1,750.0,0.05,712.5,2026-03-16 06:01:53,Pending,Net Banking
ORD-0003481,CUST-000293,P-PRD-108,1,750.0,0.0,750.0,2026-03-04 01:27:17,Refunded,Net Banking
ORD-0003482,CUST-000274,P-PRD-106,1,1200.0,0.0,1200.0,2026-04-08 00:25:48,Completed,Wallet
ORD-0003483,CUST-000260,P-PRD-108,1,750.0,0.0,750.0,2026-07-11 00:57:29,Shipped,Wallet
ORD-0003484,CUST-000006,P-PRD-107,1,199.0,0.0,199.0,2026-04-26 05:18:20,Shipped,Wallet
ORD-0003485,CUST-000069,P-PRD-107,1,199.0,0.0,199.0,2026-08-07 12:26:24,Processing,Wallet
ORD-0003486,CUST-000318,P-PRD-111,1,249.0,0.0,249.0,2026-03-01 20:58:42,Cancelled,Net Banking
ORD-0003487,CUST-000435,P-PRD-108,2,750.0,0.0,1500.0,2026-03-24 05:50:43,Completed,Wallet
ORD-0003488,CUST-000062,P-PRD-109,1,550.0,0.05,522.5,2026-05-19 21:41:14,Pending,Debit Card
ORD-0003489,CUST-000499,P-PRD-110,1,3500.0,0.0,3500.0,2026-04-28 14:02:08,Refunded,Debit Card
ORD-0003490,CUST-000300,P-PRD-106,2,1200.0,0.0,2400.0,2026-03-17 05:36:01,Cancelled,Cash on Delivery
ORD-0003491,CUST-000470,P-PRD-106,3,1200.0,0.0,3600.0,2026-04-14 15:05:30,Refunded,Net Banking
ORD-0003492,CUST-000308,P-PRD-103,5,189.0,0.15,803.25,2026-06-18 05:15:26,Shipped,UPI
ORD-0003493,CUST-000057,P-PRD-105,4,4500.0,0.0,18000.0,2026-06-18 01:45:40,Cancelled,Net Banking
ORD-0003494,CUST-000067,P-PRD-106,2,1200.0,0.0,2400.0,2026-07-08 01:44:36,Refunded,Credit Card
ORD-0003495,CUST-000335,P-PRD-110,5,3500.0,0.2,14000.0,2026-06-19 09:27:17,Pending,Cash on Delivery
ORD-0003496,CUST-000406,P-PRD-108,1,750.0,0.15,637.5,2026-04-26 03:54:13,Pending,Cash on Delivery
ORD-0003497,CUST-000323,P-PRD-106,3,1200.0,0.05,3420.0,2026-06-17 11:58:48,Shipped,Debit Card
ORD-0003498,CUST-000445,P-PRD-107,1,199.0,0.0,199.0,2026-06-02 04:16:45,Pending,Wallet
ORD-0003499,CUST-000332,P-PRD-101,3,2499.0,0.05,7122.15,2026-07-14 18:47:40,Pending,UPI
ORD-0003500,CUST-000332,P-PRD-101,2,2499.0,0.0,4998.0,2026-06-19 14:14:52,Shipped,Credit Card
ORD-0003501,CUST-000371,P-PRD-101,2,2499.0,0.0,4998.0,2026-03-07 08:20:28,Refunded,UPI
ORD-0003502,CUST-000245,P-PRD-107,1,199.0,0.15,169.15,2026-06-02 06:59:38,Refunded,Cash on Delivery
ORD-0003503,CUST-000065,P-PRD-106,1,1200.0,0.0,1200.0,2026-02-27 01:07:39,Shipped,Wallet
ORD-0003504,CUST-000305,P-PRD-102,2,899.0,0.0,1798.0,2026-07-29 19:13:23,Completed,Cash on Delivery
ORD-0003505,CUST-000239,P-PRD-104,1,299.0,0.05,284.05,2026-06-15 23:47:58,Pending,Net Banking
ORD-0003506,CUST-000034,P-PRD-105,1,4500.0,0.1,4050.0,2026-06-06 13:53:53,Completed,Credit Card
ORD-0003507,CUST-000268,P-PRD-105,1,4500.0,0.05,4275.0,2026-04-17 01:00:14,Processing,Wallet
ORD-0003508,CUST-000379,P-PRD-105,1,4500.0,0.0,4500.0,2026-03-31 14:01:49,Cancelled,Cash on Delivery
ORD-0003509,CUST-000408,P-PRD-111,3,249.0,0.05,709.65,2026-08-13 08:12:48,Refunded,Net Banking
ORD-0003510,CUST-000410,P-PRD-102,5,899.0,0.0,4495.0,2026-07-20 17:48:41,Pending,Debit Card
ORD-0000587,CUST-000469,P-PRD-103,2,189.0,0.0,378.0,2026-04-20 07:44:56,Processing,Credit Card
ORD-0003512,CUST-000310,P-PRD-110,1,3500.0,0.0,3500.0,2026-07-30 19:06:43,Shipped,UPI
ORD-0003513,CUST-000209,P-PRD-102,3,899.0,0.05,2562.15,2026-05-06 22:23:26,Shipped,Wallet
ORD-0003514,CUST-000433,P-PRD-112,2,179.0,0.0,358.0,2026-08-05 18:59:56,Refunded,UPI
ORD-0003515,CUST-000128,P-PRD-102,1,899.0,0.0,899.0,2026-03-26 19:18:53,Refunded,Net Banking
ORD-0003516,CUST-000187,P-PRD-105,4,4500.0,0.0,18000.0,2026-04-10 04:13:14,Pending,Cash on Delivery
ORD-0003517,CUST-000301,P-PRD-101,1,2499.0,0.1,2249.1,2026-08-09 14:34:03,Pending,Cash on Delivery
ORD-0003518,CUST-000263,P-PRD-108,2,750.0,0.0,1500.0,2026-06-15 00:18:05,Pending,Wallet
ORD-0003519,CUST-000114,P-PRD-104,1,299.0,0.0,299.0,2026-04-30 05:28:51,Pending,Cash on Delivery
ORD-0003520,CUST-000348,P-PRD-104,1,299.0,0.2,239.2,2026-06-07 04:22:57,Completed,Debit Card
ORD-0003521,CUST-000390,P-PRD-108,4,750.0,0.0,3000.0,2026-07-14 12:42:08,Processing,Debit Card
ORD-0003365,CUST-000235,P-PRD-103,1,189.0,0.0,189.0,2026-03-02 04:53:29,Completed,Net Banking
ORD-0003523,CUST-000068,P-PRD-106,1,1200.0,0.0,1200.0,2026-03-13 06:24:00,Processing,UPI
ORD-0003524,CUST-000256,P-PRD-101,3,2499.0,0.2,5997.6,2026-04-28 16:10:22,Refunded,Credit Card
ORD-0003525,CUST-000078,P-PRD-111,3,249.0,0.05,709.65,2026-05-17 07:24:22,Processing,Credit Card
ORD-0003526,CUST-000318,P-PRD-103,1,189.0,0.0,189.0,2026-03-12 21:52:44,Processing,Debit Card
ORD-0003527,CUST-000418,P-PRD-101,4,2499.0,0.1,8996.4,2026-03-10 14:26:14,Completed,Debit Card
ORD-0003528,CUST-000377,P-PRD-106,4,1200.0,0.0,4800.0,2026-04-17 04:22:36,Cancelled,UPI
ORD-0003529,CUST-000036,P-PRD-110,2,3500.0,0.0,7000.0,2026-05-15 11:11:26,Processing,UPI
ORD-0003530,CUST-000063,P-PRD-107,1,199.0,0.0,199.0,2026-06-30 16:05:27,Refunded,Debit Card
ORD-0003531,CUST-000210,P-PRD-104,1,299.0,0.1,269.1,2026-03-21 08:02:03,Pending,Credit Card
ORD-0003532,CUST-000448,P-PRD-109,-4,550.0,0.15,-2200.0,2026-06-09 01:43:58,Processing,Debit Card
ORD-0003533,CUST-000224,P-PRD-102,1,899.0,0.0,899.0,2026-03-05 04:32:04,Cancelled,Wallet
ORD-0003534,CUST-000257,P-PRD-106,2,1200.0,0.0,2400.0,2026-06-13 09:51:25,Completed,UPI
ORD-0003535,CUST-000111,P-PRD-112,-1,179.0,0.0,-179.0,2026-06-27 18:37:05,Refunded,Wallet
ORD-0003536,CUST-000471,P-PRD-105,3,4500.0,0.0,13500.0,2026-03-14 18:54:36,Refunded,Debit Card
ORD-0003537,CUST-000249,P-PRD-109,2,550.0,0.0,1100.0,2026-07-06 14:42:39,Pending,Credit Card
ORD-0003538,CUST-000460,P-PRD-107,2,199.0,0.0,398.0,2026-04-22 13:17:22,Cancelled,Credit Card
ORD-0003539,CUST-000261,P-PRD-108,2,750.0,0.05,1425.0,2026-03-13 12:17:28,Refunded,UPI
ORD-0003540,CUST-000478,P-PRD-110,1,3500.0,0.0,3500.0,2026-02-28 14:36:47,Shipped,UPI
ORD-0003541,,P-PRD-109,2,550.0,0.0,1100.0,2026-06-20 23:29:57,Cancelled,Credit Card
ORD-0003542,CUST-000367,P-PRD-108,1,750.0,0.0,750.0,2026-08-01 13:15:26,Completed,Cash on Delivery
ORD-0003543,CUST-000444,P-PRD-105,1,4500.0,0.05,4275.0,2026-06-16 00:45:43,Processing,Net Banking
ORD-0003544,CUST-000239,P-PRD-109,1,550.0,0.05,522.5,2026-02-26 12:30:38,Pending,Credit Card
ORD-0003545,CUST-000310,P-PRD-108,5,750.0,0.0,3750.0,2026-07-22 14:21:00,Refunded,Wallet
ORD-0003546,CUST-000329,P-PRD-105,1,4500.0,0.0,4500.0,2026-07-09 00:31:49,Shipped,Net Banking
ORD-0003547,CUST-000134,P-PRD-107,1,199.0,0.0,199.0,2026-06-10 06:53:01,Cancelled,Wallet
ORD-0003548,CUST-000231,P-PRD-106,1,1200.0,0.0,1200.0,2026-06-23 20:45:51,Completed,Net Banking
ORD-0003549,CUST-000221,P-PRD-101,1,2499.0,0.05,2374.05,2026-05-23 07:43:49,Pending,UPI
ORD-0003550,CUST-000386,P-PRD-102,2,899.0,0.15,1528.3,2026-08-05 09:04:02,Pending,Wallet
ORD-0003551,CUST-000009,P-PRD-112,1,179.0,0.0,179.0,2026-05-18 08:41:23,Processing,Debit Card
ORD-0003552,CUST-000241,P-PRD-112,1,179.0,0.1,161.1,2026-02-23 00:22:18,Completed,Net Banking
ORD-0003553,CUST-000286,P-PRD-108,1,750.0,0.1,675.0,2026-06-04 21:00:36,Processing,UPI
ORD-0003554,CUST-000345,P-PRD-103,1,189.0,0.0,189.0,2026-04-26 19:11:02,Pending,UPI
ORD-0003555,CUST-000149,P-PRD-106,1,1200.0,0.05,1140.0,2026-05-17 03:51:25,Cancelled,Credit Card
ORD-0003556,CUST-000383,P-PRD-112,1,179.0,0.0,179.0,2026-07-09 00:41:21,Cancelled,Net Banking
ORD-0003557,CUST-000235,P-PRD-104,2,299.0,0.0,598.0,2026-05-09 06:49:56,Completed,Net Banking
ORD-0003558,CUST-000104,P-PRD-105,1,4500.0,0.0,4500.0,2026-08-08 19:15:06,Completed,Credit Card
ORD-0003559,CUST-000150,P-PRD-104,1,299.0,0.05,284.05,2026-07-27 01:19:01,Completed,Net Banking
ORD-0003560,CUST-000367,P-PRD-105,1,4500.0,0.2,3600.0,2026-07-13 16:31:42,Shipped,UPI
ORD-0003561,CUST-000212,P-PRD-107,1,199.0,0.05,189.05,2026-08-15 00:10:29,Processing,Credit Card
ORD-0003562,CUST-000410,P-PRD-107,1,199.0,0.0,199.0,2026-06-14 05:00:16,Refunded,Net Banking
ORD-0003563,CUST-000085,P-PRD-103,1,189.0,0.0,189.0,2026-05-02 18:30:21,Processing,Net Banking
ORD-0003564,CUST-000232,P-PRD-102,1,899.0,0.0,899.0,2026-99-99 25:99:99,Cancelled,Cash on Delivery
ORD-0003565,CUST-000053,P-PRD-109,3,550.0,0.0,1650.0,2026-06-27 17:31:25,Processing,Credit Card
ORD-0003566,CUST-000221,P-PRD-101,2,2499.0,0.1,4498.2,2026-04-06 01:00:25,Cancelled,Debit Card
ORD-0003567,CUST-000284,P-PRD-105,3,4500.0,0.0,13500.0,2026-07-25 18:18:45,Cancelled,Wallet
ORD-0003568,CUST-000100,P-PRD-107,1,199.0,0.0,199.0,2026-05-30 15:21:06,Processing,Wallet
ORD-0003569,CUST-000440,P-PRD-105,1,4500.0,0.0,4500.0,2026-03-27 22:54:56,Processing,Cash on Delivery
ORD-0003570,CUST-000129,P-PRD-109,2,550.0,0.0,1100.0,2026-03-09 01:58:59,Shipped,Debit Card
ORD-0003571,CUST-000154,P-PRD-106,1,1200.0,0.15,1020.0,2026-03-19 12:29:39,Completed,Cash on Delivery
ORD-0003572,CUST-000348,P-PRD-107,2,199.0,0.1,358.2,2026-04-26 21:30:44,Cancelled,Debit Card
ORD-0003573,CUST-000210,P-PRD-101,1,2499.0,0.0,2499.0,2026-06-14 20:27:22,Cancelled,Wallet
ORD-0003574,CUST-000064,P-PRD-102,3,899.0,0.1,2427.3,2026-07-25 21:38:45,Refunded,UPI
ORD-0003575,CUST-000194,P-PRD-111,2,249.0,0.0,498.0,2026-05-07 10:47:23,Shipped,Wallet
ORD-0003576,CUST-000399,P-PRD-104,1,299.0,0.2,239.2,2026-04-16 02:37:15,Completed,UPI
ORD-0003577,CUST-ORPHAN-911262,P-PRD-102,2,899.0,0.0,1798.0,2026-07-12 16:09:08,Completed,UPI
ORD-0003578,CUST-000358,P-PRD-112,1,179.0,0.0,179.0,2026-99-99 25:99:99,Cancelled,Cash on Delivery
ORD-0003579,CUST-000231,P-PRD-101,2,2499.0,0.0,4998.0,2026-07-15 03:05:46,Completed,Net Banking
ORD-0003580,CUST-000152,P-PRD-111,3,249.0,0.0,747.0,2026-04-13 19:36:27,Completed,Debit Card
ORD-0003581,CUST-000416,P-PRD-106,3,1200.0,0.0,3600.0,2026-05-10 10:20:18,Pending,Debit Card
ORD-0003582,CUST-000339,P-PRD-108,2,750.0,0.1,1350.0,2026-06-15 02:50:07,Completed,Debit Card
ORD-0001012,CUST-000481,P-PRD-108,1,750.0,0.05,712.5,2026-07-17 15:25:20,Cancelled,Net Banking
ORD-0003584,CUST-000312,P-PRD-102,2,899.0,0.0,1798.0,2026-07-26 03:36:26,Completed,Debit Card
ORD-0003585,CUST-000208,P-PRD-105,1,4500.0,0.1,4050.0,2026-02-23 01:14:55,Pending,Net Banking
ORD-0003586,CUST-000231,P-PRD-106,1,1200.0,0.0,1200.0,2026-08-03 13:21:00,Completed,UPI
ORD-0003587,CUST-000487,P-PRD-107,1,199.0,0.05,189.05,2026-02-27 20:02:40,Completed,Wallet
ORD-0003588,CUST-000330,P-PRD-106,1,1200.0,0.1,1080.0,2026-99-99 25:99:99,Pending,Net Banking
ORD-0003589,CUST-000011,P-PRD-101,1,2499.0,0.0,2499.0,2026-07-02 07:39:05,Shipped,Wallet
ORD-0003590,CUST-000288,P-PRD-107,3,199.0,0.05,567.15,2026-07-01 14:36:11,Processing,Wallet
ORD-0003591,CUST-000036,P-PRD-108,1,750.0,0.05,712.5,2026-06-01 20:57:58,Completed,Credit Card
ORD-0003592,CUST-000234,P-PRD-108,1,750.0,0.0,750.0,2026-06-23 01:10:03,Refunded,Net Banking
ORD-0003593,CUST-000466,P-PRD-105,2,4500.0,0.1,8100.0,2026-02-28 09:15:31,Cancelled,Credit Card
ORD-0003594,CUST-000455,P-PRD-102,1,899.0,0.0,899.0,2026-06-06 18:59:01,Completed,UPI
ORD-0003595,CUST-000088,P-PRD-102,1,899.0,0.0,899.0,2026-05-21 05:15:18,Cancelled,Net Banking
ORD-0003596,CUST-000117,P-PRD-104,1,299.0,0.05,284.05,2026-05-07 13:38:45,Refunded,Net Banking
ORD-0002978,CUST-000475,P-PRD-106,1,1200.0,0.0,1200.0,2026-07-13 21:03:09,Shipped,Cash on Delivery
ORD-0003598,CUST-000120,P-PRD-106,1,1200.0,0.0,1200.0,2026-03-05 04:24:54,Cancelled,Cash on Delivery
ORD-0003599,CUST-000299,P-PRD-103,1,189.0,0.0,189.0,2026-05-19 00:53:43,Refunded,Net Banking
ORD-0003600,CUST-000492,P-PRD-112,2,179.0,0.05,340.1,2026-06-15 01:39:24,Completed,Net Banking
ORD-0003601,CUST-000291,P-PRD-105,3,4500.0,0.05,12825.0,2026-03-30 03:01:44,Cancelled,Net Banking
ORD-0003602,CUST-000078,P-PRD-104,3,299.0,0.1,807.3,2026-05-19 12:14:26,Shipped,UPI
ORD-0003603,CUST-000125,P-PRD-110,1,3500.0,0.0,3500.0,2026-05-29 13:14:12,Shipped,Cash on Delivery
ORD-0003604,CUST-000360,P-PRD-102,10,899.0,0.2,7192.0,2026-04-30 14:04:39,Pending,Credit Card
ORD-0003605,CUST-000247,P-PRD-110,1,3500.0,0.15,2975.0,2026-06-08 17:18:04,Processing,UPI
ORD-0003606,CUST-000052,P-PRD-108,4,750.0,0.1,2700.0,2026-06-17 15:12:25,Pending,Credit Card
ORD-0003607,CUST-000063,P-PRD-107,1,199.0,0.0,199.0,2026-08-16 14:28:33,Cancelled,Wallet
ORD-0003608,CUST-000450,P-PRD-106,3,1200.0,0.0,3600.0,2026-06-01 00:41:01,Cancelled,Wallet
ORD-0003609,CUST-000230,P-PRD-101,1,2499.0,0.0,2499.0,2026-07-29 16:36:13,Processing,UPI
ORD-0003610,CUST-000435,P-PRD-104,2,299.0,0.0,598.0,2026-08-06 21:54:19,Shipped,Cash on Delivery
ORD-0003611,CUST-000051,P-PRD-112,2,179.0,0.0,358.0,2026-07-17 22:34:56,Processing,UPI
ORD-0003612,CUST-000428,P-PRD-111,1,-249.0,0.0,-249.0,2026-04-04 07:15:59,Completed,Credit Card
ORD-0003613,CUST-000403,P-PRD-102,2,899.0,0.05,1708.1,2026-03-12 04:58:57,Shipped,Credit Card
ORD-0003614,CUST-000435,P-PRD-110,1,3500.0,0.0,3500.0,2026-04-24 15:47:17,Refunded,Wallet
ORD-0003615,CUST-000487,P-PRD-102,3,899.0,0.0,2697.0,2026-08-10 13:19:57,Cancelled,Debit Card
ORD-0003616,CUST-000099,P-PRD-109,3,550.0,0.05,1567.5,2026-05-26 13:56:55,Cancelled,Credit Card
ORD-0003617,CUST-000352,P-PRD-112,3,179.0,0.1,483.3,2026-06-20 21:44:34,Pending,Cash on Delivery
ORD-0003618,CUST-000038,P-PRD-101,1,2499.0,0.0,2499.0,2026-03-22 11:03:58,Refunded,Net Banking
ORD-0003619,CUST-000126,P-PRD-111,10,249.0,0.1,2241.0,2026-05-22 04:37:47,Refunded,Net Banking
ORD-0003075,CUST-000071,P-PRD-103,5,189.0,0.1,850.5,2026-07-04 13:00:05,Pending,Debit Card
ORD-0003621,CUST-000042,P-PRD-109,2,550.0,0.0,1100.0,2026-05-02 21:30:49,Shipped,Net Banking
ORD-0003622,CUST-000323,P-PRD-111,5,249.0,0.0,1245.0,2026-02-25 22:45:03,Pending,Net Banking
ORD-0003623,CUST-000060,P-PRD-112,2,179.0,0.05,340.1,2026-06-07 11:32:15,Pending,UPI
ORD-0003624,CUST-000313,P-PRD-110,1,3500.0,0.1,3150.0,2026-06-10 03:03:38,Completed,Debit Card
ORD-0003625,CUST-000402,P-PRD-110,2,3500.0,0.05,6650.0,2026-04-18 17:03:58,Pending,UPI
ORD-0003626,CUST-000462,P-PRD-109,1,550.0,0.15,467.5,2026-06-01 09:37:30,Completed,Debit Card
ORD-0003627,CUST-000309,P-PRD-104,1,299.0,0.0,299.0,2026-07-28 13:45:21,Processing,Debit Card
ORD-0003628,CUST-000161,P-PRD-103,4,189.0,0.0,756.0,2026-04-25 02:29:10,Processing,Cash on Delivery
ORD-0003629,CUST-000391,P-PRD-104,3,299.0,0.05,852.15,2026-06-08 12:49:33,Shipped,Wallet
ORD-0003630,CUST-000500,P-PRD-102,1,899.0,0.1,809.1,2026-04-16 01:07:34,Completed,Net Banking
ORD-0003631,CUST-000310,P-PRD-112,2,179.0,0.0,358.0,2026-06-26 10:31:26,Completed,UPI
ORD-0003632,CUST-000179,P-PRD-110,2,3500.0,0.1,6300.0,2026-03-05 16:24:02,Shipped,Cash on Delivery
ORD-0003633,CUST-000401,P-PRD-108,2,750.0,0.15,1275.0,2026-03-03 23:20:25,Processing,Wallet
ORD-0003634,CUST-000078,P-PRD-101,2,2499.0,0.0,4998.0,2026-05-29 01:39:27,Shipped,Debit Card
ORD-0003635,CUST-000092,P-PRD-112,5,179.0,0.0,895.0,2026-02-24 00:57:55,Pending,Debit Card
ORD-0003636,CUST-000153,P-PRD-102,2,899.0,0.0,1798.0,2026-07-28 04:43:10,Processing,Cash on Delivery
ORD-0003637,CUST-000291,P-PRD-108,1,750.0,0.0,750.0,2026-06-15 13:53:10,Pending,Wallet
ORD-0003638,CUST-000251,P-PRD-110,1,3500.0,0.0,3500.0,2026-07-13 16:31:00,Pending,UPI
ORD-0003639,CUST-000138,P-PRD-111,1,249.0,0.0,249.0,2026-08-10 00:58:22,UNKNOWN_ERROR_STATUS,Net Banking
ORD-0003640,CUST-000076,P-PRD-106,1,1200.0,0.05,1140.0,2026-06-08 20:52:37,Completed,Debit Card
ORD-0003641,CUST-000285,P-PRD-105,2,4500.0,0.0,9000.0,2026-04-12 18:12:10,UNKNOWN_ERROR_STATUS,Wallet
ORD-0003642,CUST-000491,P-PRD-104,1,299.0,0.15,254.15,2026-08-16 22:24:32,Cancelled,Debit Card
ORD-0003643,CUST-000327,P-PRD-109,1,550.0,0.0,550.0,2026-04-02 21:06:56,Completed,Net Banking
ORD-0003644,CUST-000268,P-PRD-109,1,550.0,0.0,550.0,2026-06-11 01:26:40,Refunded,Net Banking
ORD-0003645,CUST-000392,P-PRD-105,2,4500.0,0.0,9000.0,2026-02-19 10:16:13,Pending,Credit Card
ORD-0003646,CUST-000230,P-PRD-101,2,2499.0,0.0,4998.0,2026-06-19 02:18:47,Refunded,Credit Card
ORD-0003647,CUST-000368,P-PRD-103,1,189.0,0.05,179.55,2026-04-13 15:59:50,Shipped,UPI
ORD-0003648,CUST-000320,P-PRD-112,2,179.0,0.0,358.0,2026-03-13 17:47:49,Completed,UPI
ORD-0003649,CUST-000017,P-PRD-109,1,550.0,0.0,550.0,2026-07-06 02:24:21,Refunded,Debit Card
ORD-0003650,CUST-000451,P-PRD-103,1,189.0,0.0,189.0,2026-04-13 08:19:08,Completed,Net Banking
ORD-0003651,CUST-000124,P-PRD-106,1,1200.0,0.05,1140.0,2026-07-04 01:29:42,Completed,Cash on Delivery
ORD-0003652,CUST-000343,P-PRD-105,2,4500.0,0.15,7650.0,2026-08-01 03:05:15,Pending,Net Banking
ORD-0003653,CUST-000105,P-PRD-110,1,3500.0,0.0,3500.0,2026-07-14 22:14:28,Cancelled,Credit Card
ORD-0003654,CUST-000058,P-PRD-107,2,199.0,0.0,398.0,2026-06-07 08:36:28,Cancelled,Net Banking
ORD-0003655,CUST-000242,P-PRD-112,2,179.0,0.0,358.0,2026-04-11 17:08:24,Processing,UPI
ORD-0003656,CUST-000130,P-PRD-102,4,899.0,0.0,3596.0,2026-06-10 07:19:20,Processing,Wallet
ORD-0003657,CUST-000016,P-PRD-111,2,249.0,0.0,498.0,2026-05-14 13:11:49,Completed,Credit Card
ORD-0003658,CUST-000336,P-PRD-102,1,899.0,0.0,899.0,2026-07-17 08:07:12,Refunded,Debit Card
ORD-0003659,CUST-000301,P-PRD-103,1,189.0,0.0,189.0,2026-02-20 04:39:37,Completed,Cash on Delivery
ORD-0003660,CUST-000414,P-PRD-107,2,199.0,0.2,318.4,2026-06-04 20:40:54,Refunded,Cash on Delivery
ORD-0003661,CUST-000063,P-PRD-106,3,1200.0,0.05,3420.0,2026-05-24 22:54:20,Refunded,Debit Card
ORD-0003662,CUST-000069,P-PRD-111,3,249.0,0.0,747.0,2026-03-03 04:53:52,Cancelled,Wallet
ORD-0003663,CUST-000234,P-PRD-111,1,249.0,0.0,249.0,2026-05-19 02:57:18,Refunded,Credit Card
ORD-0003664,CUST-000437,P-PRD-112,1,179.0,0.2,143.2,2026-04-04 05:27:42,Refunded,Cash on Delivery
ORD-0003665,CUST-000187,P-PRD-101,3,2499.0,0.0,7497.0,2026-05-13 22:52:57,Processing,UPI
ORD-0003666,CUST-000223,P-PRD-103,1,-189.0,0.05,-189.0,2026-07-10 12:41:12,Pending,Net Banking
ORD-0003667,CUST-000228,P-PRD-105,2,4500.0,0.0,9000.0,2026-04-19 17:48:40,Processing,UPI
ORD-0003668,CUST-000274,P-PRD-109,1,550.0,0.1,495.0,2026-06-18 21:22:27,Cancelled,Net Banking
ORD-0003669,CUST-000457,P-PRD-105,3,4500.0,0.0,13500.0,2026-07-24 01:06:16,Processing,Cash on Delivery
ORD-0003670,CUST-000355,P-PRD-105,2,4500.0,0.0,9000.0,2026-04-05 18:43:59,Processing,Cash on Delivery
ORD-0003671,CUST-000289,P-PRD-107,1,199.0,0.0,199.0,2026-07-22 15:11:51,Completed,Credit Card
ORD-0003672,CUST-000404,P-PRD-108,5,750.0,0.1,3375.0,2026-04-16 17:45:17,Refunded,UPI
ORD-0003673,CUST-000240,P-PRD-107,5,199.0,0.0,995.0,2026-04-24 04:55:32,Refunded,Credit Card
ORD-0003674,CUST-000200,P-PRD-101,2,2499.0,0.2,3998.4,2026-05-21 12:24:23,Cancelled,Net Banking
ORD-0003675,CUST-000020,P-PRD-102,4,899.0,0.05,3416.2,2026-04-01 23:41:50,Completed,Debit Card
ORD-0003676,CUST-000364,P-PRD-109,2,550.0,0.0,1100.0,2026-02-20 11:48:09,Pending,UPI
ORD-0003677,CUST-000349,P-PRD-112,1,179.0,0.05,170.05,2026-07-31 14:07:25,Cancelled,Wallet
ORD-0003678,CUST-000117,P-PRD-101,2,2499.0,0.15,4248.3,2026-05-01 07:18:08,Completed,Cash on Delivery
ORD-0003679,CUST-000127,P-PRD-112,3,179.0,0.05,510.15,2026-08-01 10:32:01,Cancelled,Wallet
ORD-0003680,CUST-000054,P-PRD-111,4,249.0,0.0,996.0,2026-05-29 18:51:31,Pending,Debit Card
ORD-0003681,CUST-000249,P-PRD-112,2,179.0,0.0,358.0,2026-05-19 22:23:11,Cancelled,UPI
ORD-0003682,CUST-000495,P-PRD-109,3,550.0,0.0,1650.0,2026-06-30 16:49:29,Completed,Wallet
ORD-0003683,CUST-000133,P-PRD-104,5,299.0,0.0,1495.0,2026-08-16 01:55:28,Completed,Cash on Delivery
ORD-0003684,CUST-000292,P-PRD-101,2,2499.0,0.0,4998.0,2026-06-26 14:28:25,Processing,Wallet
ORD-0003685,CUST-000314,P-PRD-112,2,179.0,0.0,358.0,2026-04-30 04:28:13,Shipped,Cash on Delivery
ORD-0003686,CUST-000338,P-PRD-105,3,4500.0,0.0,13500.0,2026-03-18 18:39:40,Shipped,Net Banking
ORD-0003687,CUST-000426,P-PRD-103,2,189.0,0.0,378.0,2026-08-01 05:35:20,Processing,Cash on Delivery
ORD-0003688,CUST-000395,P-PRD-108,3,750.0,0.2,1800.0,2026-03-18 07:19:25,Completed,Cash on Delivery
ORD-0003689,CUST-000175,P-PRD-110,2,3500.0,0.0,7000.0,2026-07-25 11:51:53,Processing,Cash on Delivery
ORD-0003690,CUST-000443,P-PRD-110,2,3500.0,0.0,7000.0,2026-07-24 13:55:28,Shipped,UPI
ORD-0003691,CUST-000161,P-PRD-108,2,750.0,0.0,1500.0,2026-08-10 11:10:42,Processing,Net Banking
ORD-0000233,CUST-000410,P-PRD-109,1,550.0,0.0,550.0,2026-05-09 01:01:40,Processing,Cash on Delivery
ORD-0003693,CUST-000227,P-PRD-111,2,249.0,0.1,448.2,2026-06-18 10:02:35,Shipped,Credit Card
ORD-0003694,CUST-000352,P-PRD-111,3,249.0,0.0,747.0,2026-02-25 16:27:33,Refunded,Credit Card
ORD-0003695,CUST-000274,P-PRD-104,1,299.0,0.0,299.0,2026-04-08 00:16:25,Refunded,Cash on Delivery
ORD-0003696,CUST-000145,P-PRD-101,1,2499.0,0.0,2499.0,2026-07-17 14:29:29,Cancelled,UPI
ORD-0003697,CUST-000284,P-PRD-106,2,1200.0,0.0,2400.0,2026-04-07 01:15:03,Completed,Debit Card
ORD-0003698,CUST-000350,P-PRD-107,1,199.0,0.0,199.0,2026-04-20 04:30:15,Refunded,Cash on Delivery
ORD-0003699,CUST-000416,P-PRD-102,1,899.0,0.0,899.0,2026-04-27 14:43:23,Refunded,Credit Card
ORD-0003700,CUST-000498,P-PRD-103,1,189.0,0.0,189.0,2026-03-10 03:43:11,Shipped,Wallet
ORD-0003701,CUST-000018,P-PRD-110,1,3500.0,0.0,3500.0,2026-05-24 05:38:13,Refunded,Net Banking
ORD-0003702,CUST-000022,P-PRD-103,1,189.0,0.0,189.0,2026-06-19 02:14:37,Completed,Debit Card
ORD-0003703,CUST-000159,P-PRD-105,4,4500.0,0.1,16200.0,2026-07-13 03:04:02,Shipped,Net Banking
ORD-0003704,CUST-000082,P-PRD-102,2,899.0,0.0,1798.0,2026-08-07 14:49:34,Completed,Cash on Delivery
ORD-0003705,CUST-000347,P-PRD-112,3,179.0,0.0,537.0,2026-06-06 04:55:04,Completed,Net Banking
ORD-0003706,CUST-000053,P-PRD-103,1,189.0,0.0,189.0,2026-07-07 16:43:15,Pending,Cash on Delivery
ORD-0003707,CUST-000014,P-PRD-106,1,1200.0,0.0,1200.0,2026-99-99 25:99:99,Pending,Cash on Delivery
ORD-0003708,CUST-000190,P-PRD-106,1,1200.0,0.15,1020.0,2026-07-17 05:12:38,Completed,Debit Card
ORD-0003709,CUST-000109,P-PRD-112,1,179.0,0.0,179.0,2026-06-26 10:49:45,Cancelled,Wallet
ORD-0003710,CUST-000160,P-PRD-104,1,299.0,0.0,299.0,2026-06-03 00:04:00,Cancelled,Cash on Delivery
ORD-0003711,CUST-000135,P-PRD-111,3,249.0,0.0,747.0,2026-07-01 23:33:59,Refunded,Cash on Delivery
ORD-0003712,CUST-000205,P-PRD-110,1,3500.0,0.05,3325.0,2026-03-27 08:31:42,Cancelled,Credit Card
ORD-0003713,CUST-000352,P-PRD-103,1,189.0,0.0,189.0,2026-05-25 05:21:48,Refunded,Credit Card
ORD-0003714,CUST-000235,P-PRD-110,1,3500.0,0.05,3325.0,2026-06-16 17:57:09,Refunded,Credit Card
ORD-0003715,CUST-000348,P-PRD-102,1,899.0,0.0,899.0,2026-07-18 00:41:21,Processing,UPI
ORD-0003716,CUST-000235,P-PRD-107,2,199.0,0.15,338.3,2026-03-20 07:00:36,Pending,Cash on Delivery
ORD-0003717,CUST-000333,P-PRD-104,2,299.0,0.1,538.2,2026-04-19 14:30:08,Refunded,Cash on Delivery
ORD-0003718,CUST-000038,P-PRD-112,2,179.0,0.0,358.0,2026-05-26 16:42:35,Cancelled,Debit Card
ORD-0003719,CUST-000437,P-PRD-106,1,1200.0,0.0,1200.0,2026-03-30 23:23:55,Shipped,Credit Card
ORD-0003720,CUST-000461,P-PRD-109,1,550.0,0.0,550.0,2026-04-19 16:50:23,Shipped,Net Banking
ORD-0003721,CUST-000094,P-PRD-108,3,750.0,0.0,2250.0,2026-07-27 13:27:51,Processing,Net Banking
ORD-0003722,CUST-000275,P-PRD-108,3,750.0,0.15,1912.5,2026-03-27 19:21:00,Shipped,Debit Card
ORD-0003723,CUST-000355,P-PRD-111,2,249.0,0.05,473.1,2026-02-24 19:58:10,Pending,Net Banking
ORD-0003724,CUST-000284,P-PRD-101,4,2499.0,0.0,9996.0,2026-08-18 08:20:46,Processing,Wallet
ORD-0003725,CUST-000071,P-PRD-112,4,179.0,0.0,716.0,2026-02-22 13:45:47,Shipped,Cash on Delivery
ORD-0003726,CUST-000332,P-PRD-107,4,199.0,0.2,636.8,2026-06-10 22:45:14,Refunded,Cash on Delivery
ORD-0003727,CUST-000420,P-PRD-106,1,1200.0,0.0,1200.0,2026-06-14 13:07:00,Shipped,Cash on Delivery
ORD-0003728,CUST-000254,P-PRD-109,4,550.0,0.0,2200.0,2026-06-11 17:13:08,Refunded,Cash on Delivery
ORD-0003729,CUST-000214,P-PRD-106,1,1200.0,0.0,1200.0,2026-03-04 08:53:18,Completed,Debit Card
ORD-0003730,CUST-000264,P-PRD-109,2,550.0,0.2,880.0,2026-03-30 12:57:29,Processing,Debit Card
ORD-0003731,CUST-000032,P-PRD-110,1,3500.0,0.1,3150.0,2026-03-28 07:41:22,Refunded,Cash on Delivery
ORD-0003732,CUST-000330,P-PRD-107,1,199.0,0.0,199.0,2026-02-19 05:31:30,Pending,Net Banking
ORD-0003733,CUST-000265,P-PRD-107,1,199.0,0.0,199.0,2026-05-31 12:50:55,Cancelled,Credit Card
ORD-0003734,CUST-000039,P-PRD-112,3,179.0,0.05,510.15,2026-05-26 04:12:53,Shipped,Wallet
ORD-0003735,CUST-000326,P-PRD-102,1,899.0,0.0,899.0,2026-04-07 21:34:25,Pending,UPI
ORD-0003736,CUST-000351,P-PRD-106,1,1200.0,0.0,1200.0,2026-08-13 02:55:12,Completed,Net Banking
ORD-0003737,CUST-000044,P-PRD-110,2,3500.0,0.2,5600.0,2026-07-11 02:36:56,Cancelled,Credit Card
ORD-0003738,CUST-000002,P-PRD-112,1,179.0,0.0,179.0,2026-06-30 07:39:55,Shipped,Credit Card
ORD-0003739,CUST-000021,P-PRD-108,1,750.0,0.0,750.0,2026-03-05 10:14:49,Processing,Credit Card
ORD-0003740,CUST-000116,P-PRD-107,5,199.0,0.0,995.0,2026-06-12 14:49:39,Shipped,Net Banking
ORD-0003741,CUST-000332,P-PRD-105,1,4500.0,0.05,4275.0,2026-05-12 19:32:26,Completed,Credit Card
ORD-0003742,CUST-000293,P-PRD-101,1,2499.0,0.0,2499.0,2026-03-18 11:09:35,Cancelled,Cash on Delivery
ORD-0003743,CUST-000373,P-PRD-103,1,189.0,0.0,189.0,2026-05-19 03:36:43,Cancelled,Net Banking
ORD-0003744,CUST-000392,P-PRD-111,1,249.0,0.05,236.55,2026-04-03 18:16:51,Completed,Credit Card
ORD-0003745,CUST-000089,P-PRD-110,4,3500.0,0.0,14000.0,2026-07-28 15:02:38,Shipped,UPI
ORD-0003746,CUST-000346,P-PRD-112,2,179.0,0.1,322.2,2026-05-15 16:23:22,Pending,Wallet
ORD-0003747,CUST-000305,P-PRD-112,5,179.0,0.05,850.25,2026-04-24 23:10:04,Processing,Debit Card
ORD-0003748,CUST-000348,P-PRD-111,2,249.0,0.05,473.1,2026-08-09 16:41:49,Pending,Credit Card
ORD-0003749,CUST-000208,P-PRD-105,1,4500.0,0.1,4050.0,2026-04-14 09:08:13,Processing,Credit Card
ORD-0003750,CUST-000404,P-PRD-111,3,249.0,0.0,747.0,2026-04-08 01:45:57,Shipped,Wallet
ORD-0003751,CUST-000446,P-PRD-108,3,750.0,0.1,2025.0,2026-05-31 13:57:56,Refunded,Wallet
ORD-0003752,CUST-000274,P-PRD-102,2,899.0,0.15,1528.3,2026-02-20 12:23:29,Processing,UPI
ORD-0003753,CUST-000046,P-PRD-108,1,750.0,0.05,712.5,2026-05-22 12:03:19,Processing,Wallet
ORD-0003754,CUST-000265,P-PRD-109,1,550.0,0.0,550.0,2026-07-24 18:21:25,Cancelled,Credit Card
ORD-0003755,CUST-000421,P-PRD-106,2,1200.0,0.0,2400.0,2026-03-02 06:01:50,Shipped,UPI
ORD-0003756,CUST-000014,P-PRD-110,2,3500.0,0.0,7000.0,2026-04-12 23:44:17,Processing,UPI
ORD-0003757,CUST-000163,P-PRD-103,5,189.0,0.05,897.75,2026-03-17 20:37:32,Completed,Credit Card
ORD-0003758,CUST-000030,P-PRD-112,2,179.0,0.1,322.2,2026-03-09 12:32:18,Processing,Net Banking
ORD-0003759,CUST-000461,P-PRD-109,2,550.0,0.05,1045.0,2026-05-12 14:48:14,Pending,Debit Card
ORD-0003760,CUST-000183,P-PRD-110,1,3500.0,0.0,3500.0,2026-04-12 18:59:33,Refunded,Net Banking
ORD-0003761,CUST-000102,P-PRD-111,1,249.0,0.15,211.65,2026-07-04 17:23:25,Completed,Debit Card
ORD-0003762,CUST-000441,P-PRD-107,1,199.0,0.0,199.0,2026-06-24 21:58:33,Completed,UPI
ORD-0003763,CUST-000152,P-PRD-109,3,550.0,0.1,1485.0,2026-07-01 10:43:10,Cancelled,Credit Card
ORD-0003764,CUST-000073,P-PRD-102,3,899.0,0.1,2427.3,2026-06-19 02:23:09,Cancelled,Cash on Delivery
ORD-0003765,CUST-000229,P-PRD-105,1,4500.0,0.0,4500.0,2026-07-18 02:06:49,Shipped,Credit Card
ORD-0003766,CUST-000281,P-PRD-105,2,4500.0,0.2,7200.0,2026-04-05 20:01:20,Processing,Net Banking
ORD-0003767,CUST-000094,P-PRD-108,1,750.0,0.0,750.0,2026-04-29 05:37:02,Pending,Wallet
ORD-0003768,CUST-000093,P-PRD-107,1,199.0,0.15,169.15,2026-06-08 15:38:57,Cancelled,Wallet
ORD-0003769,CUST-000233,P-PRD-110,10,3500.0,0.0,35000.0,2026-06-19 05:07:34,Processing,UPI
ORD-0003770,CUST-000133,P-PRD-108,3,750.0,0.2,1800.0,2026-04-20 03:11:46,Completed,Credit Card
ORD-0003771,CUST-000476,P-PRD-103,2,189.0,0.0,378.0,2026-08-15 00:50:38,Shipped,Credit Card
ORD-0003772,CUST-000494,P-PRD-110,1,3500.0,0.05,3325.0,2026-05-14 19:25:04,Refunded,Wallet
ORD-0003773,CUST-000193,P-PRD-104,2,299.0,0.0,598.0,2026-03-30 03:14:18,Cancelled,UPI
ORD-0003774,CUST-000246,P-PRD-110,1,3500.0,0.05,3325.0,2026-08-09 05:48:42,Shipped,Credit Card
ORD-0003775,CUST-000036,P-PRD-106,1,1200.0,0.1,1080.0,2026-03-24 21:54:18,Refunded,Debit Card
ORD-0003776,CUST-000032,P-PRD-108,1,750.0,0.0,750.0,2026-07-26 02:16:28,Cancelled,Credit Card
ORD-0003777,CUST-000498,P-PRD-104,1,299.0,0.0,299.0,2026-08-17 21:50:25,Shipped,Cash on Delivery
ORD-0003778,CUST-000124,P-PRD-104,1,299.0,0.1,269.1,2026-08-09 23:30:18,Refunded,Cash on Delivery
ORD-0003779,CUST-000252,P-PRD-102,2,899.0,0.05,1708.1,2026-04-01 03:26:15,Processing,Net Banking
ORD-0003780,CUST-000181,P-PRD-107,1,199.0,0.0,199.0,2026-03-16 21:49:23,Refunded,Credit Card
ORD-0003781,CUST-000358,P-PRD-101,1,2499.0,0.1,2249.1,2026-07-11 10:51:54,Cancelled,Credit Card
ORD-0003782,CUST-000214,P-PRD-102,1,899.0,0.15,764.15,2026-05-18 15:45:19,Cancelled,UPI
ORD-0003783,CUST-000193,P-PRD-104,1,299.0,0.0,299.0,2026-05-04 19:59:49,Cancelled,Credit Card
ORD-0003784,CUST-000439,P-PRD-109,2,550.0,0.0,1100.0,2026-03-25 19:51:20,Pending,Cash on Delivery
ORD-0003785,CUST-000277,P-PRD-107,1,199.0,0.0,199.0,2026-05-10 15:25:22,Processing,Net Banking
ORD-0003786,CUST-000367,P-PRD-110,2,3500.0,0.0,7000.0,2026-07-06 11:20:48,Pending,Cash on Delivery
ORD-0003787,CUST-000147,P-PRD-108,4,750.0,0.0,3000.0,2026-03-02 01:55:06,Completed,Cash on Delivery
ORD-0003788,CUST-000346,P-PRD-103,3,189.0,0.0,567.0,2026-06-15 20:24:25,Refunded,Debit Card
ORD-0003789,CUST-000082,P-PRD-101,1,2499.0,0.0,2499.0,2026-05-27 12:07:40,Shipped,UPI
ORD-0003790,CUST-000227,P-PRD-112,1,179.0,0.0,179.0,2026-06-08 12:48:21,Refunded,Cash on Delivery
ORD-0003791,CUST-000096,P-PRD-108,1,750.0,0.0,750.0,2026-05-25 18:08:44,Refunded,Debit Card
ORD-0003792,,P-PRD-108,1,750.0,0.0,750.0,2026-04-28 09:01:17,Completed,Cash on Delivery
ORD-0003793,CUST-000341,P-PRD-109,1,550.0,0.0,550.0,2026-08-01 16:08:43,Processing,Cash on Delivery
ORD-0003794,CUST-000246,P-PRD-104,1,299.0,0.0,299.0,2026-04-09 16:46:01,Pending,Net Banking
ORD-0003795,CUST-000367,P-PRD-101,1,2499.0,0.0,2499.0,2026-05-16 12:24:41,Processing,Cash on Delivery
ORD-0003796,CUST-000112,P-PRD-101,4,2499.0,0.1,8996.4,2026-04-16 16:14:41,Refunded,Debit Card
ORD-0003797,CUST-000177,P-PRD-108,4,750.0,0.0,3000.0,2026-04-01 02:21:23,Completed,Cash on Delivery
ORD-0003798,CUST-000170,P-PRD-106,1,1200.0,0.15,1020.0,2026-07-02 15:03:55,Refunded,Cash on Delivery
ORD-0003799,CUST-000297,P-PRD-108,4,750.0,0.2,2400.0,2026-08-03 18:29:45,Processing,Credit Card
ORD-0003800,CUST-000245,P-PRD-109,2,550.0,0.2,880.0,2026-05-22 14:20:33,Shipped,Cash on Delivery
ORD-0003801,CUST-000147,P-PRD-107,3,199.0,0.0,597.0,2026-07-04 07:19:21,Processing,Net Banking
ORD-0003802,CUST-000153,P-PRD-105,2,4500.0,0.15,7650.0,2026-04-27 08:47:18,Shipped,Cash on Delivery
ORD-0003803,CUST-000096,P-PRD-112,1,179.0,0.1,161.1,2026-08-13 23:01:25,Processing,Wallet
ORD-0003804,CUST-000181,P-PRD-109,1,550.0,0.05,522.5,2026-02-25 17:28:21,Refunded,Net Banking
ORD-0003805,CUST-000123,P-PRD-111,2,249.0,0.15,423.3,2026-07-18 14:40:18,Refunded,UPI
ORD-0003806,CUST-000216,P-PRD-105,1,4500.0,0.0,4500.0,2026-07-31 13:18:01,Cancelled,UPI
ORD-0003807,CUST-000044,P-PRD-103,4,189.0,0.0,756.0,2026-04-22 14:03:23,Cancelled,Credit Card
ORD-0003808,CUST-000124,P-PRD-112,4,179.0,0.0,716.0,2026-05-25 22:19:21,Cancelled,Debit Card
ORD-0003809,CUST-000218,P-PRD-109,2,550.0,0.0,1100.0,2026-07-08 19:50:37,Completed,Wallet
ORD-0003810,CUST-000486,P-PRD-102,1,899.0,0.0,899.0,2026-06-16 03:17:22,Pending,UPI
ORD-0003811,CUST-000011,P-PRD-103,2,189.0,0.0,378.0,2026-04-02 11:42:38,Shipped,Credit Card
ORD-0003812,CUST-000476,P-PRD-107,1,199.0,0.0,199.0,2026-07-27 06:29:22,Shipped,Cash on Delivery
ORD-0003813,CUST-000342,P-PRD-105,1,4500.0,0.0,4500.0,2026-07-14 05:35:07,Cancelled,Wallet
ORD-0003814,CUST-000189,P-PRD-101,4,2499.0,0.0,9996.0,2026-08-04 01:49:32,Refunded,Cash on Delivery
ORD-0003815,CUST-000289,P-PRD-112,2,179.0,0.0,358.0,2026-05-06 11:47:59,Processing,UPI
ORD-0003816,CUST-000287,P-PRD-104,2,299.0,0.15,508.3,2026-08-14 04:28:54,Pending,Cash on Delivery
ORD-0003817,CUST-000461,P-PRD-106,1,1200.0,0.15,1020.0,2026-06-15 12:22:10,Refunded,Wallet
ORD-0003818,CUST-000390,P-PRD-102,1,899.0,0.0,899.0,2026-03-08 15:18:23,Refunded,Cash on Delivery
ORD-0003819,,P-PRD-106,1,1200.0,0.05,1140.0,2026-05-10 22:30:37,Completed,Debit Card
ORD-0003820,CUST-000243,P-PRD-111,1,249.0,0.05,236.55,2026-04-27 09:57:12,Pending,Credit Card
ORD-0003821,CUST-000398,P-PRD-109,1,550.0,0.2,440.0,2026-04-08 06:16:53,Refunded,Debit Card
ORD-0003822,CUST-000481,P-PRD-102,3,899.0,0.05,2562.15,2026-05-02 03:29:27,Completed,Cash on Delivery
ORD-0003823,CUST-000299,P-PRD-104,10,299.0,0.0,2990.0,2026-05-04 16:32:04,Completed,Wallet
ORD-0003824,CUST-000091,P-PRD-112,1,179.0,0.0,179.0,2026-02-28 06:15:24,Refunded,Cash on Delivery
ORD-0003825,CUST-000245,P-PRD-110,1,3500.0,0.0,3500.0,2026-02-25 03:21:59,Shipped,Wallet
ORD-0003826,CUST-000046,P-PRD-103,3,-189.0,0.05,-567.0,2026-03-30 04:55:03,Processing,Net Banking
ORD-0003827,CUST-000490,P-PRD-102,1,899.0,0.0,899.0,2026-04-19 02:37:35,Cancelled,Cash on Delivery
ORD-0003828,CUST-000036,P-PRD-104,1,299.0,0.1,269.1,2026-07-28 08:49:52,Refunded,Debit Card
ORD-0003829,CUST-000219,P-PRD-109,1,550.0,0.0,550.0,2026-04-21 03:39:33,Pending,Credit Card
ORD-0003830,CUST-000078,P-PRD-101,3,2499.0,0.05,7122.15,2026-08-16 00:30:30,Cancelled,Credit Card
ORD-0003831,CUST-000021,P-PRD-102,1,899.0,0.1,809.1,2026-07-11 18:20:20,Pending,Wallet
ORD-0003832,CUST-000309,P-PRD-101,2,2499.0,0.05,4748.1,2026-03-08 14:08:47,Shipped,Cash on Delivery
ORD-0003833,CUST-000416,P-PRD-106,1,1200.0,0.0,1200.0,2026-07-14 21:00:31,Refunded,Wallet
ORD-0003834,CUST-000019,P-PRD-109,1,550.0,0.05,522.5,2026-04-09 04:46:21,Shipped,Wallet
ORD-0003835,CUST-000357,P-PRD-104,1,299.0,0.2,239.2,2026-04-19 08:46:53,Refunded,Net Banking
ORD-0003836,CUST-000154,P-PRD-112,4,179.0,0.2,572.8,2026-06-21 20:11:07,Completed,Cash on Delivery
ORD-0003837,CUST-000281,P-PRD-110,1,3500.0,0.0,3500.0,2026-06-28 10:31:57,Processing,Credit Card
ORD-0003838,CUST-000445,P-PRD-101,1,2499.0,0.05,2374.05,2026-03-30 17:55:20,Pending,UPI
ORD-0003839,CUST-000135,P-PRD-110,1,3500.0,0.0,3500.0,2026-06-24 19:52:37,Processing,Wallet
ORD-0003840,CUST-000201,P-PRD-106,1,1200.0,0.05,1140.0,2026-06-15 05:42:45,Refunded,Debit Card
ORD-0002713,CUST-000442,P-PRD-111,1,249.0,0.0,249.0,2026-05-26 00:41:45,Completed,Net Banking
ORD-0003842,CUST-000255,P-PRD-111,2,249.0,0.0,498.0,2026-08-03 19:05:07,Processing,Cash on Delivery
ORD-0003843,CUST-000435,P-PRD-101,5,2499.0,0.1,11245.5,2026-07-15 15:22:18,Shipped,Debit Card
ORD-0003844,CUST-000205,P-PRD-108,1,750.0,0.0,750.0,2026-07-24 03:18:58,Shipped,Wallet
ORD-0003845,CUST-000498,P-PRD-107,1,199.0,0.05,189.05,2026-03-26 02:06:38,Pending,Cash on Delivery
ORD-0003846,CUST-000015,P-PRD-108,1,750.0,0.05,712.5,2026-07-01 17:24:42,Completed,Wallet
ORD-0003847,CUST-000469,P-PRD-102,1,899.0,0.0,899.0,2026-06-06 00:17:35,Pending,Debit Card
ORD-0003848,CUST-000111,P-PRD-101,3,2499.0,0.0,7497.0,2026-07-05 10:57:41,Processing,UPI
ORD-0003849,CUST-000278,P-PRD-112,2,179.0,0.0,358.0,2026-08-03 23:19:02,Pending,Net Banking
ORD-0003850,CUST-000376,P-PRD-101,3,2499.0,0.0,7497.0,2026-03-27 12:11:16,Processing,Wallet
ORD-0003851,CUST-000073,P-PRD-111,1,249.0,0.15,211.65,2026-04-30 06:03:06,Processing,Credit Card
ORD-0003852,CUST-000395,P-PRD-102,4,899.0,0.2,2876.8,2026-02-25 00:54:26,Processing,Wallet
ORD-0003853,CUST-000400,P-PRD-104,1,299.0,0.0,299.0,2026-04-12 13:01:57,Refunded,Net Banking
ORD-0003854,CUST-000451,P-PRD-110,3,3500.0,0.0,10500.0,2026-04-21 12:27:11,Completed,Credit Card
ORD-0003855,CUST-000121,P-PRD-107,1,199.0,0.0,199.0,2026-05-09 08:08:07,Shipped,UPI
ORD-0003856,CUST-000379,P-PRD-108,4,750.0,0.0,3000.0,2026-05-30 01:29:38,Shipped,Credit Card
ORD-0003857,CUST-000205,P-PRD-104,1,299.0,0.0,299.0,2026-04-03 14:01:33,Shipped,Net Banking
ORD-0003858,CUST-000063,P-PRD-105,1,4500.0,0.0,4500.0,2026-06-29 20:51:13,Completed,Cash on Delivery
ORD-0003859,CUST-000130,P-PRD-102,1,899.0,0.0,899.0,2026-03-19 04:25:58,Refunded,Debit Card
ORD-0003860,CUST-000458,P-PRD-102,1,899.0,0.0,899.0,2026-03-20 20:48:02,Processing,Net Banking
ORD-0003861,CUST-000442,P-PRD-104,4,299.0,0.0,1196.0,2026-07-01 15:12:31,Pending,Net Banking
ORD-0003862,CUST-000012,P-PRD-106,1,1200.0,0.05,1140.0,2026-04-29 06:53:23,Processing,UPI
ORD-0003863,CUST-000204,P-PRD-109,5,550.0,0.0,2750.0,2026-04-25 01:30:55,Shipped,Net Banking
ORD-0003864,CUST-000137,P-PRD-101,1,2499.0,0.15,2124.15,2026-08-11 03:00:58,Refunded,Cash on Delivery
ORD-0003865,CUST-000174,P-PRD-110,1,3500.0,0.0,3500.0,2026-06-06 18:07:52,Completed,Debit Card
ORD-0003866,CUST-000437,P-PRD-102,1,899.0,0.2,719.2,2026-08-01 22:06:00,Pending,Net Banking
ORD-0003867,CUST-000491,P-PRD-104,5,299.0,0.0,1495.0,2026-07-19 10:15:26,Processing,Cash on Delivery
ORD-0003868,CUST-000051,P-PRD-111,3,249.0,0.2,597.6,2026-06-12 00:38:54,Shipped,Wallet
ORD-0003869,CUST-000189,P-PRD-111,3,249.0,0.0,747.0,2026-07-17 04:54:53,Refunded,Cash on Delivery
ORD-0003870,CUST-000406,P-PRD-110,1,3500.0,0.0,3500.0,2026-07-23 13:58:17,Completed,Net Banking
ORD-0003871,CUST-000466,P-PRD-106,1,1200.0,0.0,1200.0,2026-04-08 08:04:59,Refunded,UPI
ORD-0003872,CUST-000387,P-PRD-101,1,2499.0,0.1,2249.1,2026-07-29 02:15:30,Cancelled,UPI
ORD-0003873,CUST-000383,P-PRD-108,3,750.0,0.0,2250.0,2026-08-14 08:22:42,Pending,Net Banking
ORD-0003874,CUST-000170,P-PRD-112,2,179.0,0.0,358.0,2026-03-22 04:11:17,Pending,Wallet
ORD-0003875,CUST-000131,P-PRD-105,2,4500.0,0.0,9000.0,2026-07-16 05:04:38,Processing,Debit Card
ORD-0003876,CUST-000381,P-PRD-112,1,179.0,0.05,170.05,2026-05-20 08:55:48,Pending,Net Banking
ORD-0003877,CUST-000257,P-PRD-101,5,2499.0,0.0,12495.0,2026-03-08 16:41:37,Shipped,Debit Card
ORD-0003878,CUST-000237,P-PRD-110,2,3500.0,0.0,7000.0,2026-05-11 14:23:23,Pending,Debit Card
ORD-0003879,CUST-000061,P-PRD-107,2,199.0,0.0,398.0,2026-04-01 08:28:22,Processing,Cash on Delivery
ORD-0003880,CUST-000250,P-PRD-112,1,-179.0,0.2,-179.0,2026-03-01 19:01:05,Completed,Net Banking
ORD-0003881,CUST-000065,P-PRD-111,2,249.0,0.0,498.0,2026-08-05 05:23:17,Shipped,Net Banking
ORD-0003882,CUST-000379,P-PRD-112,1,179.0,0.1,161.1,2026-07-13 04:04:25,Cancelled,UPI
ORD-0003883,CUST-000473,P-PRD-105,1,4500.0,0.05,4275.0,2026-08-01 02:00:57,Processing,Cash on Delivery
ORD-0003884,CUST-000077,P-PRD-109,1,550.0,0.0,550.0,2026-04-03 12:33:43,Shipped,Cash on Delivery
ORD-0003885,CUST-000208,P-PRD-111,1,249.0,0.2,199.2,2026-03-22 00:39:54,Completed,Debit Card
ORD-0003886,CUST-000167,P-PRD-107,1,199.0,0.0,199.0,2026-06-18 20:34:40,Completed,UPI
ORD-0003887,CUST-000067,P-PRD-112,2,179.0,0.0,358.0,2026-07-03 10:09:15,Completed,Cash on Delivery
ORD-0003888,CUST-000406,P-PRD-110,1,3500.0,0.15,2975.0,2026-02-19 10:50:32,Refunded,Wallet
ORD-0003889,CUST-000214,P-PRD-102,1,899.0,0.15,764.15,2026-04-25 02:21:24,Shipped,Cash on Delivery
ORD-0003890,CUST-000498,P-PRD-102,10,899.0,0.1,8091.0,2026-04-20 19:17:06,Cancelled,Net Banking
ORD-0003891,CUST-000156,P-PRD-103,2,189.0,0.0,378.0,2026-06-24 00:50:19,Refunded,Cash on Delivery
ORD-0003892,CUST-000280,P-PRD-111,3,249.0,0.2,597.6,2026-04-07 01:52:07,Shipped,Cash on Delivery
ORD-0003893,CUST-000499,P-PRD-105,2,4500.0,0.1,8100.0,2026-06-25 09:46:51,Completed,Credit Card
ORD-0003894,CUST-000287,P-PRD-102,2,899.0,0.0,1798.0,2026-04-04 05:15:37,Completed,Debit Card
ORD-0003895,CUST-000333,P-PRD-112,3,179.0,0.1,483.3,2026-07-08 23:02:16,Pending,Net Banking
ORD-0003896,CUST-000500,P-PRD-110,1,3500.0,0.0,3500.0,2026-06-02 08:05:09,Refunded,Credit Card
ORD-0003897,CUST-000221,P-PRD-106,4,1200.0,0.1,4320.0,2026-07-09 00:54:57,Cancelled,Cash on Delivery
ORD-0003898,CUST-000236,P-PRD-102,1,899.0,0.0,899.0,2026-08-09 12:22:12,Pending,Credit Card
ORD-0003899,CUST-000001,P-PRD-101,1,2499.0,0.2,1999.2,2026-06-18 17:26:17,Refunded,Wallet
ORD-0003900,CUST-000011,P-PRD-108,1,750.0,0.0,750.0,2026-07-01 19:18:01,Cancelled,Cash on Delivery
ORD-0003901,CUST-000377,P-PRD-107,-5,199.0,0.05,-995.0,2026-06-10 14:12:23,Pending,Debit Card
ORD-0003902,CUST-000495,P-PRD-109,1,550.0,0.0,550.0,2026-07-20 22:42:53,Refunded,Cash on Delivery
ORD-0003903,CUST-000252,P-PRD-112,1,179.0,0.0,179.0,2026-06-02 23:29:44,Cancelled,Net Banking
ORD-0003904,CUST-000438,P-PRD-108,3,750.0,0.05,2137.5,2026-04-28 05:28:41,Shipped,UPI
ORD-0003905,CUST-000219,P-PRD-108,1,750.0,0.05,712.5,2026-03-13 14:51:47,Cancelled,Debit Card
ORD-0003906,CUST-000229,P-PRD-110,1,3500.0,0.0,3500.0,2026-05-18 17:12:53,Completed,Debit Card
ORD-0003907,CUST-000393,P-PRD-103,3,189.0,0.0,567.0,2026-06-09 23:37:30,Shipped,Wallet
ORD-0003908,CUST-000116,P-PRD-101,1,2499.0,0.1,2249.1,2026-05-29 02:23:49,Processing,Debit Card
ORD-0003909,CUST-000191,P-PRD-108,1,750.0,0.0,750.0,2026-02-27 09:53:18,Processing,Credit Card
ORD-0003910,CUST-000117,P-PRD-106,1,1200.0,0.0,1200.0,2026-03-28 16:39:18,Pending,UPI
ORD-0003911,CUST-000383,P-PRD-108,1,750.0,0.0,750.0,2026-07-11 00:22:24,Shipped,Cash on Delivery
ORD-0003912,CUST-000013,P-PRD-101,2,2499.0,0.0,4998.0,2026-04-13 07:37:51,Refunded,Net Banking
ORD-0003913,CUST-000107,P-PRD-104,1,299.0,0.0,299.0,2026-04-15 02:28:35,Pending,Debit Card
ORD-0003914,CUST-000182,P-PRD-112,1,179.0,0.1,161.1,2026-07-02 01:29:37,Shipped,Debit Card
ORD-0002939,CUST-000428,P-PRD-104,1,299.0,0.0,299.0,2026-05-16 14:11:42,Pending,Credit Card
ORD-0003916,CUST-000242,P-PRD-112,2,179.0,0.15,304.3,2026-02-20 12:51:56,Refunded,Wallet
ORD-0003917,CUST-000336,P-PRD-104,1,299.0,0.15,254.15,2026-04-12 09:19:04,Completed,UPI
ORD-0003918,CUST-000120,P-PRD-104,2,299.0,0.05,568.1,2026-07-06 11:49:30,Pending,Wallet
ORD-0003919,CUST-000205,P-PRD-111,3,249.0,0.0,747.0,2026-05-22 16:35:45,Shipped,Wallet
ORD-0003920,CUST-000007,P-PRD-105,1,4500.0,0.0,4500.0,2026-07-20 12:09:26,Refunded,Cash on Delivery
ORD-0003921,CUST-000387,P-PRD-111,2,249.0,0.0,498.0,2026-06-06 13:53:26,Refunded,Net Banking
ORD-0003922,CUST-000459,P-PRD-111,2,249.0,0.0,498.0,2026-08-18 06:04:08,Processing,UPI
ORD-0003923,CUST-000354,P-PRD-103,1,189.0,0.0,189.0,2026-08-16 12:43:33,Pending,Net Banking
ORD-0003924,CUST-000081,P-PRD-107,1,199.0,0.0,199.0,2026-03-28 15:59:51,Shipped,Debit Card
ORD-0003925,CUST-000498,P-PRD-110,1,3500.0,0.0,3500.0,2026-07-26 00:31:18,Processing,Cash on Delivery
ORD-0003926,CUST-000270,P-PRD-109,1,550.0,0.1,495.0,2026-02-28 01:07:56,Cancelled,Net Banking
ORD-0003927,CUST-000311,P-PRD-108,4,750.0,0.05,2850.0,2026-07-01 01:00:49,Refunded,Debit Card
ORD-0003928,CUST-000191,P-PRD-101,1,2499.0,0.0,2499.0,2026-06-29 06:42:34,Cancelled,Cash on Delivery
ORD-0003929,CUST-000177,P-PRD-106,3,1200.0,0.05,3420.0,2026-02-25 21:44:22,Processing,Credit Card
ORD-0003930,CUST-000223,P-PRD-112,2,179.0,0.0,358.0,2026-08-08 18:25:42,Shipped,Cash on Delivery
ORD-0003931,CUST-000153,P-PRD-108,1,750.0,0.0,750.0,2026-05-06 13:46:36,Cancelled,Cash on Delivery
ORD-0003932,CUST-000127,P-PRD-103,2,189.0,0.0,378.0,2026-07-25 20:19:44,Refunded,Credit Card
ORD-0003933,CUST-000172,P-PRD-103,1,189.0,0.1,170.1,2026-05-26 23:14:13,Pending,Credit Card
ORD-0003934,CUST-000290,P-PRD-107,1,199.0,0.05,189.05,2026-05-05 00:35:03,Cancelled,Cash on Delivery
ORD-0003935,CUST-000117,P-PRD-110,2,3500.0,0.05,6650.0,2026-07-21 03:36:39,Completed,Debit Card
ORD-0003936,CUST-000179,P-PRD-106,3,1200.0,0.0,3600.0,2026-05-22 08:56:35,Refunded,Cash on Delivery
ORD-0003937,CUST-000039,P-PRD-108,1,750.0,0.0,750.0,2026-02-26 19:02:18,Pending,Cash on Delivery
ORD-0003938,CUST-000009,P-PRD-111,1,249.0,0.1,224.1,2026-06-18 00:30:57,Shipped,Cash on Delivery
ORD-0003939,CUST-000350,P-PRD-112,5,179.0,0.0,895.0,2026-05-29 17:00:05,Shipped,Debit Card
ORD-0003940,CUST-000425,P-PRD-103,1,189.0,0.05,179.55,2026-05-02 11:28:26,Shipped,UPI
ORD-0003941,CUST-000307,P-PRD-102,1,899.0,0.0,899.0,2026-03-15 14:12:51,Completed,Credit Card
ORD-0003942,CUST-000155,P-PRD-109,2,550.0,0.0,1100.0,2026-02-24 09:11:37,Pending,Cash on Delivery
ORD-0003943,CUST-000159,P-PRD-105,4,4500.0,0.0,18000.0,2026-07-11 13:52:40,Refunded,Cash on Delivery
ORD-0003944,CUST-000241,P-PRD-109,1,550.0,0.0,550.0,2026-04-30 20:24:51,Shipped,Net Banking
ORD-0003945,CUST-000404,P-PRD-110,2,3500.0,0.0,7000.0,2026-06-24 20:36:34,Shipped,UPI
ORD-0003946,CUST-000396,P-PRD-112,2,179.0,0.0,358.0,2026-07-11 20:59:58,Completed,UPI
ORD-0003947,CUST-000252,P-PRD-104,2,299.0,0.0,598.0,2026-07-16 04:00:56,Processing,Net Banking
ORD-0003948,CUST-000353,P-PRD-104,2,299.0,0.1,538.2,2026-03-05 04:56:30,Pending,Wallet
ORD-0003949,CUST-000016,P-PRD-111,1,249.0,0.0,249.0,2026-03-13 13:13:35,Pending,Net Banking
ORD-0003950,CUST-000459,P-PRD-105,2,4500.0,0.0,9000.0,2026-07-20 12:20:09,Cancelled,Wallet
ORD-0003951,CUST-000228,P-PRD-105,1,4500.0,0.0,4500.0,2026-03-02 15:09:35,Shipped,Wallet
ORD-0003952,CUST-000110,P-PRD-109,1,550.0,0.0,550.0,2026-05-11 19:11:26,UNKNOWN_ERROR_STATUS,Debit Card
ORD-0003953,CUST-000144,P-PRD-107,3,199.0,0.2,477.6,2026-04-02 02:44:38,Pending,UPI
ORD-0003954,CUST-000119,P-PRD-106,1,1200.0,0.0,1200.0,2026-05-13 23:31:30,Completed,Debit Card
ORD-0003955,CUST-000352,P-PRD-106,1,1200.0,0.1,1080.0,2026-06-28 09:32:23,Completed,Credit Card
ORD-0003956,CUST-000024,P-PRD-104,1,299.0,0.0,299.0,2026-99-99 25:99:99,Shipped,Net Banking
ORD-0003957,CUST-000301,P-PRD-101,1,2499.0,0.0,2499.0,2026-06-11 03:08:38,Shipped,Net Banking
ORD-0003958,CUST-000299,P-PRD-102,2,899.0,0.15,1528.3,2026-06-07 20:02:21,Pending,Debit Card
ORD-0003959,CUST-000174,P-PRD-101,5,2499.0,0.0,12495.0,2026-07-16 07:50:08,Refunded,UPI
ORD-0003960,CUST-000283,P-PRD-107,2,199.0,0.05,378.1,2026-08-16 19:38:28,Refunded,Wallet
ORD-0003961,CUST-000023,P-PRD-101,3,2499.0,0.0,7497.0,2026-05-10 12:03:42,Cancelled,Debit Card
ORD-0003962,CUST-000191,P-PRD-103,3,189.0,0.0,567.0,2026-08-07 07:41:28,Completed,Credit Card
ORD-0003963,CUST-000264,P-PRD-106,1,1200.0,0.0,1200.0,2026-02-24 23:10:50,Cancelled,UPI
ORD-0003964,CUST-000247,P-PRD-104,3,299.0,0.0,897.0,2026-02-25 19:35:04,Pending,UPI
ORD-0003965,CUST-000440,P-PRD-108,1,750.0,0.0,750.0,2026-05-25 13:26:16,Completed,Net Banking
ORD-0003966,CUST-000335,P-PRD-102,2,899.0,0.05,1708.1,2026-07-16 21:18:31,Pending,Net Banking
ORD-0003967,CUST-000372,P-PRD-106,1,1200.0,0.0,1200.0,2026-03-21 14:02:39,Completed,Cash on Delivery
ORD-0003968,CUST-000417,P-PRD-110,1,3500.0,0.15,2975.0,2026-06-04 12:27:59,Shipped,Credit Card
ORD-0003969,CUST-000409,P-PRD-111,1,249.0,0.0,249.0,2026-07-05 17:30:19,Refunded,UPI
ORD-0003970,CUST-000076,P-PRD-110,3,3500.0,0.05,9975.0,2026-07-11 06:24:01,Completed,Net Banking
ORD-0003971,CUST-000360,P-PRD-102,2,899.0,0.0,1798.0,2026-07-20 01:05:52,Pending,Debit Card
ORD-0003972,CUST-000100,P-PRD-105,-2,4500.0,0.0,-9000.0,2026-03-24 18:37:12,Cancelled,UPI
ORD-0003973,CUST-000245,P-PRD-111,1,249.0,0.15,211.65,2026-06-25 06:18:43,Cancelled,Wallet
ORD-0003974,CUST-000080,P-PRD-112,1,179.0,0.0,179.0,2026-05-29 07:37:49,Completed,Credit Card
ORD-0003975,CUST-000460,P-PRD-103,4,189.0,0.1,680.4,2026-03-23 18:16:58,Refunded,Debit Card
ORD-0003976,CUST-000199,P-PRD-110,10,3500.0,0.0,35000.0,2026-03-09 08:43:08,Processing,Net Banking
ORD-0003977,CUST-000087,P-PRD-102,1,899.0,0.0,899.0,2026-08-01 19:23:55,Cancelled,Credit Card
ORD-0003978,CUST-000342,P-PRD-112,1,179.0,0.05,170.05,2026-08-03 01:27:45,Refunded,Wallet
ORD-0003979,CUST-000476,P-PRD-104,1,299.0,0.0,299.0,2026-05-21 14:20:24,Refunded,Wallet
ORD-0003980,CUST-000298,P-PRD-112,4,179.0,0.0,716.0,2026-03-29 01:08:24,Completed,UPI
ORD-0003981,CUST-000175,P-PRD-110,1,3500.0,0.05,3325.0,2026-06-28 15:07:34,Completed,Credit Card
ORD-0003982,CUST-000361,P-PRD-107,2,199.0,0.0,398.0,2026-06-02 13:01:27,Completed,UPI
ORD-0003983,CUST-000177,P-PRD-103,1,189.0,0.0,189.0,2026-03-03 00:59:38,Shipped,Credit Card
ORD-0003984,CUST-000208,P-PRD-105,3,4500.0,0.15,11475.0,2026-07-10 17:34:23,Processing,UPI
ORD-0003985,CUST-000415,P-PRD-107,3,199.0,0.15,507.45,2026-08-16 19:49:55,Refunded,Wallet
ORD-0003986,CUST-000053,P-PRD-105,1,4500.0,0.1,4050.0,2026-04-20 03:02:01,Shipped,Wallet
ORD-0003987,CUST-000144,P-PRD-110,4,3500.0,0.0,14000.0,2026-06-01 17:30:30,Cancelled,Cash on Delivery
ORD-0003988,CUST-000380,P-PRD-106,3,1200.0,0.15,3060.0,2026-02-27 08:09:35,Pending,Cash on Delivery
ORD-0003989,CUST-000135,P-PRD-106,1,1200.0,0.0,1200.0,2026-04-16 15:35:49,Refunded,Wallet
ORD-0003990,CUST-000179,P-PRD-110,2,3500.0,0.0,7000.0,2026-03-27 15:14:18,Processing,Credit Card
ORD-0003991,CUST-000341,P-PRD-110,2,3500.0,0.0,7000.0,2026-05-21 09:37:42,Refunded,Net Banking
ORD-0003992,CUST-000092,P-PRD-106,3,1200.0,0.05,3420.0,2026-07-29 12:31:03,Processing,Net Banking
ORD-0003993,CUST-000200,P-PRD-110,1,3500.0,0.05,3325.0,2026-05-18 00:11:47,Completed,Credit Card
ORD-0003994,CUST-000440,P-PRD-105,1,4500.0,0.0,4500.0,2026-07-30 07:40:56,Completed,Net Banking
ORD-0003995,CUST-000345,P-PRD-112,1,179.0,0.0,179.0,2026-07-17 17:36:33,Pending,Cash on Delivery
ORD-0003996,CUST-000312,P-PRD-108,5,750.0,0.0,3750.0,2026-05-29 07:10:33,Pending,Cash on Delivery
ORD-0003997,CUST-000223,P-PRD-101,3,2499.0,0.0,7497.0,2026-07-01 21:43:44,Processing,Net Banking
ORD-0003998,CUST-000305,P-PRD-111,10,249.0,0.05,2365.5,2026-06-22 16:46:13,Completed,Credit Card
ORD-0003999,CUST-000194,P-PRD-103,3,189.0,0.05,538.65,2026-08-13 03:50:28,Completed,Debit Card
ORD-0004000,CUST-000187,P-PRD-108,5,750.0,0.0,3750.0,2026-03-28 04:49:19,Pending,UPI
ORD-0004001,CUST-000104,P-PRD-106,1,1200.0,0.1,1080.0,2026-05-28 18:19:12,Completed,Wallet
ORD-0004002,CUST-000430,P-PRD-109,3,550.0,0.0,1650.0,2026-05-28 19:21:50,Shipped,Debit Card
ORD-0004003,CUST-000491,P-PRD-101,1,2499.0,0.0,2499.0,2026-07-29 06:11:39,Refunded,Debit Card
ORD-0004004,CUST-000394,P-PRD-102,1,899.0,0.0,899.0,2026-04-29 06:36:44,Shipped,Credit Card
ORD-0004005,CUST-000493,P-PRD-110,1,3500.0,0.05,3325.0,2026-04-21 22:31:41,Pending,Cash on Delivery
ORD-0004006,CUST-000064,P-PRD-101,2,2499.0,0.15,4248.3,2026-07-17 02:56:59,Processing,Cash on Delivery
ORD-0004007,CUST-000056,P-PRD-105,4,4500.0,0.05,17100.0,2026-03-10 03:19:12,Completed,Wallet
ORD-0004008,CUST-000249,P-PRD-109,1,550.0,0.05,522.5,2026-04-10 16:12:49,Shipped,Net Banking
ORD-0004009,CUST-000279,P-PRD-103,2,189.0,0.0,378.0,2026-03-28 20:36:26,Completed,Net Banking
ORD-0004010,CUST-000076,P-PRD-104,1,299.0,0.0,299.0,2026-07-13 11:54:46,Completed,Wallet
ORD-0004011,CUST-000008,P-PRD-101,3,2499.0,0.0,7497.0,2026-03-29 04:24:04,Pending,Net Banking
ORD-0004012,CUST-000238,P-PRD-109,3,550.0,0.1,1485.0,2026-06-10 00:59:24,Refunded,UPI
ORD-0004013,CUST-000243,P-PRD-108,5,750.0,0.1,3375.0,2026-05-17 21:43:47,Shipped,Debit Card
ORD-0004014,CUST-000154,P-PRD-109,2,550.0,0.0,1100.0,2026-04-10 11:04:24,Refunded,Debit Card
ORD-0004015,CUST-000152,P-PRD-112,1,179.0,0.05,170.05,2026-04-11 04:59:28,Completed,Credit Card
ORD-0004016,CUST-000499,P-PRD-109,2,550.0,0.1,990.0,2026-07-09 18:00:24,Processing,Credit Card
ORD-0004017,CUST-000129,P-PRD-106,1,1200.0,0.0,1200.0,2026-07-02 23:53:05,Cancelled,Net Banking
ORD-0004018,CUST-000135,P-PRD-108,1,750.0,0.0,750.0,2026-05-25 18:41:57,Cancelled,Debit Card
ORD-0004019,CUST-000499,P-PRD-108,1,750.0,0.05,712.5,2026-06-27 09:21:11,Completed,Cash on Delivery
ORD-0004020,CUST-000029,P-PRD-111,1,249.0,0.0,249.0,2026-08-13 00:55:15,Refunded,Net Banking
ORD-0004021,CUST-000310,P-PRD-104,1,299.0,0.1,269.1,2026-03-25 07:30:37,Pending,Credit Card
ORD-0004022,CUST-000018,P-PRD-108,3,-750.0,0.05,-2250.0,2026-03-12 02:26:31,Processing,Debit Card
ORD-0004023,CUST-000008,P-PRD-107,1,199.0,0.15,169.15,2026-05-20 22:16:12,Cancelled,Wallet
ORD-0004024,CUST-000157,P-PRD-106,2,1200.0,0.0,2400.0,2026-04-12 00:51:44,Completed,Wallet
ORD-0004025,CUST-000437,P-PRD-108,1,750.0,0.0,750.0,2026-05-22 01:20:40,Pending,Debit Card
ORD-0004026,CUST-000404,P-PRD-110,4,3500.0,0.0,14000.0,2026-06-09 15:29:19,Shipped,Credit Card
ORD-0004027,CUST-000386,P-PRD-101,2,2499.0,0.1,4498.2,2026-05-07 01:19:35,Processing,UPI
ORD-0004028,CUST-000255,P-PRD-106,2,1200.0,0.0,2400.0,2026-05-21 13:10:08,Refunded,Net Banking
ORD-0004029,CUST-000377,P-PRD-109,2,550.0,0.0,1100.0,2026-06-20 11:43:10,Shipped,Credit Card
ORD-0004030,CUST-000478,P-PRD-103,1,189.0,0.0,189.0,2026-03-30 11:15:39,Cancelled,UPI
ORD-0004031,CUST-000224,P-PRD-104,2,299.0,0.0,598.0,2026-05-03 14:19:39,Completed,Debit Card
ORD-0004032,CUST-000083,P-PRD-103,1,189.0,0.15,160.65,2026-05-12 02:42:04,Cancelled,Credit Card
ORD-0004033,CUST-000225,P-PRD-101,1,2499.0,0.0,2499.0,2026-03-21 04:27:16,Refunded,Cash on Delivery
ORD-0004034,CUST-000269,P-PRD-104,3,299.0,0.0,897.0,2026-05-09 09:49:47,Shipped,Cash on Delivery
ORD-0004035,CUST-000131,P-PRD-101,0,2499.0,0.0,0.0,2026-05-28 08:03:23,Processing,Net Banking
ORD-0004036,CUST-000194,P-PRD-112,1,179.0,0.1,161.1,2026-07-08 22:43:06,Completed,Debit Card
ORD-0004037,CUST-000331,P-PRD-109,1,550.0,0.0,550.0,2026-04-14 11:25:03,Shipped,Wallet
ORD-0004038,CUST-000285,P-PRD-105,3,4500.0,0.0,13500.0,2026-04-26 00:56:01,Cancelled,Debit Card
ORD-0004039,CUST-000006,P-PRD-105,2,4500.0,0.0,9000.0,2026-07-19 08:46:33,Cancelled,Debit Card
ORD-0004040,CUST-000019,P-PRD-107,1,199.0,0.2,159.2,2026-02-27 03:02:00,Cancelled,UPI
ORD-0004041,CUST-000049,P-PRD-103,1,189.0,0.05,179.55,2026-04-27 00:34:22,Processing,Wallet
ORD-0004042,CUST-000142,P-PRD-110,4,3500.0,0.0,14000.0,2026-03-19 12:03:05,Refunded,UPI
ORD-0004043,CUST-000410,P-PRD-107,1,199.0,0.0,199.0,2026-04-25 23:41:21,Completed,Credit Card
ORD-0004044,CUST-000385,P-PRD-104,1,299.0,0.05,284.05,2026-06-19 17:46:43,Processing,Wallet
ORD-0004045,CUST-000482,P-PRD-104,3,299.0,0.0,897.0,2026-07-03 20:32:27,Completed,Cash on Delivery
ORD-0004046,CUST-000174,P-PRD-110,1,3500.0,0.0,3500.0,2026-07-10 15:51:31,Refunded,UPI
ORD-0004047,CUST-000133,P-PRD-103,1,189.0,0.0,189.0,2026-07-15 00:16:20,Completed,Debit Card
ORD-0004048,CUST-000210,P-PRD-104,4,299.0,0.0,1196.0,2026-07-16 11:09:59,Pending,Net Banking
ORD-0004049,CUST-000219,P-PRD-109,1,550.0,0.0,550.0,2026-07-14 00:43:08,Processing,Wallet
ORD-0004050,CUST-000107,P-PRD-105,1,4500.0,0.0,4500.0,2026-07-20 19:44:40,Cancelled,UPI
ORD-0004051,CUST-000418,P-PRD-109,1,550.0,0.0,550.0,2026-07-08 03:55:46,Pending,Net Banking
ORD-0004052,CUST-000439,P-PRD-103,1,189.0,0.05,179.55,2026-02-22 10:55:42,Shipped,Credit Card
ORD-0004053,CUST-000015,P-PRD-101,1,2499.0,0.0,2499.0,2026-07-24 20:57:24,Processing,UPI
ORD-0004054,CUST-000001,P-PRD-105,1,4500.0,0.05,4275.0,2026-06-04 02:13:50,Shipped,Wallet
ORD-0004055,CUST-000039,P-PRD-105,10,4500.0,0.05,42750.0,2026-03-12 17:10:48,Refunded,Wallet
ORD-0004056,CUST-000050,P-PRD-107,3,-199.0,0.15,-597.0,2026-04-24 09:50:44,Refunded,Wallet
ORD-0004057,CUST-000176,P-PRD-108,1,750.0,0.05,712.5,2026-02-25 06:58:29,Shipped,Wallet
ORD-0004058,CUST-000196,P-PRD-108,2,750.0,0.0,1500.0,2026-04-05 18:25:09,Cancelled,Cash on Delivery
ORD-0004059,CUST-000024,P-PRD-103,3,189.0,0.0,567.0,2026-06-09 04:12:45,Pending,Cash on Delivery
ORD-0004060,CUST-000187,P-PRD-109,3,550.0,0.0,1650.0,2026-06-10 22:50:55,Processing,UPI
ORD-0004061,CUST-000241,P-PRD-102,2,899.0,0.1,1618.2,2026-05-23 06:15:52,Refunded,Net Banking
ORD-0004062,CUST-000081,P-PRD-108,1,750.0,0.0,750.0,2026-08-12 05:18:29,Processing,Cash on Delivery
ORD-0004063,CUST-000428,P-PRD-108,2,750.0,0.0,1500.0,2026-04-06 08:09:01,Completed,Wallet
ORD-0004064,CUST-ORPHAN-988283,P-PRD-107,2,199.0,0.05,378.1,2026-08-02 13:07:24,Shipped,Credit Card
ORD-0004065,CUST-000310,P-PRD-108,1,750.0,0.0,750.0,2026-05-26 10:31:19,Cancelled,UPI
ORD-0004066,CUST-000487,P-PRD-112,4,179.0,0.2,572.8,2026-06-04 03:03:24,Processing,Net Banking
ORD-0004067,CUST-000196,P-PRD-104,1,299.0,0.0,299.0,2026-06-25 17:02:22,Shipped,UPI
ORD-0004068,CUST-000415,P-PRD-105,2,4500.0,0.0,9000.0,2026-08-05 07:11:13,Shipped,Wallet
ORD-0004069,CUST-000299,P-PRD-111,1,249.0,0.0,249.0,2026-03-11 05:47:23,Processing,Cash on Delivery
ORD-0004070,CUST-000123,P-PRD-105,3,4500.0,0.15,11475.0,2026-05-11 16:40:21,Completed,Cash on Delivery
ORD-0004071,CUST-000130,P-PRD-101,3,2499.0,0.0,7497.0,2026-99-99 25:99:99,Cancelled,Cash on Delivery
ORD-0004072,CUST-000348,P-PRD-112,2,179.0,0.0,358.0,2026-04-18 16:27:02,Cancelled,UPI
ORD-0004073,CUST-000014,P-PRD-104,1,299.0,0.1,269.1,2026-05-01 13:15:25,Completed,Net Banking
ORD-0004074,CUST-000192,P-PRD-104,2,299.0,0.0,598.0,2026-07-05 06:37:38,Shipped,Wallet
ORD-0004075,CUST-000371,P-PRD-110,1,3500.0,0.0,3500.0,2026-99-99 25:99:99,Refunded,Wallet
ORD-0004076,CUST-000417,P-PRD-101,1,2499.0,0.0,2499.0,2026-03-05 03:05:39,UNKNOWN_ERROR_STATUS,UPI
ORD-0004077,CUST-000112,P-PRD-103,3,189.0,0.05,538.65,2026-02-26 04:31:42,Completed,Credit Card
ORD-0004078,CUST-000452,P-PRD-103,1,189.0,0.0,189.0,2026-07-05 09:32:34,Refunded,Wallet
ORD-0004079,CUST-000104,P-PRD-105,4,4500.0,0.0,18000.0,2026-08-03 08:38:09,Processing,Cash on Delivery
ORD-0004080,CUST-000405,P-PRD-107,3,199.0,0.05,567.15,2026-04-23 01:02:23,Pending,Net Banking
ORD-0004081,CUST-000403,P-PRD-110,2,3500.0,0.0,7000.0,2026-05-15 14:44:16,Pending,Credit Card
ORD-0004082,CUST-000390,P-PRD-110,1,3500.0,0.1,3150.0,2026-03-03 20:19:13,Completed,Debit Card
ORD-0004083,CUST-000224,P-PRD-101,1,2499.0,0.0,2499.0,2026-08-12 14:47:57,Processing,Credit Card
ORD-0004084,CUST-000266,P-PRD-105,2,4500.0,0.0,9000.0,2026-07-13 16:09:55,Shipped,Debit Card
ORD-0004085,CUST-000121,P-PRD-101,1,2499.0,0.0,2499.0,2026-04-15 04:47:26,Shipped,Cash on Delivery
ORD-0004086,CUST-000362,P-PRD-108,2,750.0,0.0,1500.0,2026-05-16 17:55:21,Processing,Cash on Delivery
ORD-0004087,CUST-000329,P-PRD-111,1,249.0,0.0,249.0,2026-06-17 18:08:36,Refunded,Net Banking
ORD-0004088,CUST-000241,P-PRD-106,1,1200.0,0.0,1200.0,2026-06-21 20:11:22,Refunded,Cash on Delivery
ORD-0004089,CUST-000484,P-PRD-102,4,899.0,0.0,3596.0,2026-04-21 07:37:10,Completed,Debit Card
ORD-0004090,CUST-000066,P-PRD-104,1,299.0,0.0,299.0,2026-07-22 16:33:26,Cancelled,Wallet
ORD-0004091,CUST-000493,P-PRD-111,1,249.0,0.05,236.55,2026-04-13 02:08:02,Shipped,Net Banking
ORD-0004092,CUST-000229,P-PRD-101,1,2499.0,0.05,2374.05,2026-02-21 10:54:06,Cancelled,Credit Card
ORD-0004093,CUST-000322,P-PRD-107,3,199.0,0.0,597.0,2026-02-26 08:38:45,Processing,Credit Card
ORD-0004094,CUST-000497,P-PRD-108,2,750.0,0.1,1350.0,2026-08-12 16:35:21,Processing,Net Banking
ORD-0004095,CUST-000138,P-PRD-109,5,550.0,0.1,2475.0,2026-04-18 02:20:48,Cancelled,UPI
ORD-0004096,CUST-000222,P-PRD-106,2,1200.0,0.05,2280.0,2026-02-20 03:41:05,Processing,Wallet
ORD-0004097,CUST-000095,P-PRD-109,1,550.0,0.0,550.0,2026-03-21 09:31:59,Cancelled,Wallet
ORD-0004098,CUST-000340,P-PRD-107,3,199.0,0.0,597.0,2026-03-12 08:40:17,Shipped,Cash on Delivery
ORD-0004099,CUST-000384,P-PRD-110,2,3500.0,0.0,7000.0,2026-04-26 02:48:52,Completed,Wallet
ORD-0004100,CUST-ORPHAN-957109,P-PRD-106,10,1200.0,0.0,12000.0,2026-02-25 00:21:57,Pending,Cash on Delivery
ORD-0004101,CUST-000003,P-PRD-112,3,179.0,0.0,537.0,2026-07-27 15:50:35,Completed,Credit Card
ORD-0004102,CUST-000082,P-PRD-104,3,299.0,0.05,852.15,2026-03-24 15:11:23,Cancelled,Cash on Delivery
ORD-0004103,CUST-000196,P-PRD-104,1,299.0,0.2,239.2,2026-04-02 02:02:24,Processing,Net Banking
ORD-0004104,CUST-000499,P-PRD-101,5,2499.0,0.0,12495.0,2026-07-21 16:29:11,Cancelled,Credit Card
ORD-0004105,CUST-000141,P-PRD-101,3,2499.0,0.05,7122.15,2026-04-12 23:02:06,Completed,Credit Card
ORD-0004106,CUST-000322,P-PRD-110,1,3500.0,0.0,3500.0,2026-05-12 17:14:49,Completed,UPI
ORD-0004107,CUST-000041,P-PRD-111,4,249.0,0.0,996.0,2026-02-28 07:05:14,Cancelled,Debit Card
ORD-0004108,CUST-000029,P-PRD-105,2,4500.0,0.0,9000.0,2026-08-14 18:16:20,Cancelled,Debit Card
ORD-0004109,CUST-000029,P-PRD-106,1,1200.0,0.0,1200.0,2026-06-13 01:00:26,Cancelled,UPI
ORD-0004110,CUST-000424,P-PRD-108,2,750.0,0.15,1275.0,2026-07-19 12:13:05,Refunded,Debit Card
ORD-0004111,CUST-000368,P-PRD-106,2,1200.0,0.0,2400.0,2026-07-02 20:54:35,Processing,Credit Card
ORD-0004112,CUST-000249,P-PRD-103,3,189.0,0.0,567.0,2026-06-29 22:06:54,Shipped,UPI
ORD-0004113,CUST-000301,P-PRD-106,3,1200.0,0.0,3600.0,2026-05-16 23:48:40,Processing,UPI
ORD-0004114,CUST-000352,P-PRD-107,3,199.0,0.1,537.3,2026-08-06 19:58:25,Processing,UPI
ORD-0004115,CUST-000125,P-PRD-101,4,2499.0,0.0,9996.0,2026-06-07 15:40:56,Processing,UPI
ORD-0004116,CUST-000257,P-PRD-108,1,750.0,0.05,712.5,2026-05-15 17:37:48,Refunded,UPI
ORD-0004117,CUST-000145,P-PRD-110,2,3500.0,0.15,5950.0,2026-05-12 18:11:47,Cancelled,Wallet
ORD-0004118,CUST-000131,P-PRD-105,1,4500.0,0.0,4500.0,2026-04-20 05:11:29,Completed,Net Banking
ORD-0004119,CUST-000212,P-PRD-110,4,3500.0,0.0,14000.0,2026-05-20 14:58:54,Refunded,Debit Card
ORD-0004120,CUST-000171,P-PRD-109,2,550.0,0.1,990.0,2026-06-27 21:58:13,Refunded,Debit Card
ORD-0004121,CUST-000399,P-PRD-106,1,1200.0,0.1,1080.0,2026-06-14 15:56:14,Shipped,Net Banking
ORD-0004122,CUST-000295,P-PRD-103,1,189.0,0.15,160.65,2026-03-20 21:40:56,Pending,Wallet
ORD-0004123,CUST-000437,P-PRD-105,2,4500.0,0.1,8100.0,2026-04-23 10:39:21,Cancelled,Net Banking
ORD-0004124,CUST-000009,P-PRD-108,1,750.0,0.0,750.0,2026-05-14 06:20:50,Cancelled,UPI
ORD-0004125,CUST-000159,P-PRD-110,2,3500.0,0.0,7000.0,2026-04-26 20:55:47,Shipped,Net Banking
ORD-0004126,CUST-000348,P-PRD-110,1,3500.0,0.0,3500.0,2026-06-23 21:21:45,Pending,UPI
ORD-0004127,CUST-000114,P-PRD-106,4,1200.0,0.15,4080.0,2026-06-14 08:46:38,Shipped,UPI
ORD-0004128,CUST-000407,P-PRD-101,1,2499.0,0.0,2499.0,2026-03-29 22:39:35,Shipped,Debit Card
ORD-0004129,CUST-000204,P-PRD-106,1,1200.0,0.0,1200.0,2026-05-02 06:28:46,Completed,Cash on Delivery
ORD-0004130,CUST-000142,P-PRD-102,1,899.0,0.15,764.15,2026-03-02 19:07:20,Processing,UPI
ORD-0004131,CUST-000173,P-PRD-109,1,550.0,0.0,550.0,2026-05-21 15:45:06,Processing,UPI
ORD-0004132,CUST-000412,P-PRD-103,5,189.0,0.0,945.0,2026-07-11 00:54:15,Pending,UPI
ORD-0004133,CUST-000477,P-PRD-111,1,249.0,0.2,199.2,2026-06-05 08:11:19,Cancelled,Credit Card
ORD-0004134,CUST-000402,P-PRD-110,1,3500.0,0.0,3500.0,2026-07-16 20:25:29,Completed,Wallet
ORD-0004135,CUST-000369,P-PRD-101,1,2499.0,0.0,2499.0,2026-03-13 06:34:45,Processing,Cash on Delivery
ORD-0004136,CUST-000165,P-PRD-103,1,189.0,0.05,179.55,2026-06-15 14:19:00,Pending,Debit Card
ORD-0004137,CUST-000197,P-PRD-101,3,2499.0,0.05,7122.15,2026-04-21 19:35:03,Refunded,Cash on Delivery
ORD-0004138,CUST-000269,P-PRD-110,5,3500.0,0.15,14875.0,2026-06-28 12:58:43,Processing,Cash on Delivery
ORD-0004139,CUST-000046,P-PRD-101,1,2499.0,0.1,2249.1,2026-07-10 00:15:24,Cancelled,Credit Card
ORD-0004140,CUST-000190,P-PRD-104,1,299.0,0.0,299.0,2026-05-01 18:51:11,Completed,Wallet
ORD-0004141,CUST-000352,P-PRD-111,2,249.0,0.05,473.1,2026-07-15 08:52:06,Pending,Net Banking
ORD-0004142,CUST-000095,P-PRD-101,2,2499.0,0.15,4248.3,2026-07-08 13:29:43,Refunded,Net Banking
ORD-0004143,CUST-000485,P-PRD-111,10,249.0,0.0,2490.0,2026-07-05 15:28:37,Pending,Wallet
ORD-0004144,CUST-000489,P-PRD-108,2,750.0,0.1,1350.0,2026-06-04 09:34:26,Shipped,Net Banking
ORD-0004145,CUST-000453,P-PRD-105,4,4500.0,0.1,16200.0,2026-02-21 12:52:56,Pending,UPI
ORD-0004146,CUST-000048,P-PRD-103,1,189.0,0.05,179.55,2026-06-02 08:55:27,Processing,Net Banking
ORD-0004147,CUST-000374,P-PRD-107,1,199.0,0.1,179.1,2026-04-25 09:56:55,Refunded,Wallet
ORD-0004148,CUST-000351,P-PRD-103,3,189.0,0.0,567.0,2026-06-10 07:53:12,Pending,Net Banking
ORD-0004149,CUST-000334,P-PRD-106,2,1200.0,0.05,2280.0,2026-07-09 10:21:32,Shipped,UPI
ORD-0004150,CUST-000291,P-PRD-103,1,189.0,0.0,189.0,2026-08-06 20:18:11,Processing,UPI
ORD-0004151,CUST-000313,P-PRD-104,5,299.0,0.0,1495.0,2026-08-18 05:16:59,Pending,Credit Card
ORD-0004152,CUST-000170,P-PRD-107,1,199.0,0.05,189.05,2026-04-10 15:28:51,Processing,Credit Card
ORD-0004153,CUST-000321,P-PRD-107,3,199.0,0.0,597.0,2026-02-21 13:18:49,Cancelled,Net Banking
ORD-0004154,CUST-000491,P-PRD-110,1,3500.0,0.0,3500.0,2026-06-30 19:24:48,Completed,Cash on Delivery
ORD-0004155,CUST-000094,P-PRD-103,2,189.0,0.1,340.2,2026-04-22 16:45:03,Refunded,Cash on Delivery
ORD-0004156,CUST-000197,P-PRD-109,1,550.0,0.0,550.0,2026-03-04 01:20:11,Shipped,Debit Card
ORD-0004157,CUST-000362,P-PRD-109,3,550.0,0.0,1650.0,2026-05-28 19:25:46,Pending,Wallet
ORD-0004158,CUST-000472,P-PRD-105,2,4500.0,0.2,7200.0,2026-05-13 11:08:17,Cancelled,Debit Card
ORD-0004159,CUST-000136,P-PRD-106,1,1200.0,0.0,1200.0,2026-05-13 09:26:53,Refunded,Net Banking
ORD-0004160,CUST-000342,P-PRD-106,3,1200.0,0.0,3600.0,2026-05-28 13:32:08,Refunded,Credit Card
ORD-0004161,CUST-000181,P-PRD-106,1,1200.0,0.05,1140.0,2026-05-31 16:17:15,Refunded,Net Banking
ORD-0004162,CUST-000134,P-PRD-111,1,249.0,0.05,236.55,2026-04-14 08:10:10,Pending,Debit Card
ORD-0004163,CUST-000189,P-PRD-107,1,199.0,0.2,159.2,2026-05-20 00:06:37,Processing,UPI
ORD-0004164,CUST-000032,P-PRD-105,1,4500.0,0.2,3600.0,2026-06-29 08:47:26,Shipped,UPI
ORD-0004165,CUST-000052,P-PRD-106,1,1200.0,0.0,1200.0,2026-03-12 16:04:57,Cancelled,Credit Card
ORD-0004166,CUST-000271,P-PRD-106,2,1200.0,0.05,2280.0,2026-05-17 07:58:24,Processing,Cash on Delivery
ORD-0004167,CUST-000115,P-PRD-106,4,1200.0,0.0,4800.0,2026-03-03 12:52:23,Completed,Cash on Delivery
ORD-0004168,CUST-000097,P-PRD-103,3,189.0,0.05,538.65,2026-06-27 10:24:39,Shipped,Net Banking
ORD-0004169,CUST-000105,P-PRD-103,3,189.0,0.05,538.65,2026-08-14 18:49:17,Processing,Debit Card
ORD-0004170,CUST-000281,P-PRD-102,1,899.0,0.0,899.0,2026-06-28 15:30:04,Completed,Cash on Delivery
ORD-0004171,CUST-000023,P-PRD-101,1,2499.0,0.0,2499.0,2026-03-11 12:20:19,Processing,UPI
ORD-0004172,CUST-000431,P-PRD-111,3,249.0,0.15,634.95,2026-07-17 07:53:07,Processing,Wallet
ORD-0004173,CUST-000171,P-PRD-103,1,189.0,0.05,179.55,2026-05-19 15:31:51,Cancelled,Net Banking
ORD-0004174,CUST-000058,P-PRD-105,1,4500.0,0.15,3825.0,2026-06-27 00:08:29,Completed,UPI
ORD-0004175,CUST-000004,P-PRD-111,1,249.0,0.05,236.55,2026-05-22 21:35:03,Pending,Credit Card
ORD-0004176,CUST-000006,P-PRD-110,3,3500.0,0.15,8925.0,2026-03-25 21:02:48,Shipped,Wallet
ORD-0004177,CUST-000148,P-PRD-106,3,1200.0,0.0,3600.0,2026-06-15 21:06:04,Processing,Net Banking
ORD-0004178,CUST-000429,P-PRD-103,1,189.0,0.0,189.0,2026-07-24 21:41:05,Shipped,UPI
ORD-0004179,CUST-000045,P-PRD-103,1,189.0,0.0,189.0,2026-05-30 18:39:42,Pending,Debit Card
ORD-0004180,CUST-000045,P-PRD-107,5,199.0,0.0,995.0,2026-02-24 08:19:32,Pending,UPI
ORD-0004181,CUST-000170,P-PRD-106,1,1200.0,0.0,1200.0,2026-03-25 19:03:32,Refunded,Debit Card
ORD-0004182,CUST-000458,P-PRD-108,2,750.0,0.0,1500.0,2026-05-09 21:11:32,Completed,Credit Card
ORD-0004183,CUST-000183,P-PRD-112,3,179.0,0.15,456.45,2026-06-10 13:06:27,Shipped,Credit Card
ORD-0004184,CUST-000002,P-PRD-106,1,1200.0,0.0,1200.0,2026-03-08 23:33:44,Completed,Cash on Delivery
ORD-0004185,CUST-000436,P-PRD-107,1,199.0,0.05,189.05,2026-04-10 23:38:58,Pending,UPI
ORD-0004186,CUST-000097,P-PRD-110,3,3500.0,0.1,9450.0,2026-04-18 17:41:44,Refunded,UPI
ORD-0004187,CUST-000145,P-PRD-112,2,179.0,0.0,358.0,2026-03-11 08:19:43,Processing,Net Banking
ORD-0004188,CUST-000460,P-PRD-108,2,750.0,0.0,1500.0,2026-03-18 12:18:43,Pending,Credit Card
ORD-0004189,CUST-000091,P-PRD-107,2,199.0,0.0,398.0,2026-07-04 05:15:37,Refunded,Cash on Delivery
ORD-0004190,CUST-000057,P-PRD-110,1,3500.0,0.05,3325.0,2026-05-06 19:35:36,Refunded,Credit Card
ORD-0004191,CUST-000157,P-PRD-109,2,550.0,0.1,990.0,2026-03-15 18:54:16,Cancelled,Debit Card
ORD-0004192,CUST-000201,P-PRD-106,2,1200.0,0.0,2400.0,2026-06-05 00:28:54,Pending,Credit Card
ORD-0004193,CUST-000363,P-PRD-106,2,1200.0,0.0,2400.0,2026-08-16 19:00:54,Completed,Wallet
ORD-0004194,,P-PRD-105,1,4500.0,0.1,4050.0,2026-04-27 01:34:53,Shipped,Net Banking
ORD-0004195,CUST-000050,P-PRD-108,1,750.0,0.2,600.0,2026-04-29 09:08:17,Completed,Credit Card
ORD-0004196,CUST-000175,P-PRD-112,2,179.0,0.05,340.1,2026-07-10 01:14:32,Pending,Cash on Delivery
ORD-0004197,CUST-000383,P-PRD-108,1,750.0,0.05,712.5,2026-07-07 06:42:31,Shipped,Wallet
ORD-0004198,CUST-000194,P-PRD-110,1,3500.0,0.0,3500.0,2026-07-22 20:31:28,Shipped,Cash on Delivery
ORD-0004199,CUST-000353,P-PRD-110,1,3500.0,0.1,3150.0,2026-03-07 19:10:14,Refunded,UPI
ORD-0004200,CUST-000458,P-PRD-110,1,3500.0,0.0,3500.0,2026-07-08 23:58:35,Pending,Cash on Delivery
ORD-0004201,CUST-000250,P-PRD-110,1,3500.0,0.15,2975.0,2026-05-03 16:31:11,Shipped,Credit Card
ORD-0004202,CUST-000367,P-PRD-105,2,4500.0,0.0,9000.0,2026-05-19 16:00:23,Processing,UPI
ORD-0004203,CUST-000380,P-PRD-106,2,1200.0,0.15,2040.0,2026-05-24 10:05:37,Completed,Cash on Delivery
ORD-0004204,CUST-000483,P-PRD-107,3,199.0,0.0,597.0,2026-04-26 07:21:30,Pending,Credit Card
ORD-0004205,CUST-000452,P-PRD-111,1,249.0,0.0,249.0,2026-04-06 09:28:40,Completed,Wallet
ORD-0004206,CUST-000082,P-PRD-107,1,199.0,0.0,199.0,2026-07-30 17:01:55,Shipped,Cash on Delivery
ORD-0004207,CUST-000034,P-PRD-102,2,899.0,0.0,1798.0,2026-02-23 21:22:02,Completed,Wallet
ORD-0004208,CUST-000405,P-PRD-104,1,299.0,0.0,299.0,2026-08-03 19:33:49,Cancelled,UPI
ORD-0004209,CUST-000002,P-PRD-109,1,550.0,0.0,550.0,2026-03-03 00:14:06,Pending,Net Banking
ORD-0004210,CUST-000342,P-PRD-103,2,189.0,0.0,378.0,2026-08-09 12:09:42,Shipped,Net Banking
ORD-0004211,CUST-000437,P-PRD-108,3,750.0,0.0,2250.0,2026-08-09 14:31:14,Shipped,Debit Card
ORD-0004212,CUST-000260,P-PRD-103,4,189.0,0.0,756.0,2026-07-13 05:18:56,Shipped,Cash on Delivery
ORD-0004213,CUST-000378,P-PRD-110,4,3500.0,0.0,14000.0,2026-02-26 10:57:33,Shipped,Debit Card
ORD-0004214,CUST-000494,P-PRD-110,1,3500.0,0.05,3325.0,2026-07-12 21:10:05,Cancelled,Debit Card
ORD-0004215,CUST-000182,P-PRD-102,5,899.0,0.0,4495.0,2026-04-21 13:48:07,Refunded,Cash on Delivery
ORD-0004216,CUST-000145,P-PRD-112,2,179.0,0.05,340.1,2026-04-04 05:53:34,Completed,Credit Card
ORD-0004217,CUST-000055,P-PRD-107,1,199.0,0.0,199.0,2026-07-03 08:14:10,Refunded,Net Banking
ORD-0004218,CUST-000278,P-PRD-102,2,899.0,0.05,1708.1,2026-06-24 11:10:11,Processing,Wallet
ORD-0004219,CUST-000145,P-PRD-108,1,750.0,0.0,750.0,2026-07-26 15:46:07,Refunded,Cash on Delivery
ORD-0004220,CUST-000336,P-PRD-109,1,550.0,0.0,550.0,2026-05-25 07:09:52,Cancelled,Wallet
ORD-0004221,CUST-000386,P-PRD-102,1,899.0,0.0,899.0,2026-02-27 20:00:35,Cancelled,Debit Card
ORD-0004222,CUST-000195,P-PRD-105,1,4500.0,0.0,4500.0,2026-03-29 06:58:43,Shipped,Credit Card
ORD-0004223,CUST-000292,P-PRD-107,5,-199.0,0.0,-995.0,2026-04-13 06:32:35,Pending,Cash on Delivery
ORD-0004224,CUST-000126,P-PRD-109,1,550.0,0.0,550.0,2026-05-12 16:26:24,Shipped,Wallet
ORD-0004225,CUST-000410,P-PRD-112,2,179.0,0.0,358.0,2026-04-19 01:39:33,Processing,UPI
ORD-0004226,CUST-000354,P-PRD-103,1,189.0,0.0,189.0,2026-04-30 13:04:16,Shipped,UPI
ORD-0004227,CUST-000064,P-PRD-102,1,899.0,0.0,899.0,2026-07-20 14:32:28,Pending,UPI
ORD-0004228,CUST-000063,P-PRD-108,1,750.0,0.2,600.0,2026-03-22 22:05:31,Cancelled,Debit Card
ORD-0004229,CUST-000331,P-PRD-108,2,750.0,0.0,1500.0,2026-02-21 01:58:56,Cancelled,Cash on Delivery
ORD-0004230,CUST-000371,P-PRD-108,1,750.0,0.1,675.0,2026-08-02 19:06:27,Processing,UPI
ORD-0004231,CUST-000355,P-PRD-111,1,249.0,0.0,249.0,2026-07-12 19:57:34,Shipped,UPI
ORD-0004232,CUST-000470,P-PRD-103,2,189.0,0.0,378.0,2026-08-02 04:42:42,Pending,UPI
ORD-0004233,CUST-000475,P-PRD-112,1,179.0,0.05,170.05,2026-06-25 05:53:36,Completed,Wallet
ORD-0004234,CUST-000498,P-PRD-108,1,750.0,0.05,712.5,2026-06-29 18:20:56,Refunded,Debit Card
ORD-0004235,CUST-000360,P-PRD-106,1,1200.0,0.0,1200.0,2026-06-04 23:52:34,Cancelled,UPI
ORD-0004236,CUST-000296,P-PRD-102,1,899.0,0.0,899.0,2026-06-15 17:15:40,Cancelled,Wallet
ORD-0004237,CUST-000009,P-PRD-107,2,199.0,0.0,398.0,2026-07-17 16:30:23,Processing,UPI
ORD-0004238,CUST-000031,P-PRD-112,1,179.0,0.0,179.0,2026-06-23 14:40:42,Shipped,UPI
ORD-0004239,CUST-000179,P-PRD-105,3,4500.0,0.0,13500.0,2026-02-18 20:58:35,Cancelled,Credit Card
ORD-0004240,CUST-000451,P-PRD-111,2,249.0,0.05,473.1,2026-07-28 16:26:38,Completed,Debit Card
ORD-0004241,CUST-000392,P-PRD-111,2,249.0,0.0,498.0,2026-05-12 00:44:19,Cancelled,UPI
ORD-0004242,CUST-000456,P-PRD-111,1,249.0,0.0,249.0,2026-06-25 18:27:22,Pending,UPI
ORD-0004243,CUST-000203,P-PRD-101,2,2499.0,0.15,4248.3,2026-06-04 03:30:40,Refunded,Debit Card
ORD-0004244,CUST-000155,P-PRD-106,4,1200.0,0.0,4800.0,2026-03-31 17:12:21,Pending,Credit Card
ORD-0004245,CUST-000175,P-PRD-112,1,179.0,0.0,179.0,2026-08-15 23:15:48,Pending,Cash on Delivery
ORD-0004246,CUST-000146,P-PRD-101,1,2499.0,0.1,2249.1,2026-06-12 02:02:55,Refunded,UPI
ORD-0004247,CUST-000198,P-PRD-107,4,199.0,0.15,676.6,2026-07-28 05:29:08,Processing,Net Banking
ORD-0004248,CUST-000371,P-PRD-111,1,249.0,0.0,249.0,2026-04-23 13:51:56,Cancelled,Credit Card
ORD-0004249,CUST-000296,P-PRD-106,1,1200.0,0.0,1200.0,2026-03-24 19:48:08,Processing,Cash on Delivery
ORD-0004250,CUST-000044,P-PRD-112,1,179.0,0.15,152.15,2026-04-02 03:41:06,Refunded,Credit Card
ORD-0004251,CUST-000205,P-PRD-102,1,899.0,0.0,899.0,2026-07-24 05:22:24,Shipped,UPI
ORD-0004252,CUST-000044,P-PRD-109,2,550.0,0.15,935.0,2026-04-28 21:31:26,Pending,Debit Card
ORD-0004253,CUST-000223,P-PRD-107,1,199.0,0.1,179.1,2026-03-26 11:56:36,Processing,Wallet
ORD-0004254,CUST-000035,P-PRD-106,4,1200.0,0.05,4560.0,2026-05-11 13:10:57,Completed,Net Banking
ORD-0004255,CUST-000051,P-PRD-111,1,249.0,0.0,249.0,2026-04-03 13:41:19,Completed,Cash on Delivery
ORD-0004256,CUST-000379,P-PRD-105,2,4500.0,0.0,9000.0,2026-07-17 21:18:59,Refunded,Cash on Delivery
ORD-0004257,CUST-000145,P-PRD-103,2,189.0,0.15,321.3,2026-04-29 11:25:47,Completed,UPI
ORD-0004258,CUST-000004,P-PRD-102,1,899.0,0.0,899.0,2026-05-22 07:32:01,Cancelled,Wallet
ORD-0004259,CUST-000062,P-PRD-105,3,4500.0,0.0,13500.0,2026-03-29 17:17:45,Completed,Debit Card
ORD-0004260,CUST-000016,P-PRD-102,1,899.0,0.15,764.15,2026-03-28 18:58:04,Cancelled,Wallet
ORD-0004261,CUST-000360,P-PRD-105,1,4500.0,0.2,3600.0,2026-06-30 12:02:28,Shipped,Net Banking
ORD-0004262,CUST-000153,P-PRD-109,1,550.0,0.0,550.0,2026-06-16 23:52:56,Cancelled,Credit Card
ORD-0004263,CUST-000198,P-PRD-108,4,750.0,0.0,3000.0,2026-07-23 20:47:36,Shipped,UPI
ORD-0004264,CUST-000356,P-PRD-111,2,249.0,0.2,398.4,2026-05-10 00:03:21,Pending,Cash on Delivery
ORD-0004265,CUST-000336,P-PRD-101,4,2499.0,0.0,9996.0,2026-03-06 11:55:30,Processing,Debit Card
ORD-0004266,CUST-000184,P-PRD-107,3,199.0,0.0,597.0,2026-04-03 01:40:25,Processing,Debit Card
ORD-0004267,CUST-000480,P-PRD-112,5,179.0,0.05,850.25,2026-03-28 02:15:19,Shipped,Debit Card
ORD-0004268,CUST-000245,P-PRD-102,2,899.0,0.2,1438.4,2026-03-30 17:27:10,Pending,UPI
ORD-0004269,CUST-000429,P-PRD-105,1,4500.0,0.0,4500.0,2026-06-10 18:31:14,Shipped,Net Banking
ORD-0004270,CUST-000160,P-PRD-103,2,189.0,0.05,359.1,2026-08-04 16:11:18,Refunded,Cash on Delivery
ORD-0004271,CUST-000275,P-PRD-108,2,750.0,0.15,1275.0,2026-06-08 07:28:27,Shipped,UPI
ORD-0004272,CUST-000277,P-PRD-112,4,179.0,0.1,644.4,2026-06-22 21:58:11,Completed,Credit Card
ORD-0004273,CUST-000174,P-PRD-103,3,189.0,0.1,510.3,2026-03-03 17:49:58,Pending,Debit Card
ORD-0004274,CUST-000453,P-PRD-106,3,1200.0,0.0,3600.0,2026-08-10 14:52:22,Refunded,Net Banking
ORD-0004275,CUST-000075,P-PRD-105,3,4500.0,0.1,12150.0,2026-03-26 05:38:11,Processing,Debit Card
ORD-0004276,CUST-000149,P-PRD-102,1,899.0,0.1,809.1,2026-07-05 14:39:50,Refunded,Debit Card
ORD-0004277,CUST-000249,P-PRD-107,3,199.0,0.2,477.6,2026-04-19 14:14:19,Cancelled,UPI
ORD-0004278,CUST-000113,P-PRD-109,2,550.0,0.1,990.0,2026-04-03 11:42:11,Cancelled,Debit Card
ORD-0004279,CUST-000332,P-PRD-104,5,299.0,0.05,1420.25,2026-06-16 13:05:11,Refunded,Net Banking
ORD-0004280,CUST-000245,P-PRD-112,4,179.0,0.0,716.0,2026-08-04 01:32:37,Processing,Net Banking
ORD-0004281,CUST-000119,P-PRD-102,2,899.0,0.05,1708.1,2026-07-17 01:39:12,Completed,Credit Card
ORD-0004282,CUST-000350,P-PRD-110,2,3500.0,0.05,6650.0,2026-08-04 00:02:52,Processing,Debit Card
ORD-0004283,CUST-000240,P-PRD-112,1,179.0,0.0,179.0,2026-06-19 16:57:06,Completed,Net Banking
ORD-0004284,CUST-000004,P-PRD-112,2,179.0,0.15,304.3,2026-05-06 13:42:27,Processing,Cash on Delivery
ORD-0004285,CUST-000314,P-PRD-107,1,199.0,0.0,199.0,2026-05-26 11:27:30,Shipped,Cash on Delivery
ORD-0004286,CUST-000065,P-PRD-102,1,899.0,0.15,764.15,2026-05-13 14:09:40,Processing,Credit Card
ORD-0004287,CUST-000423,P-PRD-105,2,4500.0,0.05,8550.0,2026-04-30 23:19:30,Pending,UPI
ORD-0004288,CUST-000173,P-PRD-102,1,899.0,0.1,809.1,2026-04-07 18:20:47,Refunded,UPI
ORD-0004289,CUST-000180,P-PRD-105,1,4500.0,0.0,4500.0,2026-08-06 05:59:26,Completed,Cash on Delivery
ORD-0004290,CUST-000471,P-PRD-102,1,899.0,0.0,899.0,2026-05-09 05:33:44,Completed,Cash on Delivery
ORD-0004291,CUST-000442,P-PRD-107,1,-199.0,0.1,-199.0,2026-07-22 17:26:42,Processing,Cash on Delivery
ORD-0004292,CUST-000252,P-PRD-104,1,299.0,0.15,254.15,2026-03-26 22:12:33,Pending,UPI
ORD-0004293,CUST-000445,P-PRD-112,1,179.0,0.0,179.0,2026-06-17 18:31:38,Refunded,Debit Card
ORD-0004294,CUST-000424,P-PRD-111,1,249.0,0.05,236.55,2026-07-07 21:10:00,Pending,Wallet
ORD-0004295,CUST-000033,P-PRD-109,3,550.0,0.05,1567.5,2026-07-14 01:27:50,Processing,UPI
ORD-0004296,CUST-000381,P-PRD-111,3,249.0,0.0,747.0,2026-03-25 21:27:25,Completed,Debit Card
ORD-0004297,CUST-000163,P-PRD-110,1,3500.0,0.1,3150.0,2026-06-26 01:00:18,Completed,Credit Card
ORD-0004298,CUST-000432,P-PRD-104,1,299.0,0.2,239.2,2026-02-23 12:34:04,Cancelled,Net Banking
ORD-0004299,CUST-000124,P-PRD-101,3,2499.0,0.05,7122.15,2026-05-15 14:15:29,Processing,Cash on Delivery
ORD-0004300,CUST-000014,P-PRD-104,3,299.0,0.0,897.0,2026-06-28 17:46:08,Pending,Cash on Delivery
ORD-0004301,CUST-000281,P-PRD-106,2,1200.0,0.05,2280.0,2026-03-01 21:47:02,Completed,Wallet
ORD-0004302,CUST-000039,P-PRD-112,1,179.0,0.0,179.0,2026-06-12 18:44:45,Pending,Wallet
ORD-0004303,CUST-000217,P-PRD-102,1,899.0,0.0,899.0,2026-07-05 09:18:43,Refunded,Cash on Delivery
ORD-0004304,CUST-000390,P-PRD-102,1,899.0,0.05,854.05,2026-06-20 17:28:44,Pending,Cash on Delivery
ORD-0004305,CUST-000011,P-PRD-105,1,4500.0,0.0,4500.0,2026-06-25 02:24:05,Pending,Cash on Delivery
ORD-0004306,CUST-000157,P-PRD-103,1,189.0,0.0,189.0,2026-03-06 18:43:32,Completed,UPI
ORD-0004307,CUST-000001,P-PRD-102,1,899.0,0.0,899.0,2026-04-10 21:31:41,Pending,UPI
ORD-0004308,CUST-000493,P-PRD-112,1,179.0,0.0,179.0,2026-03-03 10:17:08,Pending,Cash on Delivery
ORD-0004309,CUST-000348,P-PRD-104,2,299.0,0.0,598.0,2026-08-15 09:59:26,Pending,Cash on Delivery
ORD-0004310,CUST-000194,P-PRD-102,2,899.0,0.1,1618.2,2026-07-22 13:27:04,Cancelled,Wallet
ORD-0004311,CUST-000284,P-PRD-108,1,750.0,0.0,750.0,2026-06-11 06:35:52,Completed,Debit Card
ORD-0004312,CUST-000238,P-PRD-111,1,249.0,0.1,224.1,2026-07-24 12:38:27,Completed,Wallet
ORD-0004313,CUST-000115,P-PRD-110,1,3500.0,0.05,3325.0,2026-03-31 18:36:24,Processing,Wallet
ORD-0004314,CUST-000020,P-PRD-105,1,4500.0,0.0,4500.0,2026-05-11 05:31:27,Refunded,Wallet
ORD-0004315,CUST-000262,P-PRD-102,2,899.0,0.1,1618.2,2026-04-17 03:18:08,Completed,Wallet
ORD-0004316,CUST-000352,P-PRD-101,1,2499.0,0.2,1999.2,2026-08-06 07:45:03,Processing,Cash on Delivery
ORD-0004317,CUST-000127,P-PRD-111,2,249.0,0.0,498.0,2026-06-23 04:42:07,Cancelled,UPI
ORD-0004318,CUST-000466,P-PRD-110,1,3500.0,0.2,2800.0,2026-08-01 04:55:52,Pending,Cash on Delivery
ORD-0004319,CUST-000072,P-PRD-101,1,2499.0,0.0,2499.0,2026-05-08 14:58:03,Pending,Debit Card
ORD-0004320,CUST-000230,P-PRD-102,2,899.0,0.0,1798.0,2026-02-26 08:02:11,Pending,Wallet
ORD-0004321,CUST-000216,P-PRD-108,1,750.0,0.2,600.0,2026-06-18 16:12:11,Completed,UPI
ORD-0004322,CUST-000287,P-PRD-111,1,249.0,0.0,249.0,2026-05-18 06:09:36,Refunded,Cash on Delivery
ORD-0004323,CUST-000173,P-PRD-104,2,299.0,0.0,598.0,2026-02-28 09:28:41,Cancelled,Cash on Delivery
ORD-0004324,CUST-000212,P-PRD-108,1,750.0,0.2,600.0,2026-07-03 12:40:38,Cancelled,Debit Card
ORD-0004325,CUST-000461,P-PRD-112,1,179.0,0.2,143.2,2026-03-17 18:13:36,Refunded,Credit Card
ORD-0004326,CUST-000072,P-PRD-111,2,249.0,0.15,423.3,2026-02-24 15:36:30,Processing,Net Banking
ORD-0004327,CUST-000035,P-PRD-102,3,899.0,0.0,2697.0,2026-03-18 09:14:18,Processing,Cash on Delivery
ORD-0004328,CUST-000355,P-PRD-101,4,2499.0,0.0,9996.0,2026-02-24 04:23:50,Cancelled,Net Banking
ORD-0004329,CUST-000042,P-PRD-109,1,550.0,0.2,440.0,2026-03-29 08:52:03,Pending,UPI
ORD-0004330,CUST-000486,P-PRD-108,1,750.0,0.0,750.0,2026-07-09 08:10:35,Shipped,Credit Card
ORD-0004331,CUST-000009,P-PRD-102,2,899.0,0.0,1798.0,2026-02-22 01:29:44,Pending,Debit Card
ORD-0004332,CUST-000399,P-PRD-101,2,2499.0,0.05,4748.1,2026-04-16 18:08:56,Shipped,Debit Card
ORD-0004333,CUST-000432,P-PRD-107,2,199.0,0.1,358.2,2026-07-13 15:25:37,Shipped,Cash on Delivery
ORD-0004334,CUST-000308,P-PRD-111,1,249.0,0.0,249.0,2026-03-05 02:34:57,Pending,Wallet
ORD-0004335,CUST-000413,P-PRD-108,1,750.0,0.0,750.0,2026-06-27 14:33:53,Cancelled,Debit Card
ORD-0004336,CUST-000432,P-PRD-110,1,3500.0,0.0,3500.0,2026-05-02 12:17:22,Completed,Credit Card
ORD-0004337,CUST-000349,P-PRD-104,1,299.0,0.0,299.0,2026-05-03 02:00:36,Pending,Debit Card
ORD-0004338,CUST-000136,P-PRD-106,2,1200.0,0.1,2160.0,2026-03-15 11:39:36,Completed,Debit Card
ORD-0004339,CUST-000305,P-PRD-102,4,899.0,0.0,3596.0,2026-02-24 02:02:04,Processing,Debit Card
ORD-0004340,CUST-000236,P-PRD-105,1,4500.0,0.1,4050.0,2026-05-20 06:58:18,Refunded,Net Banking
ORD-0004341,CUST-000500,P-PRD-112,1,179.0,0.0,179.0,2026-05-09 20:24:57,Refunded,Cash on Delivery
ORD-0004342,CUST-000064,P-PRD-102,3,899.0,0.0,2697.0,2026-07-31 19:30:27,Completed,Wallet
ORD-0004343,CUST-000463,P-PRD-101,2,2499.0,0.0,4998.0,2026-02-21 10:53:04,Completed,Debit Card
ORD-0004344,CUST-000333,P-PRD-110,1,3500.0,0.1,3150.0,2026-05-21 21:46:11,Pending,Credit Card
ORD-0004345,CUST-000159,P-PRD-105,1,4500.0,0.1,4050.0,2026-06-11 16:53:55,Pending,Cash on Delivery
ORD-0004346,CUST-000419,P-PRD-104,2,299.0,0.05,568.1,2026-05-10 08:32:25,Completed,Credit Card
ORD-0004347,CUST-000056,P-PRD-111,1,249.0,0.1,224.1,2026-07-15 15:20:15,Processing,UPI
ORD-0004348,CUST-000212,P-PRD-112,1,179.0,0.0,179.0,2026-05-14 04:32:29,Pending,Net Banking
ORD-0004349,CUST-000451,P-PRD-106,2,1200.0,0.0,2400.0,2026-07-03 21:43:15,Refunded,Cash on Delivery
ORD-0004350,CUST-000031,P-PRD-109,1,550.0,0.1,495.0,2026-07-17 17:00:18,Processing,Credit Card
ORD-0004351,CUST-000099,P-PRD-103,1,189.0,0.0,189.0,2026-07-20 01:27:41,Processing,Wallet
ORD-0004352,CUST-000106,P-PRD-111,-4,249.0,0.05,-996.0,2026-08-02 23:19:41,Cancelled,Wallet
ORD-0004353,CUST-000162,P-PRD-101,4,2499.0,0.05,9496.2,2026-06-28 20:17:34,Cancelled,Cash on Delivery
ORD-0004354,CUST-000323,P-PRD-108,3,750.0,0.0,2250.0,2026-05-04 21:52:33,Processing,Debit Card
ORD-0004355,CUST-000360,P-PRD-108,1,750.0,0.0,750.0,2026-05-03 03:02:40,Cancelled,Net Banking
ORD-0004356,CUST-000301,P-PRD-104,1,299.0,0.0,299.0,2026-03-03 18:51:53,Shipped,Credit Card
ORD-0004357,CUST-000273,P-PRD-109,4,550.0,0.0,2200.0,2026-07-08 08:54:12,Pending,Cash on Delivery
ORD-0004358,CUST-000187,P-PRD-106,3,1200.0,0.0,3600.0,2026-07-20 01:23:03,Cancelled,UPI
ORD-0004359,CUST-000445,P-PRD-105,2,4500.0,0.0,9000.0,2026-99-99 25:99:99,Pending,Credit Card
ORD-0004360,CUST-000013,P-PRD-108,1,750.0,0.0,750.0,2026-05-20 00:18:03,UNKNOWN_ERROR_STATUS,Net Banking
ORD-0004361,CUST-000031,P-PRD-110,3,3500.0,0.05,9975.0,2026-04-15 22:14:01,Refunded,Cash on Delivery
ORD-0004362,CUST-000016,P-PRD-108,2,750.0,0.0,1500.0,2026-03-25 06:12:56,Refunded,Credit Card
ORD-0004363,CUST-000152,P-PRD-104,1,299.0,0.0,299.0,2026-03-05 01:00:38,Pending,UPI
ORD-0004364,CUST-000424,P-PRD-104,2,299.0,0.2,478.4,2026-07-18 03:54:23,Pending,Cash on Delivery
ORD-0004365,CUST-000261,P-PRD-109,1,550.0,0.0,550.0,2026-03-30 09:49:59,Cancelled,Wallet
ORD-0004366,CUST-000352,P-PRD-104,1,299.0,0.1,269.1,2026-06-26 14:37:29,Processing,Wallet
ORD-0004367,CUST-000135,P-PRD-106,4,1200.0,0.0,4800.0,2026-08-16 05:59:20,Refunded,Wallet
ORD-0004368,CUST-000234,P-PRD-112,2,179.0,0.0,358.0,2026-06-13 00:06:58,Refunded,Credit Card
ORD-0004369,CUST-000449,P-PRD-105,2,4500.0,0.1,8100.0,2026-03-27 09:05:15,Refunded,Credit Card
ORD-0004370,CUST-000068,P-PRD-103,4,189.0,0.0,756.0,2026-02-24 22:57:51,Pending,Wallet
ORD-0004371,CUST-000202,P-PRD-111,4,249.0,0.0,996.0,2026-03-17 09:53:47,Shipped,UPI
ORD-0004372,CUST-000394,P-PRD-111,1,249.0,0.0,249.0,2026-05-29 05:20:02,Refunded,UPI
ORD-0004373,CUST-000084,P-PRD-109,1,550.0,0.0,550.0,2026-03-21 17:40:01,Processing,Credit Card
ORD-0004374,CUST-000363,P-PRD-103,2,189.0,0.05,359.1,2026-02-28 10:26:54,Refunded,UPI
ORD-0004375,CUST-000174,P-PRD-110,1,3500.0,0.1,3150.0,2026-07-02 21:59:48,Shipped,Net Banking
ORD-0004376,CUST-000408,P-PRD-105,1,4500.0,0.05,4275.0,2026-05-11 02:44:09,Pending,Debit Card
ORD-0004377,CUST-000452,P-PRD-108,1,750.0,0.1,675.0,2026-06-11 12:01:17,Pending,Wallet
ORD-0004378,CUST-000384,P-PRD-110,1,3500.0,0.1,3150.0,2026-05-17 21:26:44,Completed,Credit Card
ORD-0004379,CUST-000001,P-PRD-108,1,750.0,0.0,750.0,2026-04-25 00:08:25,Refunded,Cash on Delivery
ORD-0004380,CUST-000357,P-PRD-109,1,550.0,0.15,467.5,2026-08-08 07:01:11,Processing,Debit Card
ORD-0000537,CUST-000035,P-PRD-106,4,1200.0,0.0,4800.0,2026-03-18 18:02:49,Processing,Debit Card
ORD-0004382,CUST-000285,P-PRD-108,1,750.0,0.05,712.5,2026-07-14 06:14:39,Completed,Net Banking
ORD-0004383,CUST-000432,P-PRD-104,1,299.0,0.1,269.1,2026-04-17 20:55:37,Pending,Wallet
ORD-0004384,CUST-000099,P-PRD-105,4,4500.0,0.05,17100.0,2026-07-01 05:27:45,Completed,Debit Card
ORD-0004385,CUST-000233,P-PRD-111,4,249.0,0.0,996.0,2026-07-31 18:03:48,Cancelled,Debit Card
ORD-0004386,CUST-000368,P-PRD-101,1,2499.0,0.0,2499.0,2026-03-28 23:22:48,Completed,Wallet
ORD-0004387,CUST-000245,P-PRD-102,4,899.0,0.15,3056.6,2026-03-22 12:06:34,Cancelled,UPI
ORD-0004388,CUST-000126,P-PRD-110,10,3500.0,0.05,33250.0,2026-07-14 08:08:37,Completed,Debit Card
ORD-0004389,CUST-000039,P-PRD-106,3,1200.0,0.15,3060.0,2026-07-28 11:52:41,Refunded,Net Banking
ORD-0004390,CUST-000059,P-PRD-108,-4,750.0,0.1,-3000.0,2026-02-26 00:17:09,Pending,Debit Card
ORD-0004391,CUST-000444,P-PRD-101,4,2499.0,0.0,9996.0,2026-03-08 10:00:45,Processing,Credit Card
ORD-0004392,CUST-000409,P-PRD-112,1,179.0,0.15,152.15,2026-02-24 18:48:06,Shipped,Wallet
ORD-0004393,CUST-000217,P-PRD-108,2,750.0,0.0,1500.0,2026-06-23 04:54:14,Processing,Cash on Delivery
ORD-0004394,CUST-000488,P-PRD-101,2,2499.0,0.0,4998.0,2026-03-15 04:08:37,Processing,Credit Card
ORD-0004395,CUST-000426,P-PRD-108,1,750.0,0.0,750.0,2026-06-04 15:44:06,Processing,Cash on Delivery
ORD-0004396,CUST-000229,P-PRD-103,2,189.0,0.2,302.4,2026-03-17 12:45:18,Completed,UPI
ORD-0004397,CUST-000069,P-PRD-101,1,2499.0,0.2,1999.2,2026-04-17 16:48:03,Cancelled,UPI
ORD-0004398,CUST-000166,P-PRD-101,2,2499.0,0.05,4748.1,2026-05-31 22:24:43,Completed,Net Banking
ORD-0004399,CUST-000134,P-PRD-111,1,249.0,0.0,249.0,2026-04-11 13:59:10,Processing,Credit Card
ORD-0004400,CUST-000451,P-PRD-112,3,179.0,0.0,537.0,2026-04-24 18:18:28,Shipped,Wallet
ORD-0004401,CUST-000287,P-PRD-111,4,249.0,0.0,996.0,2026-06-29 06:11:29,Cancelled,UPI
ORD-0004402,CUST-000318,P-PRD-102,5,899.0,0.0,4495.0,2026-05-31 16:35:39,Shipped,Net Banking
ORD-0004403,CUST-000220,P-PRD-105,4,4500.0,0.0,18000.0,2026-07-28 01:41:08,Refunded,Wallet
ORD-0004404,CUST-000313,P-PRD-106,1,1200.0,0.0,1200.0,2026-03-08 22:55:01,Processing,Wallet
ORD-0004405,CUST-000433,P-PRD-102,1,899.0,0.0,899.0,2026-08-11 14:50:49,Cancelled,Debit Card
ORD-0004406,CUST-000133,P-PRD-104,5,299.0,0.0,1495.0,2026-02-22 02:55:58,Shipped,Credit Card
ORD-0004407,CUST-000248,P-PRD-111,2,249.0,0.0,498.0,2026-03-08 11:37:06,Shipped,UPI
ORD-0004408,CUST-000297,P-PRD-103,5,189.0,0.15,803.25,2026-07-18 22:10:08,Completed,Debit Card
ORD-0004409,CUST-000487,P-PRD-112,1,179.0,0.2,143.2,2026-05-17 11:09:29,Completed,Debit Card
ORD-0004410,CUST-000458,P-PRD-108,10,750.0,0.2,6000.0,2026-03-30 02:09:34,Completed,Credit Card
ORD-0004411,CUST-000175,P-PRD-108,2,750.0,0.1,1350.0,2026-05-19 14:27:32,Completed,UPI
ORD-0004412,CUST-000362,P-PRD-105,1,4500.0,0.1,4050.0,2026-05-26 17:48:20,Completed,Wallet
ORD-0004413,CUST-000372,P-PRD-101,4,2499.0,0.0,9996.0,2026-06-24 12:39:52,Pending,Net Banking
ORD-0004414,CUST-000024,P-PRD-112,5,179.0,0.0,895.0,2026-04-27 19:45:07,Pending,Cash on Delivery
ORD-0004415,CUST-000335,P-PRD-104,1,299.0,0.0,299.0,2026-06-10 12:36:24,Processing,Wallet
ORD-0004416,CUST-000309,P-PRD-108,0,750.0,0.1,0.0,2026-02-26 11:13:53,Completed,Net Banking
ORD-0004417,CUST-000140,P-PRD-107,1,199.0,0.0,199.0,2026-04-21 02:05:59,Shipped,Credit Card
ORD-0004418,CUST-000403,P-PRD-105,2,4500.0,0.0,9000.0,2026-08-07 10:51:45,Processing,UPI
ORD-0004419,CUST-000287,P-PRD-108,1,750.0,0.05,712.5,2026-05-27 01:45:58,Cancelled,Cash on Delivery
ORD-0004420,CUST-000096,P-PRD-102,4,899.0,0.15,3056.6,2026-06-24 04:02:55,Completed,Cash on Delivery
ORD-0004421,CUST-000500,P-PRD-106,3,1200.0,0.0,3600.0,2026-03-22 12:08:55,Pending,UPI
ORD-0004422,CUST-000372,P-PRD-108,1,750.0,0.0,750.0,2026-06-24 11:30:25,Processing,Debit Card
ORD-0004423,CUST-000129,P-PRD-102,2,899.0,0.05,1708.1,2026-06-27 10:12:16,Pending,Net Banking
ORD-0004424,CUST-000133,P-PRD-111,2,249.0,0.0,498.0,2026-03-31 22:03:08,Pending,Cash on Delivery
ORD-0004425,CUST-000447,P-PRD-110,3,3500.0,0.0,10500.0,2026-03-30 21:33:14,Processing,Wallet
ORD-0004426,CUST-000008,P-PRD-108,2,750.0,0.0,1500.0,2026-03-25 17:19:56,Processing,Cash on Delivery
ORD-0004427,CUST-000262,P-PRD-105,4,4500.0,0.0,18000.0,2026-06-15 10:40:20,Completed,UPI
ORD-0004428,CUST-000342,P-PRD-105,1,4500.0,0.2,3600.0,2026-08-04 06:55:06,Shipped,Credit Card
ORD-0004429,CUST-000214,P-PRD-109,2,550.0,0.0,1100.0,2026-03-11 20:40:56,Shipped,Cash on Delivery
ORD-0004430,CUST-000159,P-PRD-106,1,1200.0,0.0,1200.0,2026-08-08 09:28:34,Shipped,UPI
ORD-0004431,CUST-000370,P-PRD-107,1,199.0,0.1,179.1,2026-06-22 07:26:04,Completed,Wallet
ORD-0004432,CUST-000005,P-PRD-109,2,550.0,0.15,935.0,2026-08-01 22:10:23,Cancelled,Net Banking
ORD-0004433,CUST-000452,P-PRD-106,4,1200.0,0.0,4800.0,2026-05-22 19:20:45,Processing,Wallet
ORD-0004434,CUST-000266,P-PRD-108,2,750.0,0.0,1500.0,2026-06-27 10:50:33,Pending,Net Banking
ORD-0004435,,P-PRD-105,1,4500.0,0.0,4500.0,2026-03-10 13:15:31,Processing,Cash on Delivery
ORD-0004436,CUST-000305,P-PRD-109,1,550.0,0.05,522.5,2026-08-03 12:14:44,Shipped,Cash on Delivery
ORD-0004437,,P-PRD-107,3,199.0,0.0,597.0,2026-06-05 08:48:31,Pending,Wallet
ORD-0004438,CUST-000411,P-PRD-102,1,899.0,0.0,899.0,2026-03-13 12:53:37,Refunded,Debit Card
ORD-0004439,CUST-000422,P-PRD-104,1,299.0,0.0,299.0,2026-03-10 21:02:16,Completed,Wallet
ORD-0004440,CUST-000011,P-PRD-107,1,199.0,0.0,199.0,2026-05-12 05:34:51,Cancelled,Net Banking
ORD-0004441,CUST-000069,P-PRD-112,1,179.0,0.0,179.0,2026-05-29 20:53:12,Processing,Credit Card
ORD-0004442,CUST-000211,P-PRD-110,1,3500.0,0.0,3500.0,2026-06-15 12:08:23,Pending,UPI
ORD-0004443,CUST-000232,P-PRD-110,4,3500.0,0.0,14000.0,2026-06-27 09:42:01,Refunded,Credit Card
ORD-0004444,CUST-000169,P-PRD-106,5,1200.0,0.2,4800.0,2026-07-27 08:49:02,Pending,Cash on Delivery
ORD-0004445,CUST-000415,P-PRD-109,2,550.0,0.0,1100.0,2026-07-06 09:00:42,Refunded,UPI
ORD-0004446,CUST-000335,P-PRD-109,4,550.0,0.0,2200.0,2026-08-12 07:10:50,Completed,Cash on Delivery
ORD-0004447,CUST-000315,P-PRD-112,2,179.0,0.0,358.0,2026-06-08 21:46:52,Processing,Net Banking
ORD-0004448,CUST-000157,P-PRD-111,1,249.0,0.05,236.55,2026-04-03 14:38:18,Pending,Net Banking
ORD-0004449,CUST-000351,P-PRD-109,1,550.0,0.0,550.0,2026-05-21 21:20:41,Shipped,Wallet
ORD-0004450,CUST-000223,P-PRD-108,2,750.0,0.1,1350.0,2026-03-02 20:22:52,Completed,Debit Card
ORD-0004451,CUST-000478,P-PRD-108,3,750.0,0.05,2137.5,2026-03-05 15:40:00,Processing,Cash on Delivery
ORD-0004452,CUST-000444,P-PRD-103,3,189.0,0.0,567.0,2026-08-07 09:37:28,Pending,Credit Card
ORD-0004453,CUST-000064,P-PRD-106,2,1200.0,0.0,2400.0,2026-07-31 03:03:51,Processing,Cash on Delivery
ORD-0004454,CUST-000088,P-PRD-105,3,4500.0,0.05,12825.0,2026-06-04 23:44:45,Pending,Credit Card
ORD-0004455,CUST-000173,P-PRD-107,1,199.0,0.05,189.05,2026-04-20 14:59:32,Pending,Cash on Delivery
ORD-0004456,CUST-000268,P-PRD-103,1,189.0,0.05,179.55,2026-05-27 21:45:22,Processing,Debit Card
ORD-0004457,CUST-000047,P-PRD-105,1,4500.0,0.0,4500.0,2026-06-25 04:30:56,Processing,Wallet
ORD-0004458,CUST-000431,P-PRD-105,1,4500.0,0.0,4500.0,2026-03-30 19:19:09,Pending,UPI
ORD-0004459,CUST-000098,P-PRD-106,1,1200.0,0.0,1200.0,2026-02-22 14:56:31,Pending,Cash on Delivery
ORD-0004460,CUST-000484,P-PRD-103,2,189.0,0.1,340.2,2026-99-99 25:99:99,Cancelled,Net Banking
ORD-0004461,CUST-000139,P-PRD-101,1,2499.0,0.1,2249.1,2026-03-12 17:57:48,Cancelled,Credit Card
ORD-0004462,CUST-000050,P-PRD-111,2,249.0,0.0,498.0,2026-05-14 01:52:53,Pending,Net Banking
ORD-0004463,CUST-000330,P-PRD-104,1,299.0,0.0,299.0,2026-04-25 09:08:17,Shipped,Credit Card
ORD-0004464,CUST-000228,P-PRD-106,1,1200.0,0.0,1200.0,2026-05-12 04:22:26,Cancelled,Credit Card
ORD-0004465,CUST-000482,P-PRD-102,1,899.0,0.0,899.0,2026-06-07 20:56:17,Processing,Cash on Delivery
ORD-0004466,CUST-000112,P-PRD-110,2,3500.0,0.0,7000.0,2026-04-27 23:36:48,Shipped,Cash on Delivery
ORD-0004467,CUST-000072,P-PRD-102,1,899.0,0.15,764.15,2026-03-16 00:38:58,Processing,Debit Card
ORD-0004468,CUST-000292,P-PRD-101,1,2499.0,0.0,2499.0,2026-07-07 15:24:27,Refunded,UPI
ORD-0004469,CUST-000458,P-PRD-105,3,4500.0,0.0,13500.0,2026-04-15 13:39:27,Completed,Debit Card
ORD-0004470,CUST-000310,P-PRD-101,1,2499.0,0.15,2124.15,2026-08-14 14:57:06,Completed,Debit Card
ORD-0004471,CUST-000178,P-PRD-110,1,3500.0,0.05,3325.0,2026-05-22 04:33:31,Shipped,Cash on Delivery
ORD-0004472,CUST-000487,P-PRD-105,3,4500.0,0.0,13500.0,2026-03-13 08:25:52,Refunded,Debit Card
ORD-0004473,CUST-000018,P-PRD-112,1,179.0,0.05,170.05,2026-99-99 25:99:99,Cancelled,Credit Card
ORD-0004474,CUST-000429,P-PRD-105,1,4500.0,0.0,4500.0,2026-04-15 07:22:15,Processing,UPI
ORD-0004475,CUST-000423,P-PRD-103,2,189.0,0.0,378.0,2026-06-06 14:30:17,Completed,UPI
ORD-0004476,CUST-000354,P-PRD-112,1,179.0,0.0,179.0,2026-07-29 22:33:29,Pending,Net Banking
ORD-0004477,CUST-000257,P-PRD-104,1,299.0,0.0,299.0,2026-03-03 15:55:24,Cancelled,Net Banking
ORD-0004478,CUST-000164,P-PRD-111,1,249.0,0.0,249.0,2026-04-14 23:56:44,Cancelled,UPI
ORD-0004479,CUST-000008,P-PRD-101,2,2499.0,0.15,4248.3,2026-08-08 08:29:18,Pending,Cash on Delivery
ORD-0004480,CUST-000176,P-PRD-109,2,550.0,0.0,1100.0,2026-06-20 09:19:26,Processing,UPI
ORD-0004481,CUST-000283,P-PRD-107,1,199.0,0.0,199.0,2026-99-99 25:99:99,Shipped,Cash on Delivery
ORD-0004482,CUST-000141,P-PRD-107,2,199.0,0.0,398.0,2026-05-03 06:52:12,Processing,Cash on Delivery
ORD-0004483,CUST-000391,P-PRD-111,1,249.0,0.1,224.1,2026-05-01 19:27:23,Processing,UPI
ORD-0004484,CUST-000378,P-PRD-104,1,299.0,0.0,299.0,2026-06-25 00:30:56,Processing,Credit Card
ORD-0004485,CUST-000264,P-PRD-106,1,1200.0,0.05,1140.0,2026-06-26 07:30:05,Cancelled,Cash on Delivery
ORD-0004486,CUST-000361,P-PRD-110,1,3500.0,0.0,3500.0,2026-05-13 08:04:56,Completed,Credit Card
ORD-0004487,CUST-000328,P-PRD-104,2,299.0,0.0,598.0,2026-05-09 22:40:28,Pending,Wallet
ORD-0004488,CUST-000379,P-PRD-105,2,4500.0,0.05,8550.0,2026-03-12 17:24:16,Cancelled,Debit Card
ORD-0004489,CUST-000456,P-PRD-103,1,189.0,0.05,179.55,2026-05-16 05:56:41,Shipped,Wallet
ORD-0004490,CUST-000431,P-PRD-112,1,-179.0,0.05,-179.0,2026-04-18 10:44:03,Shipped,Net Banking
ORD-0004491,CUST-000146,P-PRD-103,4,-189.0,0.0,-756.0,2026-03-04 23:49:09,Cancelled,Net Banking
ORD-0004492,CUST-000113,P-PRD-108,1,750.0,0.0,750.0,2026-03-26 21:31:28,Completed,Wallet
ORD-0004493,CUST-000186,P-PRD-111,3,249.0,0.0,747.0,2026-08-09 00:00:44,Cancelled,Debit Card
ORD-0004494,CUST-000327,P-PRD-106,1,1200.0,0.05,1140.0,2026-08-10 04:12:53,Cancelled,Net Banking
ORD-0004495,CUST-000286,P-PRD-105,1,4500.0,0.1,4050.0,2026-08-11 16:37:22,Refunded,Wallet
ORD-0004496,CUST-000102,P-PRD-110,1,3500.0,0.0,3500.0,2026-07-06 00:49:18,Refunded,Cash on Delivery
ORD-0004497,CUST-000256,P-PRD-107,1,199.0,0.05,189.05,2026-03-03 09:02:45,Cancelled,Debit Card
ORD-0004498,CUST-000205,P-PRD-107,5,199.0,0.0,995.0,2026-05-09 13:32:59,Pending,Net Banking
ORD-0004499,CUST-000421,P-PRD-101,2,2499.0,0.0,4998.0,2026-05-09 00:44:48,Cancelled,Net Banking
ORD-0004500,CUST-000451,P-PRD-111,2,249.0,0.15,423.3,2026-02-23 12:21:42,Processing,UPI
ORD-0004501,CUST-000172,P-PRD-111,1,249.0,0.0,249.0,2026-04-07 06:48:50,Shipped,Wallet
ORD-0004502,CUST-000075,P-PRD-104,3,299.0,0.1,807.3,2026-05-13 09:23:46,Refunded,Debit Card
ORD-0004503,CUST-000324,P-PRD-105,2,4500.0,0.15,7650.0,2026-07-07 15:08:31,Refunded,Debit Card
ORD-0004504,CUST-000029,P-PRD-112,2,179.0,0.0,358.0,2026-04-09 01:51:39,Processing,Cash on Delivery
ORD-0004505,CUST-000451,P-PRD-107,1,199.0,0.0,199.0,2026-05-19 20:44:00,Processing,Wallet
ORD-0004506,CUST-000198,P-PRD-102,2,899.0,0.2,1438.4,2026-06-30 07:30:01,Pending,Wallet
ORD-0004507,CUST-000198,P-PRD-112,2,179.0,0.05,340.1,2026-06-19 15:31:06,Pending,UPI
ORD-0004508,CUST-000310,P-PRD-105,4,4500.0,0.1,16200.0,2026-08-12 16:45:14,Refunded,Wallet
ORD-0004509,CUST-000267,P-PRD-107,2,199.0,0.0,398.0,2026-03-13 01:26:43,Refunded,UPI
ORD-0004510,CUST-000437,P-PRD-109,5,550.0,0.0,2750.0,2026-08-05 01:39:21,Completed,Wallet
ORD-0004511,CUST-000015,P-PRD-102,1,899.0,0.05,854.05,2026-04-28 10:09:37,Shipped,Wallet
ORD-0004512,CUST-000070,P-PRD-111,3,249.0,0.15,634.95,2026-06-25 11:04:03,Cancelled,Debit Card
ORD-0004513,CUST-000313,P-PRD-109,3,550.0,0.0,1650.0,2026-08-09 22:49:52,Pending,Credit Card
ORD-0004514,CUST-000111,P-PRD-102,2,899.0,0.0,1798.0,2026-02-25 17:18:09,Refunded,Debit Card
ORD-0004515,CUST-000051,P-PRD-106,1,1200.0,0.0,1200.0,2026-04-09 01:54:43,Shipped,Cash on Delivery
ORD-0004516,CUST-000112,P-PRD-111,1,249.0,0.1,224.1,2026-07-20 13:13:59,Pending,Credit Card
ORD-0004517,CUST-000024,P-PRD-103,1,189.0,0.0,189.0,2026-06-08 10:42:22,Pending,Credit Card
ORD-0004518,CUST-000094,P-PRD-110,1,3500.0,0.0,3500.0,2026-04-21 20:38:39,Refunded,Net Banking
ORD-0004519,CUST-000164,P-PRD-107,4,199.0,0.05,756.2,2026-02-21 17:22:18,Refunded,Credit Card
ORD-0004520,CUST-000336,P-PRD-110,2,3500.0,0.1,6300.0,2026-03-11 09:56:31,Shipped,UPI
ORD-0004521,CUST-000454,P-PRD-104,3,299.0,0.0,897.0,2026-05-05 04:20:05,Cancelled,Debit Card
ORD-0004522,CUST-000112,P-PRD-109,4,550.0,0.0,2200.0,2026-05-24 19:44:08,Processing,UPI
ORD-0004523,CUST-000156,P-PRD-107,2,199.0,0.0,398.0,2026-07-28 19:13:14,Refunded,Cash on Delivery
ORD-0004258,CUST-000006,P-PRD-103,1,189.0,0.0,189.0,2026-04-06 18:17:44,Processing,Credit Card
ORD-0004525,CUST-000005,P-PRD-109,4,550.0,0.0,2200.0,2026-07-29 13:45:51,Refunded,Credit Card
ORD-0004526,CUST-000105,P-PRD-103,1,189.0,0.05,179.55,2026-02-21 17:59:53,Processing,Wallet
ORD-0004527,CUST-000110,P-PRD-103,1,189.0,0.0,189.0,2026-04-18 22:08:33,Refunded,Cash on Delivery
ORD-0004528,CUST-000096,P-PRD-112,1,179.0,0.0,179.0,2026-03-28 16:57:19,Completed,Debit Card
ORD-0004529,CUST-000058,P-PRD-102,1,899.0,0.0,899.0,2026-05-03 23:07:04,Cancelled,Cash on Delivery
ORD-0004530,CUST-000457,P-PRD-107,1,199.0,0.0,199.0,2026-03-12 07:41:01,Shipped,Wallet
ORD-0004531,CUST-000413,P-PRD-107,5,199.0,0.0,995.0,2026-07-06 08:04:03,Refunded,Debit Card
ORD-0004532,CUST-000004,P-PRD-103,1,189.0,0.0,189.0,2026-06-28 07:32:28,Processing,Debit Card
ORD-0004533,CUST-000120,P-PRD-101,1,2499.0,0.0,2499.0,2026-07-15 03:58:09,Completed,Net Banking
ORD-0004534,CUST-000478,P-PRD-106,1,1200.0,0.1,1080.0,2026-05-01 17:31:19,Processing,Debit Card
ORD-0004535,CUST-000268,P-PRD-105,3,4500.0,0.0,13500.0,2026-05-16 18:05:16,Shipped,UPI
ORD-0004536,CUST-000002,P-PRD-109,1,550.0,0.0,550.0,2026-07-09 03:41:25,Shipped,Net Banking
ORD-0000195,CUST-000120,P-PRD-108,2,750.0,0.0,1500.0,2026-07-25 11:00:21,Completed,Cash on Delivery
ORD-0004538,CUST-000334,P-PRD-108,1,750.0,0.05,712.5,2026-03-01 05:27:26,Cancelled,Debit Card
ORD-0004539,CUST-000369,P-PRD-101,1,2499.0,0.15,2124.15,2026-06-11 23:10:04,Shipped,Cash on Delivery
ORD-0004540,CUST-000227,P-PRD-104,4,299.0,0.0,1196.0,2026-04-07 13:38:53,Completed,Credit Card
ORD-0004541,CUST-000281,P-PRD-104,1,299.0,0.0,299.0,2026-03-13 22:49:39,Completed,Debit Card
ORD-0004542,CUST-000219,P-PRD-104,3,299.0,0.0,897.0,2026-03-09 15:35:12,Cancelled,Credit Card
ORD-0004543,CUST-000092,P-PRD-105,1,4500.0,0.0,4500.0,2026-03-07 10:09:57,Refunded,Cash on Delivery
ORD-0004544,CUST-000440,P-PRD-108,3,750.0,0.05,2137.5,2026-06-15 18:52:21,Refunded,Net Banking
ORD-0004545,CUST-000181,P-PRD-108,2,750.0,0.15,1275.0,2026-07-11 07:51:10,Pending,Cash on Delivery
ORD-0004546,CUST-000084,P-PRD-105,3,4500.0,0.0,13500.0,2026-08-07 15:05:05,Completed,UPI
ORD-0004547,CUST-000279,P-PRD-111,1,249.0,0.0,249.0,2026-08-06 12:03:52,Completed,Wallet
ORD-0004548,CUST-000064,P-PRD-102,10,899.0,0.15,7641.5,2026-04-30 05:17:40,Refunded,Net Banking
ORD-0004549,CUST-000356,P-PRD-107,1,199.0,0.0,199.0,2026-03-09 14:22:03,Processing,Debit Card
ORD-0004550,CUST-000205,P-PRD-112,1,179.0,0.0,179.0,2026-07-13 22:40:06,Completed,Net Banking
ORD-0004551,CUST-000170,P-PRD-102,4,899.0,0.0,3596.0,2026-06-17 18:32:54,Pending,Debit Card
ORD-0004552,CUST-000285,P-PRD-101,1,2499.0,0.2,1999.2,2026-04-18 04:12:16,Shipped,Wallet
ORD-0004553,CUST-000226,P-PRD-108,2,750.0,0.0,1500.0,2026-04-07 22:30:15,Completed,Wallet
ORD-0004554,CUST-000326,P-PRD-110,2,3500.0,0.0,7000.0,2026-04-28 12:10:15,Cancelled,Wallet
ORD-0004555,CUST-000121,P-PRD-106,2,1200.0,0.0,2400.0,2026-06-15 23:19:41,Cancelled,Wallet
ORD-0004556,CUST-000098,P-PRD-104,2,299.0,0.0,598.0,2026-06-19 15:55:00,Completed,Debit Card
ORD-0004557,CUST-000131,P-PRD-101,4,2499.0,0.05,9496.2,2026-07-16 11:24:09,Shipped,Cash on Delivery
ORD-0004558,CUST-000367,P-PRD-110,3,3500.0,0.0,10500.0,2026-05-28 03:30:26,Cancelled,UPI
ORD-0004559,CUST-000347,P-PRD-108,1,750.0,0.0,750.0,2026-05-11 07:23:34,Refunded,UPI
ORD-0004560,CUST-000123,P-PRD-110,1,3500.0,0.05,3325.0,2026-06-05 09:36:59,Shipped,Debit Card
ORD-0004561,CUST-000080,P-PRD-108,1,750.0,0.2,600.0,2026-04-17 01:37:55,Processing,Credit Card
ORD-0004562,CUST-000323,P-PRD-103,1,189.0,0.0,189.0,2026-06-07 00:10:00,Pending,UPI
ORD-0004563,CUST-000060,P-PRD-105,2,4500.0,0.0,9000.0,2026-05-25 07:35:29,Refunded,Debit Card
ORD-0004564,CUST-000353,P-PRD-106,1,1200.0,0.15,1020.0,2026-04-14 07:41:35,Pending,Wallet
ORD-0004565,CUST-000094,P-PRD-104,1,299.0,0.0,299.0,2026-05-02 03:08:03,Processing,UPI
ORD-0004566,CUST-000368,P-PRD-102,2,899.0,0.15,1528.3,2026-05-08 00:29:34,Processing,UPI
ORD-0004567,CUST-000044,P-PRD-102,1,899.0,0.0,899.0,2026-07-16 02:44:07,Processing,Wallet
ORD-0004568,CUST-000329,P-PRD-105,1,4500.0,0.1,4050.0,2026-07-30 13:15:57,Cancelled,Cash on Delivery
ORD-0004569,CUST-000440,P-PRD-111,3,249.0,0.0,747.0,2026-06-27 21:04:49,Processing,Credit Card
ORD-0004570,CUST-000057,P-PRD-102,5,899.0,0.0,4495.0,2026-06-24 16:27:02,Cancelled,Debit Card
ORD-0004571,CUST-000339,P-PRD-107,1,199.0,0.0,199.0,2026-06-27 09:11:10,Pending,UPI
ORD-0004572,CUST-000105,P-PRD-106,1,1200.0,0.15,1020.0,2026-07-27 12:19:22,Shipped,UPI
ORD-0004573,CUST-000292,P-PRD-102,1,899.0,0.1,809.1,2026-03-06 10:00:27,Processing,Credit Card
ORD-0004574,CUST-000485,P-PRD-111,1,249.0,0.0,249.0,2026-05-01 10:34:04,Cancelled,Debit Card
ORD-0004575,CUST-000461,P-PRD-104,1,299.0,0.2,239.2,2026-07-10 23:19:56,Processing,UPI
ORD-0004576,CUST-000040,P-PRD-101,2,2499.0,0.0,4998.0,2026-04-24 07:48:54,Processing,Debit Card
ORD-0004577,CUST-000274,P-PRD-111,2,-249.0,0.2,-498.0,2026-04-03 04:19:16,Pending,Cash on Delivery
ORD-0004578,CUST-000473,P-PRD-105,2,4500.0,0.0,9000.0,2026-06-06 14:34:52,Shipped,Credit Card
ORD-0004579,CUST-000194,P-PRD-110,2,3500.0,0.0,7000.0,2026-06-13 04:21:24,Cancelled,Credit Card
ORD-0004580,CUST-000076,P-PRD-102,2,899.0,0.0,1798.0,2026-08-17 15:58:57,Completed,Net Banking
ORD-0004581,CUST-000218,P-PRD-102,3,899.0,0.0,2697.0,2026-03-12 05:49:50,Cancelled,Credit Card
ORD-0004582,CUST-000463,P-PRD-103,1,189.0,0.0,189.0,2026-99-99 25:99:99,Shipped,Credit Card
ORD-0004583,CUST-000391,P-PRD-101,1,2499.0,0.2,1999.2,2026-04-02 13:24:03,Cancelled,Wallet
ORD-0004584,CUST-000494,P-PRD-109,5,550.0,0.05,2612.5,2026-03-18 23:22:25,Completed,Wallet
ORD-0004585,CUST-000041,P-PRD-105,2,4500.0,0.05,8550.0,2026-05-04 22:13:18,Processing,Credit Card
ORD-0004586,CUST-000317,P-PRD-107,3,199.0,0.05,567.15,2026-07-31 09:34:06,Cancelled,UPI
ORD-0004587,CUST-000478,P-PRD-101,2,2499.0,0.0,4998.0,2026-05-01 02:54:24,Pending,UPI
ORD-0004588,CUST-000329,P-PRD-108,1,750.0,0.0,750.0,2026-04-23 12:30:11,Shipped,Credit Card
ORD-0004589,CUST-000182,P-PRD-110,1,3500.0,0.0,3500.0,2026-05-12 14:53:44,Refunded,Wallet
ORD-0004590,CUST-000166,P-PRD-111,1,249.0,0.0,249.0,2026-06-24 15:15:13,Cancelled,Debit Card
ORD-0004591,CUST-000015,P-PRD-106,1,1200.0,0.0,1200.0,2026-06-19 14:57:46,Refunded,Wallet
ORD-0004592,CUST-000107,P-PRD-107,1,199.0,0.0,199.0,2026-05-09 15:52:12,Completed,Credit Card
ORD-0004593,CUST-000112,P-PRD-110,1,3500.0,0.05,3325.0,2026-03-17 04:36:34,Completed,UPI
ORD-0004594,CUST-000118,P-PRD-110,1,3500.0,0.0,3500.0,2026-06-09 18:00:47,Pending,Wallet
ORD-0004595,CUST-000283,P-PRD-111,1,249.0,0.05,236.55,2026-05-28 08:34:51,Refunded,Credit Card
ORD-0004596,CUST-000215,P-PRD-104,1,299.0,0.05,284.05,2026-05-29 17:42:36,Shipped,UPI
ORD-0004597,CUST-000410,P-PRD-103,1,189.0,0.0,189.0,2026-05-03 21:48:13,Shipped,Debit Card
ORD-0004598,CUST-000195,P-PRD-105,3,4500.0,0.0,13500.0,2026-03-17 12:15:11,Completed,Debit Card
ORD-0004599,CUST-000177,P-PRD-110,1,3500.0,0.0,3500.0,2026-07-24 16:08:31,Pending,UPI
ORD-0004600,CUST-000124,P-PRD-106,1,1200.0,0.0,1200.0,2026-04-22 10:13:22,Shipped,Cash on Delivery
ORD-0004601,CUST-000170,P-PRD-101,3,2499.0,0.05,7122.15,2026-06-05 06:17:12,Processing,Net Banking
ORD-0004602,CUST-000249,P-PRD-105,2,4500.0,0.05,8550.0,2026-05-19 22:43:14,Processing,Credit Card
ORD-0004603,CUST-000484,P-PRD-106,4,1200.0,0.05,4560.0,2026-05-04 08:21:15,Shipped,Wallet
ORD-0004604,CUST-000027,P-PRD-102,2,899.0,0.1,1618.2,2026-04-02 22:49:58,Shipped,Wallet
ORD-0004605,CUST-000466,P-PRD-103,2,189.0,0.0,378.0,2026-06-08 05:01:15,Pending,Debit Card
ORD-0004606,CUST-000204,P-PRD-108,1,750.0,0.15,637.5,2026-07-13 15:32:09,Completed,Debit Card
ORD-0004607,CUST-000115,P-PRD-111,2,249.0,0.0,498.0,2026-06-10 17:07:16,Completed,Wallet
ORD-0004608,CUST-000046,P-PRD-106,2,1200.0,0.0,2400.0,2026-03-23 03:23:12,Pending,Net Banking
ORD-0004609,CUST-000164,P-PRD-108,4,750.0,0.0,3000.0,2026-08-15 12:52:14,Processing,Credit Card
ORD-0004610,CUST-000104,P-PRD-111,4,249.0,0.15,846.6,2026-05-26 02:06:16,Processing,Debit Card
ORD-0004611,CUST-000214,P-PRD-102,1,899.0,0.05,854.05,2026-04-01 17:52:48,Processing,Credit Card
ORD-0004612,CUST-000073,P-PRD-101,1,2499.0,0.0,2499.0,2026-04-27 07:55:43,Completed,Credit Card
ORD-0004613,CUST-000256,P-PRD-109,1,550.0,0.0,550.0,2026-07-01 23:37:31,Refunded,Net Banking
ORD-0004614,CUST-000309,P-PRD-104,2,299.0,0.05,568.1,2026-03-01 03:31:54,Completed,Cash on Delivery
ORD-0004615,CUST-000034,P-PRD-108,1,750.0,0.15,637.5,2026-05-27 18:50:42,Pending,Debit Card
ORD-0004616,CUST-000379,P-PRD-111,1,249.0,0.0,249.0,2026-05-25 03:42:52,Processing,Credit Card
ORD-0004617,CUST-000155,P-PRD-104,1,299.0,0.1,269.1,2026-06-08 19:03:42,Refunded,Debit Card
ORD-0004618,CUST-000323,P-PRD-110,4,3500.0,0.0,14000.0,2026-06-19 13:14:01,Cancelled,Credit Card
ORD-0004619,CUST-000351,P-PRD-102,1,899.0,0.0,899.0,2026-06-05 10:45:54,Refunded,Cash on Delivery
ORD-0004620,CUST-000256,P-PRD-108,3,750.0,0.0,2250.0,2026-06-05 05:32:31,Shipped,Net Banking
ORD-0004621,CUST-000179,P-PRD-105,1,4500.0,0.15,3825.0,2026-04-13 02:11:49,Cancelled,Credit Card
ORD-0004622,CUST-000414,P-PRD-112,1,179.0,0.0,179.0,2026-03-18 21:00:55,Completed,Debit Card
ORD-0004623,CUST-000105,P-PRD-110,1,3500.0,0.0,3500.0,2026-03-03 12:39:08,Cancelled,Cash on Delivery
ORD-0004624,CUST-000099,P-PRD-112,1,179.0,0.05,170.05,2026-03-12 00:34:47,Processing,Cash on Delivery
ORD-0004625,CUST-000036,P-PRD-105,5,4500.0,0.0,22500.0,2026-05-15 18:07:30,Shipped,Credit Card
ORD-0004626,CUST-000129,P-PRD-101,1,2499.0,0.1,2249.1,2026-06-06 17:36:17,Shipped,Net Banking
ORD-0004627,CUST-000055,P-PRD-106,2,1200.0,0.0,2400.0,2026-05-06 04:13:05,Cancelled,Net Banking
ORD-0004628,CUST-000055,P-PRD-107,5,199.0,0.0,995.0,2026-04-22 02:22:16,Refunded,Debit Card
ORD-0004629,CUST-000451,P-PRD-110,1,3500.0,0.0,3500.0,2026-07-18 03:21:01,Completed,Net Banking
ORD-0004630,CUST-000424,P-PRD-108,4,750.0,0.0,3000.0,2026-08-07 18:18:37,Pending,Debit Card
ORD-0004631,CUST-000398,P-PRD-106,2,1200.0,0.0,2400.0,2026-06-16 21:09:11,Pending,UPI
ORD-0004632,CUST-000275,P-PRD-105,2,4500.0,0.1,8100.0,2026-07-22 20:10:08,Cancelled,Cash on Delivery
ORD-0004633,CUST-000369,P-PRD-110,5,3500.0,0.0,17500.0,2026-07-23 06:07:50,Completed,Net Banking
ORD-0004634,CUST-000171,P-PRD-110,2,3500.0,0.05,6650.0,2026-08-17 14:20:59,Processing,UPI
ORD-0004635,CUST-000202,P-PRD-111,10,249.0,0.2,1992.0,2026-06-09 02:14:30,Processing,Debit Card
ORD-0004636,CUST-000300,P-PRD-101,1,2499.0,0.0,2499.0,2026-05-23 23:16:21,Processing,Debit Card
ORD-0004637,CUST-000451,P-PRD-112,2,179.0,0.0,358.0,2026-05-23 05:06:40,Processing,Net Banking
ORD-0004638,CUST-000405,P-PRD-102,2,899.0,0.0,1798.0,2026-06-23 14:54:03,Refunded,UPI
ORD-0004639,CUST-000064,P-PRD-111,1,249.0,0.0,249.0,2026-03-02 15:31:04,Refunded,Debit Card
ORD-0004640,CUST-000074,P-PRD-111,5,249.0,0.15,1058.25,2026-03-23 11:25:11,Refunded,Credit Card
ORD-0004641,CUST-000354,P-PRD-105,2,4500.0,0.0,9000.0,2026-02-27 16:12:58,Shipped,Debit Card
ORD-0004642,CUST-000437,P-PRD-107,1,199.0,0.0,199.0,2026-06-03 20:38:47,Pending,Cash on Delivery
ORD-0004643,CUST-000384,P-PRD-108,2,750.0,0.0,1500.0,2026-08-12 20:17:04,Shipped,UPI
ORD-0004644,CUST-000166,P-PRD-103,1,189.0,0.0,189.0,2026-04-05 11:23:43,Refunded,Cash on Delivery
ORD-0004645,CUST-000447,P-PRD-103,3,189.0,0.1,510.3,2026-06-24 11:22:10,Processing,Credit Card
ORD-0004646,CUST-000349,P-PRD-101,1,2499.0,0.15,2124.15,2026-07-02 11:35:12,Completed,UPI
ORD-0004647,CUST-000240,P-PRD-102,2,899.0,0.0,1798.0,2026-06-05 08:14:54,Completed,Net Banking
ORD-0004648,CUST-000299,P-PRD-105,5,4500.0,0.0,22500.0,2026-06-06 01:47:20,Shipped,UPI
ORD-0004649,CUST-000008,P-PRD-106,2,1200.0,0.0,2400.0,2026-03-21 08:08:10,Completed,Credit Card
ORD-0004650,CUST-000301,P-PRD-106,1,1200.0,0.0,1200.0,2026-03-24 02:34:59,Processing,Credit Card
ORD-0004651,CUST-000192,P-PRD-107,2,199.0,0.0,398.0,2026-03-22 20:03:21,Pending,Cash on Delivery
ORD-0004652,CUST-000464,P-PRD-110,1,3500.0,0.05,3325.0,2026-05-09 13:24:19,Refunded,Net Banking
ORD-0004653,CUST-000284,P-PRD-105,2,4500.0,0.0,9000.0,2026-06-28 15:56:00,Cancelled,Net Banking
ORD-0004654,CUST-000044,P-PRD-110,1,3500.0,0.0,3500.0,2026-05-17 22:59:14,Shipped,Cash on Delivery
ORD-0004655,CUST-000363,P-PRD-104,1,299.0,0.15,254.15,2026-04-05 23:39:25,Processing,Wallet
ORD-0004656,CUST-000217,P-PRD-105,1,4500.0,0.0,4500.0,2026-03-20 21:58:18,Shipped,UPI
ORD-0004657,CUST-000471,P-PRD-112,3,179.0,0.0,537.0,2026-05-29 00:30:28,Completed,Wallet
ORD-0004658,CUST-000424,P-PRD-109,3,550.0,0.0,1650.0,2026-08-12 16:48:40,Completed,Wallet
ORD-0004659,CUST-000178,P-PRD-104,3,299.0,0.0,897.0,2026-03-28 23:24:53,Pending,Credit Card
ORD-0004660,CUST-000179,P-PRD-107,1,199.0,0.05,189.05,2026-05-20 10:56:24,Shipped,UPI
ORD-0004661,CUST-000376,P-PRD-105,1,4500.0,0.05,4275.0,2026-05-08 19:27:00,Completed,UPI
ORD-0004662,CUST-000431,P-PRD-112,1,179.0,0.1,161.1,2026-03-31 10:09:19,Pending,Credit Card
ORD-0004663,CUST-000066,P-PRD-105,3,4500.0,0.0,13500.0,2026-06-12 04:10:41,Refunded,Net Banking
ORD-0004664,CUST-000408,P-PRD-106,1,1200.0,0.05,1140.0,2026-05-17 08:07:49,Completed,Credit Card
ORD-0004665,CUST-000354,P-PRD-103,1,189.0,0.0,189.0,2026-07-06 17:12:29,Refunded,Net Banking
ORD-0004666,CUST-000345,P-PRD-112,2,179.0,0.0,358.0,2026-08-08 08:07:39,Pending,Cash on Delivery
ORD-0004667,CUST-000172,P-PRD-104,4,299.0,0.2,956.8,2026-03-06 20:50:13,Completed,Cash on Delivery
ORD-0004668,CUST-000258,P-PRD-102,1,899.0,0.1,809.1,2026-02-26 00:42:02,Refunded,Net Banking
ORD-0004669,CUST-000202,P-PRD-104,1,299.0,0.05,284.05,2026-07-26 04:08:44,Shipped,Debit Card
ORD-0004670,CUST-000333,P-PRD-104,1,299.0,0.2,239.2,2026-05-13 14:15:36,Cancelled,UPI
ORD-0004671,CUST-000099,P-PRD-104,5,299.0,0.0,1495.0,2026-03-02 23:23:15,Refunded,Cash on Delivery
ORD-0004672,CUST-000016,P-PRD-104,1,299.0,0.0,299.0,2026-07-31 00:17:39,Refunded,Cash on Delivery
ORD-0004673,CUST-000103,P-PRD-103,2,189.0,0.05,359.1,2026-03-23 09:24:24,Refunded,UPI
ORD-0004674,CUST-000427,P-PRD-102,2,899.0,0.0,1798.0,2026-04-22 19:04:21,Processing,Net Banking
ORD-0004675,CUST-000285,P-PRD-101,1,2499.0,0.0,2499.0,2026-08-17 07:34:44,Processing,Debit Card
ORD-0004676,CUST-000439,P-PRD-110,1,3500.0,0.0,3500.0,2026-03-09 11:18:37,Processing,Debit Card
ORD-0004677,CUST-000307,P-PRD-109,1,550.0,0.0,550.0,2026-04-02 17:13:57,Refunded,Credit Card
ORD-0004678,CUST-000142,P-PRD-110,1,3500.0,0.0,3500.0,2026-04-28 13:59:56,Completed,Debit Card
ORD-0004679,CUST-000044,P-PRD-107,3,199.0,0.0,597.0,2026-05-17 22:06:00,Cancelled,Debit Card
ORD-0004680,CUST-000361,P-PRD-107,1,199.0,0.0,199.0,2026-05-13 16:59:31,Processing,Cash on Delivery
ORD-0004681,CUST-000342,P-PRD-101,4,2499.0,0.2,7996.8,2026-07-13 04:11:22,Cancelled,UPI
ORD-0004682,CUST-000152,P-PRD-104,2,299.0,0.05,568.1,2026-04-25 04:43:58,Shipped,Net Banking
ORD-0004683,CUST-000210,P-PRD-107,1,199.0,0.15,169.15,2026-07-07 12:36:17,Shipped,UPI
ORD-0004684,CUST-000009,P-PRD-112,5,179.0,0.15,760.75,2026-07-17 20:22:45,Refunded,UPI
ORD-0004685,CUST-000370,P-PRD-107,2,199.0,0.0,398.0,2026-03-27 00:40:16,Cancelled,Cash on Delivery
ORD-0004686,CUST-000381,P-PRD-106,5,1200.0,0.1,5400.0,2026-04-08 07:03:18,Completed,Credit Card
ORD-0004687,CUST-000146,P-PRD-102,1,899.0,0.0,899.0,2026-06-05 07:01:38,Completed,Wallet
ORD-0004688,CUST-000344,P-PRD-104,1,299.0,0.05,284.05,2026-06-25 12:33:47,Completed,Net Banking
ORD-0004689,CUST-000343,P-PRD-103,1,189.0,0.1,170.1,2026-04-17 16:10:00,Refunded,Debit Card
ORD-0004690,CUST-000282,P-PRD-102,4,899.0,0.0,3596.0,2026-07-16 15:34:52,Shipped,Net Banking
ORD-0004691,CUST-000220,P-PRD-104,1,299.0,0.15,254.15,2026-04-11 16:38:22,Shipped,Debit Card
ORD-0004692,CUST-000129,P-PRD-109,1,550.0,0.15,467.5,2026-05-22 08:23:55,Shipped,Credit Card
ORD-0004693,CUST-000052,P-PRD-110,2,3500.0,0.0,7000.0,2026-06-02 04:57:22,Shipped,UPI
ORD-0004694,CUST-000435,P-PRD-104,2,299.0,0.0,598.0,2026-02-27 04:39:10,Processing,Net Banking
ORD-0004695,CUST-000104,P-PRD-110,1,3500.0,0.0,3500.0,2026-07-20 17:17:34,Cancelled,Cash on Delivery
ORD-0004696,CUST-000139,P-PRD-107,4,199.0,0.05,756.2,2026-06-25 01:51:55,Refunded,Cash on Delivery
ORD-0004697,CUST-000182,P-PRD-109,5,550.0,0.0,2750.0,2026-03-21 19:12:15,Pending,UPI
ORD-0004698,CUST-000049,P-PRD-103,5,189.0,0.1,850.5,2026-06-07 08:21:50,Pending,UPI
ORD-0004699,CUST-000254,P-PRD-109,4,550.0,0.05,2090.0,2026-07-13 05:01:18,Cancelled,Credit Card
ORD-0004700,CUST-000436,P-PRD-102,-1,899.0,0.0,-899.0,2026-05-10 15:14:19,Shipped,Cash on Delivery
ORD-0004701,CUST-000471,P-PRD-110,2,3500.0,0.2,5600.0,2026-02-27 09:29:56,Pending,Wallet
ORD-0004702,CUST-000164,P-PRD-105,1,4500.0,0.15,3825.0,2026-04-19 16:03:16,Processing,Cash on Delivery
ORD-0004703,CUST-000125,P-PRD-107,3,199.0,0.0,597.0,2026-07-15 16:15:07,Completed,Wallet
ORD-0004704,CUST-000054,P-PRD-104,1,299.0,0.0,299.0,2026-07-16 06:50:56,Shipped,Credit Card
ORD-0004705,CUST-000074,P-PRD-102,1,899.0,0.0,899.0,2026-05-04 21:40:11,Refunded,Wallet
ORD-0004706,CUST-ORPHAN-978795,P-PRD-112,1,179.0,0.05,170.05,2026-03-16 20:14:25,Cancelled,Cash on Delivery
ORD-0004707,CUST-000154,P-PRD-112,1,179.0,0.0,179.0,2026-08-07 14:06:38,Processing,Credit Card
ORD-0004708,CUST-000161,P-PRD-110,1,3500.0,0.05,3325.0,2026-07-18 18:24:40,Refunded,Cash on Delivery
ORD-0004709,CUST-000397,P-PRD-103,1,189.0,0.0,189.0,2026-06-13 08:20:00,Shipped,Net Banking
ORD-0004710,CUST-000019,P-PRD-111,1,249.0,0.0,249.0,2026-07-03 14:06:15,Processing,Credit Card
ORD-0004711,CUST-000401,P-PRD-105,1,4500.0,0.0,4500.0,2026-07-25 10:12:50,Cancelled,Debit Card
ORD-0004712,CUST-000147,P-PRD-105,2,4500.0,0.05,8550.0,2026-02-24 12:18:48,Completed,Wallet
ORD-0004713,CUST-000123,P-PRD-103,2,189.0,0.0,378.0,2026-04-12 16:09:28,Cancelled,Cash on Delivery
ORD-0004714,CUST-000362,P-PRD-101,1,2499.0,0.1,2249.1,2026-04-22 11:38:56,Pending,Credit Card
ORD-0004715,CUST-000179,P-PRD-105,2,4500.0,0.0,9000.0,2026-03-21 01:11:14,Pending,Credit Card
ORD-0004716,CUST-000241,P-PRD-109,1,550.0,0.0,550.0,2026-06-13 07:52:10,Shipped,Net Banking
ORD-0004717,CUST-000070,P-PRD-112,3,179.0,0.1,483.3,2026-07-12 13:12:35,Cancelled,Debit Card
ORD-0004718,,P-PRD-104,1,299.0,0.0,299.0,2026-06-12 04:43:25,Shipped,UPI
ORD-0004719,CUST-000122,P-PRD-111,3,249.0,0.0,747.0,2026-02-22 06:51:10,Shipped,Net Banking
ORD-0004720,CUST-000057,P-PRD-110,4,3500.0,0.0,14000.0,2026-07-21 10:16:41,Refunded,Debit Card
ORD-0004721,CUST-000175,P-PRD-108,1,750.0,0.15,637.5,2026-05-02 14:03:58,Shipped,Net Banking
ORD-0004722,CUST-000358,P-PRD-106,1,1200.0,0.05,1140.0,2026-05-10 01:25:15,Shipped,UPI
ORD-0004723,CUST-000182,P-PRD-108,2,750.0,0.2,1200.0,2026-05-06 11:57:18,Cancelled,Debit Card
ORD-0004724,CUST-000166,P-PRD-103,2,189.0,0.05,359.1,2026-07-23 13:57:58,Completed,Cash on Delivery
ORD-0004725,CUST-000267,P-PRD-106,4,1200.0,0.1,4320.0,2026-03-16 21:10:24,Processing,Cash on Delivery
ORD-0004726,CUST-000459,P-PRD-104,3,299.0,0.0,897.0,2026-05-17 19:48:09,Processing,Net Banking
ORD-0004727,CUST-000378,P-PRD-107,1,199.0,0.0,199.0,2026-05-23 19:16:57,Refunded,Net Banking
ORD-0004728,CUST-000435,P-PRD-109,1,550.0,0.05,522.5,2026-04-11 11:26:16,Refunded,Debit Card
ORD-0004729,CUST-000442,P-PRD-110,1,3500.0,0.0,3500.0,2026-08-16 19:17:30,Pending,Net Banking
ORD-0004730,CUST-000489,P-PRD-107,1,199.0,0.15,169.15,2026-05-06 05:36:58,Shipped,Debit Card
ORD-0004731,CUST-000439,P-PRD-104,3,299.0,0.0,897.0,2026-04-22 04:02:03,Cancelled,UPI
ORD-0004732,CUST-000395,P-PRD-106,1,1200.0,0.0,1200.0,2026-05-11 05:21:59,Refunded,Net Banking
ORD-0004733,CUST-000482,P-PRD-111,1,249.0,0.0,249.0,2026-07-07 17:21:46,Refunded,Debit Card
ORD-0004734,CUST-000494,P-PRD-105,10,4500.0,0.05,42750.0,2026-03-28 09:58:51,Completed,Net Banking
ORD-0004735,CUST-000269,P-PRD-112,2,179.0,0.1,322.2,2026-08-14 11:42:06,Refunded,Net Banking
ORD-0004736,CUST-ORPHAN-985387,P-PRD-112,1,179.0,0.0,179.0,2026-04-06 00:56:15,Refunded,Net Banking
ORD-0004737,CUST-000143,P-PRD-108,2,750.0,0.0,1500.0,2026-08-14 23:50:19,Shipped,Wallet
ORD-0004738,CUST-000446,P-PRD-104,4,299.0,0.1,1076.4,2026-03-29 23:35:58,Refunded,Wallet
ORD-0004739,CUST-000047,P-PRD-112,5,179.0,0.15,760.75,2026-08-17 01:12:14,Pending,Wallet
ORD-0004740,CUST-000001,P-PRD-107,1,199.0,0.0,199.0,2026-07-17 02:12:56,Refunded,Credit Card
ORD-0004741,CUST-000185,P-PRD-105,1,4500.0,0.0,4500.0,2026-07-07 15:24:12,Pending,UPI
ORD-0004742,CUST-000272,P-PRD-104,1,299.0,0.1,269.1,2026-03-04 01:32:36,Processing,Net Banking
ORD-0004743,CUST-000104,P-PRD-103,2,189.0,0.0,378.0,2026-04-08 04:58:15,Refunded,UPI
ORD-0004744,CUST-000005,P-PRD-105,5,4500.0,0.0,22500.0,2026-07-08 06:56:03,Processing,Net Banking
ORD-0004745,CUST-000426,P-PRD-109,2,550.0,0.0,1100.0,2026-03-25 20:27:04,Pending,Debit Card
ORD-0004746,CUST-000408,P-PRD-106,1,1200.0,0.0,1200.0,2026-07-07 07:56:04,Cancelled,UPI
ORD-0004747,CUST-000493,P-PRD-111,1,249.0,0.0,249.0,2026-03-03 12:09:38,Cancelled,Debit Card
ORD-0004748,CUST-000296,P-PRD-103,3,189.0,0.0,567.0,2026-04-05 12:02:40,Cancelled,Cash on Delivery
ORD-0004749,CUST-000203,P-PRD-108,4,750.0,0.05,2850.0,2026-05-30 00:42:34,Completed,Net Banking
ORD-0004750,CUST-000009,P-PRD-109,1,550.0,0.0,550.0,2026-06-18 22:49:45,Refunded,Net Banking
ORD-0004751,CUST-000078,P-PRD-109,3,550.0,0.0,1650.0,2026-99-99 25:99:99,Processing,Wallet
ORD-0004752,CUST-000402,P-PRD-111,1,249.0,0.0,249.0,2026-07-29 20:22:32,Shipped,Debit Card
ORD-0004753,CUST-000334,P-PRD-112,1,179.0,0.2,143.2,2026-02-27 01:24:57,Completed,Credit Card
ORD-0004754,CUST-000354,P-PRD-102,1,899.0,0.0,899.0,2026-05-26 08:47:57,Pending,Debit Card
ORD-0004755,CUST-000186,P-PRD-106,1,1200.0,0.0,1200.0,2026-02-19 12:30:32,Refunded,UPI
ORD-0004756,CUST-000469,P-PRD-107,1,199.0,0.15,169.15,2026-99-99 25:99:99,Completed,Cash on Delivery
ORD-0004757,CUST-000270,P-PRD-107,1,199.0,0.0,199.0,2026-06-04 18:40:51,Refunded,Cash on Delivery
ORD-0004758,CUST-000094,P-PRD-107,4,199.0,0.0,796.0,2026-07-19 17:43:41,Refunded,Credit Card
ORD-0004759,CUST-000314,P-PRD-111,1,249.0,0.0,249.0,2026-07-31 15:48:58,Completed,Cash on Delivery
ORD-0004760,CUST-000422,P-PRD-103,4,189.0,0.0,756.0,2026-02-25 08:14:56,Shipped,Cash on Delivery
ORD-0004761,CUST-000279,P-PRD-105,1,4500.0,0.0,4500.0,2026-04-15 22:27:29,Completed,Net Banking
ORD-0004762,CUST-000449,P-PRD-103,4,189.0,0.0,756.0,2026-04-14 12:11:46,Cancelled,Debit Card
ORD-0004763,CUST-000382,P-PRD-105,3,4500.0,0.0,13500.0,2026-03-09 19:33:05,Refunded,Credit Card
ORD-0004764,CUST-ORPHAN-983714,P-PRD-103,2,189.0,0.0,378.0,2026-04-03 01:58:02,Refunded,Cash on Delivery
ORD-0004765,CUST-000478,P-PRD-112,1,179.0,0.0,179.0,2026-06-11 20:31:14,Processing,Wallet
ORD-0004766,CUST-000478,P-PRD-104,2,299.0,0.1,538.2,2026-06-25 20:01:17,Processing,Net Banking
ORD-0004767,CUST-000163,P-PRD-106,1,1200.0,0.1,1080.0,2026-04-03 13:34:57,Cancelled,Cash on Delivery
ORD-0004768,CUST-000387,P-PRD-110,1,3500.0,0.0,3500.0,2026-04-06 11:34:14,Refunded,Wallet
ORD-0004769,CUST-000404,P-PRD-111,1,249.0,0.0,249.0,2026-08-12 05:59:03,Pending,Credit Card
ORD-0004770,CUST-000448,P-PRD-107,2,199.0,0.0,398.0,2026-03-31 08:16:20,Cancelled,Net Banking
ORD-0004771,CUST-000497,P-PRD-101,3,2499.0,0.1,6747.3,2026-06-21 01:23:16,Refunded,Debit Card
ORD-0004772,CUST-000472,P-PRD-110,1,3500.0,0.15,2975.0,2026-05-05 01:46:31,Completed,Debit Card
ORD-0004773,CUST-000353,P-PRD-103,1,189.0,0.05,179.55,2026-04-03 10:47:42,Processing,Wallet
ORD-0004774,CUST-000078,P-PRD-104,2,299.0,0.0,598.0,2026-05-02 03:51:12,Completed,Cash on Delivery
ORD-0004775,CUST-000247,P-PRD-111,1,249.0,0.0,249.0,2026-07-21 14:21:06,Cancelled,UPI
ORD-0004776,CUST-000376,P-PRD-109,3,550.0,0.05,1567.5,2026-02-23 00:02:40,Pending,Credit Card
ORD-0004777,CUST-000328,P-PRD-105,3,4500.0,0.0,13500.0,2026-06-04 16:56:55,Pending,Debit Card
ORD-0004778,CUST-000024,P-PRD-109,1,550.0,0.0,550.0,2026-03-05 03:00:17,Refunded,Wallet
ORD-0004779,CUST-000339,P-PRD-102,1,899.0,0.0,899.0,2026-05-09 21:22:51,Cancelled,Debit Card
ORD-0004780,CUST-000239,P-PRD-108,1,750.0,0.0,750.0,2026-03-04 10:41:03,Processing,UPI
ORD-0004781,CUST-000294,P-PRD-112,1,179.0,0.0,179.0,2026-03-09 10:15:38,Completed,Net Banking
ORD-0004782,CUST-000439,P-PRD-112,1,179.0,0.0,179.0,2026-04-25 06:04:09,Shipped,Wallet
ORD-0004783,CUST-000259,P-PRD-112,1,179.0,0.15,152.15,2026-05-31 05:05:11,Refunded,Net Banking
ORD-0004784,CUST-000246,P-PRD-105,3,4500.0,0.0,13500.0,2026-06-02 06:48:55,Completed,Net Banking
ORD-0004785,CUST-000202,P-PRD-107,2,-199.0,0.1,-398.0,2026-06-19 02:40:29,Completed,Debit Card
ORD-0004786,CUST-000279,P-PRD-101,1,2499.0,0.0,2499.0,2026-04-13 11:19:52,Refunded,Debit Card
ORD-0004787,CUST-000441,P-PRD-103,3,189.0,0.05,538.65,2026-07-18 15:50:55,Processing,Credit Card
ORD-0004788,CUST-000298,P-PRD-104,3,299.0,0.0,897.0,2026-02-22 22:03:57,Shipped,Wallet
ORD-0004789,CUST-000169,P-PRD-108,5,750.0,0.0,3750.0,2026-08-14 08:45:50,Shipped,Wallet
ORD-0004790,CUST-000287,P-PRD-101,1,2499.0,0.05,2374.05,2026-06-08 00:14:05,Shipped,Net Banking
ORD-0004791,CUST-000236,P-PRD-106,1,1200.0,0.1,1080.0,2026-07-09 19:31:45,Pending,UPI
ORD-0004792,CUST-ORPHAN-931500,P-PRD-105,1,4500.0,0.1,4050.0,2026-06-30 01:27:47,Cancelled,Debit Card
ORD-0004793,CUST-000307,P-PRD-106,1,1200.0,0.05,1140.0,2026-05-30 18:36:30,Cancelled,Cash on Delivery
ORD-0004794,CUST-000178,P-PRD-104,1,299.0,0.1,269.1,2026-06-18 01:42:25,Processing,Cash on Delivery
ORD-0004795,CUST-000048,P-PRD-102,1,899.0,0.1,809.1,2026-06-24 04:10:37,Shipped,UPI
ORD-0004796,CUST-000251,P-PRD-104,2,299.0,0.05,568.1,2026-06-16 18:25:57,Processing,Wallet
ORD-0004797,CUST-000021,P-PRD-110,5,3500.0,0.0,17500.0,2026-03-08 15:02:52,Processing,UPI
ORD-0004798,CUST-000200,P-PRD-106,2,1200.0,0.15,2040.0,2026-04-19 15:16:57,Shipped,Credit Card
ORD-0004799,CUST-000017,P-PRD-111,1,249.0,0.05,236.55,2026-02-24 05:34:49,Shipped,Debit Card
ORD-0004800,CUST-000206,P-PRD-109,4,-550.0,0.05,-2200.0,2026-03-14 18:57:04,Cancelled,Cash on Delivery
ORD-0004801,CUST-000362,P-PRD-111,1,249.0,0.15,211.65,2026-06-08 15:50:22,Refunded,UPI
ORD-0004802,CUST-000017,P-PRD-108,3,750.0,0.15,1912.5,2026-03-17 11:23:46,Refunded,Wallet
ORD-0004803,CUST-000233,P-PRD-102,2,899.0,0.0,1798.0,2026-07-16 14:30:11,Completed,Net Banking
ORD-0004804,CUST-000237,P-PRD-103,1,189.0,0.0,189.0,2026-03-07 21:24:36,Completed,UPI
ORD-0004805,CUST-000170,P-PRD-108,10,750.0,0.15,6375.0,2026-06-06 09:26:40,Completed,Debit Card
ORD-0004806,CUST-000416,P-PRD-108,2,750.0,0.0,1500.0,2026-03-08 13:13:48,Pending,Wallet
ORD-0004807,CUST-000086,P-PRD-108,3,750.0,0.05,2137.5,2026-07-05 11:36:57,Processing,Cash on Delivery
ORD-0004808,CUST-000296,P-PRD-111,2,249.0,0.05,473.1,2026-06-01 18:01:41,Refunded,Wallet
ORD-0004809,CUST-000370,P-PRD-112,1,179.0,0.2,143.2,2026-05-15 06:28:58,Pending,Net Banking
ORD-0004810,CUST-000032,P-PRD-112,3,179.0,0.0,537.0,2026-06-05 00:29:10,Completed,Wallet
ORD-0004811,CUST-000290,P-PRD-107,5,199.0,0.0,995.0,2026-03-22 08:55:59,Cancelled,UPI
ORD-0004812,CUST-000364,P-PRD-102,1,899.0,0.0,899.0,2026-02-19 19:14:23,Refunded,Cash on Delivery
ORD-0004813,CUST-000403,P-PRD-108,1,750.0,0.0,750.0,2026-04-20 21:34:02,Completed,Cash on Delivery
ORD-0004814,CUST-000499,P-PRD-101,1,2499.0,0.2,1999.2,2026-06-22 22:52:24,Cancelled,Net Banking
ORD-0004815,CUST-000083,P-PRD-103,2,189.0,0.0,378.0,2026-05-14 04:12:39,Pending,Net Banking
ORD-0004816,CUST-000382,P-PRD-105,1,4500.0,0.0,4500.0,2026-06-23 14:02:57,Refunded,Wallet
ORD-0004817,CUST-000444,P-PRD-106,1,1200.0,0.1,1080.0,2026-07-21 10:34:48,Refunded,Debit Card
ORD-0004818,CUST-000209,P-PRD-111,3,249.0,0.0,747.0,2026-04-30 09:18:09,Refunded,UPI
ORD-0004819,CUST-000429,P-PRD-108,3,750.0,0.05,2137.5,2026-08-08 01:56:57,Refunded,Net Banking
ORD-0004820,CUST-000468,P-PRD-101,3,2499.0,0.0,7497.0,2026-07-18 22:17:22,Processing,Cash on Delivery
ORD-0004821,CUST-000029,P-PRD-107,2,199.0,0.0,398.0,2026-03-21 13:24:46,Processing,Debit Card
ORD-0004822,CUST-000002,P-PRD-111,1,249.0,0.0,249.0,2026-04-16 17:49:00,Processing,Credit Card
ORD-0004823,CUST-000081,P-PRD-106,1,1200.0,0.1,1080.0,2026-03-02 03:46:27,Completed,Debit Card
ORD-0004824,CUST-000210,P-PRD-111,1,249.0,0.0,249.0,2026-05-19 22:27:50,Shipped,Credit Card
ORD-0004825,CUST-000080,P-PRD-108,2,750.0,0.05,1425.0,2026-08-14 10:09:11,Completed,Net Banking
ORD-0004826,CUST-000381,P-PRD-106,1,1200.0,0.15,1020.0,2026-05-04 23:35:05,Refunded,Net Banking
ORD-0004827,CUST-000370,P-PRD-110,4,3500.0,0.05,13300.0,2026-04-13 11:43:08,Cancelled,Cash on Delivery
ORD-0004828,CUST-000467,P-PRD-112,1,179.0,0.0,179.0,2026-04-02 09:02:58,Completed,Debit Card
ORD-0004829,CUST-000160,P-PRD-104,5,299.0,0.0,1495.0,2026-04-19 14:00:23,Completed,UPI
ORD-0004830,CUST-000216,P-PRD-105,4,4500.0,0.0,18000.0,2026-06-05 19:03:37,Processing,Net Banking
ORD-0004831,CUST-000458,P-PRD-109,1,-550.0,0.05,-550.0,2026-08-12 00:31:16,Shipped,Wallet
ORD-0004832,CUST-000164,P-PRD-112,3,179.0,0.0,537.0,2026-08-06 23:48:55,Shipped,Credit Card
ORD-0004833,CUST-000016,P-PRD-112,2,179.0,0.2,286.4,2026-04-16 20:29:43,Pending,Debit Card
ORD-0004834,CUST-000345,P-PRD-101,3,2499.0,0.05,7122.15,2026-05-28 09:04:23,Shipped,Net Banking
ORD-0004835,CUST-000147,P-PRD-111,1,249.0,0.0,249.0,2026-07-30 23:35:46,Processing,Debit Card
ORD-0004836,CUST-000334,P-PRD-102,2,899.0,0.0,1798.0,2026-07-13 03:11:33,Pending,UPI
ORD-0004837,CUST-000086,P-PRD-109,2,550.0,0.15,935.0,2026-06-18 13:07:05,Refunded,Credit Card
ORD-0004838,CUST-000457,P-PRD-102,1,899.0,0.2,719.2,2026-02-27 05:12:33,Shipped,Debit Card
ORD-0004839,CUST-000115,P-PRD-107,3,199.0,0.0,597.0,2026-07-11 16:52:53,Cancelled,Net Banking
ORD-0004840,CUST-000171,P-PRD-106,1,1200.0,0.0,1200.0,2026-03-20 18:11:10,Shipped,Credit Card
ORD-0004841,CUST-000179,P-PRD-111,1,249.0,0.0,249.0,2026-05-22 22:47:00,UNKNOWN_ERROR_STATUS,UPI
ORD-0004842,CUST-000273,P-PRD-108,4,750.0,0.0,3000.0,2026-03-13 21:42:03,Pending,UPI
ORD-0004843,CUST-000301,P-PRD-110,3,3500.0,0.2,8400.0,2026-07-08 14:32:40,Shipped,Cash on Delivery
ORD-0004844,CUST-000480,P-PRD-106,2,1200.0,0.0,2400.0,2026-06-01 02:03:46,UNKNOWN_ERROR_STATUS,Net Banking
ORD-0004845,CUST-000332,P-PRD-103,1,189.0,0.0,189.0,2026-05-22 20:16:10,Shipped,Wallet
ORD-0004846,CUST-000229,P-PRD-112,5,179.0,0.0,895.0,2026-07-18 00:23:49,Shipped,Wallet
ORD-0004847,CUST-000172,P-PRD-104,1,299.0,0.2,239.2,2026-06-15 00:17:33,Processing,UPI
ORD-0004848,CUST-000172,P-PRD-109,2,550.0,0.05,1045.0,2026-07-28 11:01:10,Shipped,Cash on Delivery
ORD-0004849,CUST-000102,P-PRD-105,1,4500.0,0.0,4500.0,2026-04-30 06:48:11,Completed,UPI
ORD-0004850,CUST-000359,P-PRD-107,3,199.0,0.0,597.0,2026-03-26 21:43:48,Refunded,UPI
ORD-0004851,CUST-000398,P-PRD-108,1,750.0,0.05,712.5,2026-03-14 17:10:32,Completed,UPI
ORD-0004852,CUST-000056,P-PRD-103,2,189.0,0.0,378.0,2026-99-99 25:99:99,Cancelled,UPI
ORD-0004853,CUST-000127,P-PRD-108,3,750.0,0.15,1912.5,2026-07-10 16:40:35,Refunded,Cash on Delivery
ORD-0004854,CUST-000416,P-PRD-103,4,189.0,0.0,756.0,2026-06-23 14:59:12,Pending,Credit Card
ORD-0004855,CUST-000267,P-PRD-101,1,2499.0,0.0,2499.0,2026-07-20 15:13:31,Completed,UPI
ORD-0004856,CUST-000467,P-PRD-109,1,550.0,0.0,550.0,2026-02-23 00:05:59,Pending,UPI
ORD-0004857,CUST-000013,P-PRD-106,10,1200.0,0.0,12000.0,2026-03-18 18:50:36,Processing,Net Banking
ORD-0004858,,P-PRD-104,1,299.0,0.05,284.05,2026-08-06 08:49:14,Cancelled,Wallet
ORD-0004859,CUST-000494,P-PRD-102,3,899.0,0.2,2157.6,2026-03-15 08:02:57,Refunded,Net Banking
ORD-0004860,CUST-000215,P-PRD-101,4,2499.0,0.2,7996.8,2026-03-09 22:56:27,Processing,Net Banking
ORD-0004861,CUST-000426,P-PRD-107,3,199.0,0.0,597.0,2026-03-19 22:30:49,Refunded,Cash on Delivery
ORD-0004862,CUST-000178,P-PRD-110,2,3500.0,0.0,7000.0,2026-03-30 18:57:55,Shipped,UPI
ORD-0004863,CUST-000423,P-PRD-109,3,550.0,0.0,1650.0,2026-08-14 04:46:34,Cancelled,Credit Card
ORD-0004864,CUST-000200,P-PRD-101,3,2499.0,0.0,7497.0,2026-04-22 01:14:48,Completed,Cash on Delivery
ORD-0004865,CUST-000383,P-PRD-107,1,199.0,0.2,159.2,2026-05-20 11:07:33,Refunded,Credit Card
ORD-0004866,CUST-ORPHAN-907515,P-PRD-106,1,1200.0,0.1,1080.0,2026-06-30 16:05:16,Completed,Debit Card
ORD-0004867,CUST-000156,P-PRD-104,4,299.0,0.0,1196.0,2026-05-31 03:40:18,Refunded,Credit Card
ORD-0004868,CUST-000181,P-PRD-101,2,2499.0,0.0,4998.0,2026-08-18 13:36:20,Processing,Debit Card
ORD-0004869,CUST-000067,P-PRD-103,3,189.0,0.0,567.0,2026-03-28 02:57:44,Refunded,Wallet
ORD-0004870,CUST-000198,P-PRD-105,1,4500.0,0.0,4500.0,2026-03-16 01:00:33,Refunded,Wallet
ORD-0004871,CUST-ORPHAN-966060,P-PRD-106,1,1200.0,0.0,1200.0,2026-05-30 21:24:17,Cancelled,Cash on Delivery
ORD-0004872,CUST-000103,P-PRD-110,1,3500.0,0.15,2975.0,2026-02-28 11:57:01,Pending,UPI
ORD-0004873,CUST-000419,P-PRD-105,3,4500.0,0.05,12825.0,2026-06-20 11:50:12,Cancelled,UPI
ORD-0004874,CUST-000477,P-PRD-109,1,550.0,0.0,550.0,2026-06-09 15:22:00,Shipped,UPI
ORD-0004875,CUST-000101,P-PRD-103,1,189.0,0.15,160.65,2026-06-04 22:15:37,Shipped,Net Banking
ORD-0004876,CUST-000072,P-PRD-104,1,299.0,0.0,299.0,2026-04-04 10:12:01,Processing,Debit Card
ORD-0004877,CUST-000063,P-PRD-109,1,550.0,0.05,522.5,2026-08-18 05:37:35,Processing,Cash on Delivery
ORD-0004878,CUST-000429,P-PRD-109,0,550.0,0.1,0.0,2026-02-26 22:56:58,Pending,Wallet
ORD-0004879,CUST-000255,P-PRD-102,2,899.0,0.0,1798.0,2026-03-24 13:37:24,Processing,UPI
ORD-0004880,CUST-000010,P-PRD-103,2,189.0,0.05,359.1,2026-07-15 03:30:37,Processing,Net Banking
ORD-0004881,CUST-000187,P-PRD-111,1,249.0,0.0,249.0,2026-08-02 03:21:01,Refunded,Debit Card
ORD-0004882,CUST-000016,P-PRD-112,1,179.0,0.15,152.15,2026-08-16 21:35:29,Cancelled,Net Banking
ORD-0004883,CUST-000385,P-PRD-107,5,199.0,0.1,895.5,2026-07-31 18:54:21,Shipped,Net Banking
ORD-0004884,CUST-000493,P-PRD-112,1,179.0,0.0,179.0,2026-07-30 22:01:48,Completed,Cash on Delivery
ORD-0004885,CUST-000041,P-PRD-111,4,249.0,0.0,996.0,2026-07-10 01:28:43,Cancelled,UPI
ORD-0004886,CUST-000240,P-PRD-109,1,550.0,0.0,550.0,2026-03-12 16:28:38,Cancelled,Net Banking
ORD-0004887,CUST-000244,P-PRD-110,3,3500.0,0.05,9975.0,2026-04-08 03:22:24,Pending,Debit Card
ORD-0004888,CUST-000303,P-PRD-104,4,299.0,0.0,1196.0,2026-04-26 21:45:12,Processing,Net Banking
ORD-0004889,CUST-000396,P-PRD-103,1,189.0,0.0,189.0,2026-06-13 05:25:59,Completed,Debit Card
ORD-0004890,CUST-000338,P-PRD-109,2,550.0,0.0,1100.0,2026-03-13 20:43:17,Processing,Wallet
ORD-0004891,CUST-000018,P-PRD-104,2,299.0,0.0,598.0,2026-04-18 14:17:37,Shipped,Cash on Delivery
ORD-0004892,CUST-000251,P-PRD-109,3,550.0,0.15,1402.5,2026-04-04 17:39:48,Refunded,Cash on Delivery
ORD-0004893,CUST-000170,P-PRD-112,2,179.0,0.15,304.3,2026-07-12 02:03:56,Processing,Cash on Delivery
ORD-0004894,CUST-000305,P-PRD-105,1,4500.0,0.0,4500.0,2026-05-28 14:04:03,Refunded,Cash on Delivery
ORD-0004895,CUST-000350,P-PRD-110,1,3500.0,0.0,3500.0,2026-03-24 16:34:45,Refunded,Credit Card
ORD-0004896,CUST-000480,P-PRD-106,1,1200.0,0.0,1200.0,2026-06-06 16:35:10,Shipped,Wallet
ORD-0004897,CUST-000211,P-PRD-112,5,179.0,0.05,850.25,2026-07-02 19:34:21,Cancelled,Wallet
ORD-0004898,CUST-000223,P-PRD-104,2,299.0,0.05,568.1,2026-03-11 01:16:24,Cancelled,UPI
ORD-0004899,CUST-000149,P-PRD-111,1,249.0,0.1,224.1,2026-03-24 19:26:28,Completed,Cash on Delivery
ORD-0004900,CUST-000385,P-PRD-108,1,750.0,0.2,600.0,2026-05-15 16:02:19,Completed,Credit Card
ORD-0004901,CUST-000236,P-PRD-104,1,299.0,0.0,299.0,2026-03-26 07:41:19,Refunded,Debit Card
ORD-0004902,CUST-000402,P-PRD-110,1,3500.0,0.1,3150.0,2026-05-04 13:34:33,Cancelled,Net Banking
ORD-0004903,CUST-000292,P-PRD-102,2,-899.0,0.0,-1798.0,2026-07-29 22:41:01,Pending,Credit Card
ORD-0004904,CUST-000012,P-PRD-101,1,2499.0,0.0,2499.0,2026-06-28 07:56:07,Refunded,Net Banking
ORD-0004905,CUST-000203,P-PRD-103,1,189.0,0.0,189.0,2026-05-12 14:25:46,Processing,Credit Card
ORD-0004906,CUST-000299,P-PRD-101,2,2499.0,0.0,4998.0,2026-03-16 16:06:54,Refunded,Cash on Delivery
ORD-0004907,CUST-000008,P-PRD-111,2,249.0,0.0,498.0,2026-04-27 16:04:03,Processing,Wallet
ORD-0004908,CUST-000462,P-PRD-103,1,189.0,0.05,179.55,2026-06-22 16:25:47,Processing,Cash on Delivery
ORD-0004909,CUST-000492,P-PRD-107,1,199.0,0.05,189.05,2026-03-23 15:37:50,Processing,Wallet
ORD-0004910,CUST-000023,P-PRD-106,1,1200.0,0.0,1200.0,2026-06-16 22:44:29,Refunded,UPI
ORD-0004911,CUST-000335,P-PRD-104,3,299.0,0.0,897.0,2026-04-20 05:00:48,Pending,Net Banking
ORD-0004912,CUST-000346,P-PRD-108,2,750.0,0.0,1500.0,2026-04-14 02:12:54,Refunded,Debit Card
ORD-0004913,CUST-000428,P-PRD-106,0,1200.0,0.0,0.0,2026-03-03 00:37:03,Refunded,Credit Card
ORD-0004914,CUST-000307,P-PRD-102,1,899.0,0.0,899.0,2026-06-20 19:49:08,Refunded,Cash on Delivery
ORD-0004915,CUST-000446,P-PRD-109,1,550.0,0.1,495.0,2026-03-12 14:04:28,Cancelled,Credit Card
ORD-0004916,CUST-000136,P-PRD-107,1,199.0,0.05,189.05,2026-06-04 15:05:15,Shipped,Cash on Delivery
ORD-0004917,CUST-000078,P-PRD-112,1,179.0,0.0,179.0,2026-04-03 03:38:24,Pending,UPI
ORD-0004918,CUST-000257,P-PRD-111,3,249.0,0.1,672.3,2026-03-03 01:01:32,Pending,UPI
ORD-0004919,CUST-000199,P-PRD-110,1,3500.0,0.0,3500.0,2026-05-22 04:57:15,Cancelled,Net Banking
ORD-0004920,CUST-000457,P-PRD-107,1,199.0,0.0,199.0,2026-02-21 10:21:56,Cancelled,Credit Card
ORD-0004921,CUST-000339,P-PRD-108,1,750.0,0.05,712.5,2026-08-05 14:45:54,Processing,Net Banking
ORD-0004922,CUST-000138,P-PRD-112,1,179.0,0.05,170.05,2026-03-08 23:45:56,Refunded,Net Banking
ORD-0004923,CUST-000313,P-PRD-112,2,179.0,0.05,340.1,2026-08-06 07:49:44,Refunded,Debit Card
ORD-0004924,CUST-000294,P-PRD-107,1,199.0,0.2,159.2,2026-06-11 05:14:20,Shipped,Cash on Delivery
ORD-0004925,CUST-000115,P-PRD-110,3,3500.0,0.0,10500.0,2026-05-10 19:24:16,Refunded,Wallet
ORD-0004926,CUST-000202,P-PRD-107,1,199.0,0.0,199.0,2026-08-04 07:25:40,Pending,Net Banking
ORD-0004927,CUST-000475,P-PRD-102,3,899.0,0.0,2697.0,2026-08-10 19:53:57,Shipped,UPI
ORD-0004928,CUST-000262,P-PRD-108,4,750.0,0.2,2400.0,2026-08-02 19:06:26,Processing,Wallet
ORD-0004929,CUST-000105,P-PRD-112,2,179.0,0.1,322.2,2026-04-10 10:26:01,Refunded,Cash on Delivery
ORD-0004930,CUST-000324,P-PRD-104,2,299.0,0.0,598.0,2026-03-31 10:39:48,Refunded,Debit Card
ORD-0004931,CUST-000305,P-PRD-106,2,1200.0,0.0,2400.0,2026-06-11 09:51:55,Shipped,Cash on Delivery
ORD-0004932,CUST-000185,P-PRD-105,2,4500.0,0.0,9000.0,2026-02-28 10:21:10,Completed,Debit Card
ORD-0004933,CUST-000473,P-PRD-110,1,3500.0,0.1,3150.0,2026-03-15 04:56:40,Processing,Cash on Delivery
ORD-0004934,CUST-000422,P-PRD-108,1,750.0,0.05,712.5,2026-07-15 02:05:28,Pending,Cash on Delivery
ORD-0004935,CUST-000109,P-PRD-103,1,189.0,0.0,189.0,2026-06-19 02:37:13,Shipped,Credit Card
ORD-0004936,CUST-000128,P-PRD-107,3,199.0,0.1,537.3,2026-05-02 19:50:43,Processing,Net Banking
ORD-0004937,CUST-000355,P-PRD-103,2,189.0,0.2,302.4,2026-07-03 02:46:09,Pending,Cash on Delivery
ORD-0004938,CUST-000192,P-PRD-102,2,899.0,0.0,1798.0,2026-06-03 20:10:53,Shipped,Net Banking
ORD-0004939,CUST-000466,P-PRD-106,1,1200.0,0.05,1140.0,2026-03-30 01:06:06,Refunded,UPI
ORD-0004940,,P-PRD-112,2,179.0,0.0,358.0,2026-08-08 18:01:41,Shipped,Debit Card
ORD-0004941,CUST-000395,P-PRD-103,2,189.0,0.1,340.2,2026-04-05 15:14:14,Pending,Debit Card
ORD-0004942,CUST-000074,P-PRD-109,3,550.0,0.0,1650.0,2026-06-25 20:52:10,Processing,Cash on Delivery
ORD-0004943,CUST-000180,P-PRD-110,2,3500.0,0.0,7000.0,2026-03-31 08:02:06,Cancelled,Cash on Delivery
ORD-0004944,CUST-000379,P-PRD-108,1,750.0,0.0,750.0,2026-05-22 04:46:24,Completed,Net Banking
ORD-0004945,CUST-000461,P-PRD-109,1,550.0,0.1,495.0,2026-03-22 13:08:07,Processing,Cash on Delivery
ORD-0004946,CUST-000270,P-PRD-109,1,550.0,0.0,550.0,2026-05-10 07:45:53,Refunded,UPI
ORD-0004947,CUST-000484,P-PRD-106,-1,1200.0,0.05,-1200.0,2026-05-16 12:51:19,Completed,Cash on Delivery
ORD-0004948,CUST-000001,P-PRD-109,4,550.0,0.0,2200.0,2026-08-12 08:23:47,Shipped,Wallet
ORD-0004949,CUST-000497,P-PRD-105,1,4500.0,0.0,4500.0,2026-07-19 00:48:42,Shipped,Wallet
ORD-0004950,CUST-000375,P-PRD-109,5,550.0,0.0,2750.0,2026-05-28 16:10:15,Processing,Net Banking
ORD-0004951,CUST-000125,P-PRD-104,1,299.0,0.1,269.1,2026-06-12 03:09:17,Refunded,Wallet
ORD-0004952,CUST-000118,P-PRD-104,5,299.0,0.0,1495.0,2026-03-27 22:46:31,Refunded,Net Banking
ORD-0004953,CUST-000088,P-PRD-109,1,550.0,0.15,467.5,2026-05-17 17:06:23,Pending,Debit Card
ORD-0004954,CUST-000106,P-PRD-109,4,550.0,0.0,2200.0,2026-05-03 04:29:30,Completed,UPI
ORD-0004955,CUST-000060,P-PRD-110,1,3500.0,0.0,3500.0,2026-07-30 17:13:47,Processing,Net Banking
ORD-0004956,CUST-000214,P-PRD-101,2,2499.0,0.1,4498.2,2026-08-02 13:36:37,Shipped,Debit Card
ORD-0004957,CUST-000139,P-PRD-106,4,1200.0,0.0,4800.0,2026-04-20 08:00:14,Shipped,Credit Card
ORD-0004958,CUST-000386,P-PRD-112,4,179.0,0.0,716.0,2026-07-24 13:21:17,Completed,Net Banking
ORD-0004959,CUST-000249,P-PRD-112,1,179.0,0.0,179.0,2026-04-12 15:26:33,Shipped,Cash on Delivery
ORD-0004960,CUST-000180,P-PRD-109,1,550.0,0.0,550.0,2026-07-21 05:41:53,Refunded,UPI
ORD-0004961,CUST-000126,P-PRD-102,3,899.0,0.05,2562.15,2026-04-24 02:38:35,Processing,Cash on Delivery
ORD-0004962,CUST-000200,P-PRD-102,4,899.0,0.0,3596.0,2026-07-13 04:44:36,Pending,UPI
ORD-0004963,CUST-000245,P-PRD-108,1,750.0,0.0,750.0,2026-07-31 22:50:00,Completed,Debit Card
ORD-0004964,CUST-000141,P-PRD-109,1,550.0,0.0,550.0,2026-03-09 15:41:31,Completed,Wallet
ORD-0004965,CUST-000428,P-PRD-109,1,550.0,0.0,550.0,2026-07-20 12:40:15,Pending,Debit Card
ORD-0004966,CUST-000418,P-PRD-110,1,3500.0,0.1,3150.0,2026-03-06 04:52:22,Cancelled,Credit Card
ORD-0004967,CUST-000180,P-PRD-112,1,-179.0,0.0,-179.0,2026-05-12 13:07:54,Processing,UPI
ORD-0004968,CUST-000293,P-PRD-104,1,299.0,0.15,254.15,2026-05-04 07:58:11,Pending,Cash on Delivery
ORD-0004969,CUST-000241,P-PRD-102,5,899.0,0.0,4495.0,2026-04-19 02:04:45,Completed,Net Banking
ORD-0004970,CUST-000104,P-PRD-106,4,1200.0,0.0,4800.0,2026-05-24 15:23:21,Shipped,UPI
ORD-0004971,CUST-000422,P-PRD-110,2,3500.0,0.0,7000.0,2026-05-30 22:46:59,Cancelled,Debit Card
ORD-0004972,CUST-000062,P-PRD-110,1,3500.0,0.0,3500.0,2026-06-24 13:28:54,Shipped,Cash on Delivery
ORD-0004973,CUST-000241,P-PRD-109,2,550.0,0.0,1100.0,2026-08-17 10:25:18,Pending,Net Banking
ORD-0004974,CUST-000218,P-PRD-104,1,299.0,0.15,254.15,2026-06-15 01:04:45,Cancelled,Cash on Delivery
ORD-0004975,CUST-000373,P-PRD-104,3,299.0,0.1,807.3,2026-06-03 18:04:44,Cancelled,Net Banking
ORD-0004976,CUST-000256,P-PRD-109,3,550.0,0.15,1402.5,2026-02-20 19:05:57,Refunded,Cash on Delivery
ORD-0004977,CUST-000187,P-PRD-111,1,249.0,0.05,236.55,2026-07-22 07:38:29,Pending,Wallet
ORD-0004978,CUST-000375,P-PRD-112,1,179.0,0.0,179.0,2026-06-12 15:22:32,Pending,Cash on Delivery
ORD-0004979,CUST-000488,P-PRD-103,1,189.0,0.0,189.0,2026-06-30 22:51:09,Processing,UPI
ORD-0004980,CUST-000009,P-PRD-106,2,1200.0,0.05,2280.0,2026-05-19 08:34:28,Shipped,Credit Card
ORD-0004981,CUST-000227,P-PRD-106,1,1200.0,0.0,1200.0,2026-06-11 23:04:49,Processing,Cash on Delivery
ORD-0004982,CUST-000047,P-PRD-112,4,179.0,0.1,644.4,2026-07-10 09:50:55,Refunded,Credit Card
ORD-0004983,CUST-000344,P-PRD-109,1,550.0,0.0,550.0,2026-05-10 00:23:13,Refunded,Wallet
ORD-0004984,CUST-000187,P-PRD-104,2,299.0,0.0,598.0,2026-07-29 10:27:46,Pending,Net Banking
ORD-0004985,CUST-000447,P-PRD-110,4,3500.0,0.0,14000.0,2026-06-14 17:57:46,Processing,Credit Card
ORD-0004986,CUST-000438,P-PRD-101,1,2499.0,0.0,2499.0,2026-04-05 19:26:52,Pending,Wallet
ORD-0004987,CUST-000199,P-PRD-109,1,550.0,0.0,550.0,2026-02-25 23:45:23,Shipped,Wallet
ORD-0004988,CUST-000115,P-PRD-108,2,750.0,0.1,1350.0,2026-03-29 21:09:08,Processing,Cash on Delivery
ORD-0004989,CUST-000159,P-PRD-102,1,899.0,0.0,899.0,2026-04-20 17:10:46,Shipped,Cash on Delivery
ORD-0004990,CUST-000019,P-PRD-109,1,550.0,0.0,550.0,2026-06-03 13:27:00,Processing,Cash on Delivery
ORD-0004991,CUST-000105,P-PRD-107,3,199.0,0.1,537.3,2026-03-22 08:30:09,Shipped,Debit Card
ORD-0004992,CUST-000203,P-PRD-107,1,199.0,0.0,199.0,2026-06-01 10:22:29,Shipped,UPI
ORD-0004993,CUST-000180,P-PRD-110,1,3500.0,0.1,3150.0,2026-05-13 03:40:06,Completed,Credit Card
ORD-0004994,CUST-000383,P-PRD-111,2,249.0,0.0,498.0,2026-08-05 21:51:05,Processing,Credit Card
ORD-0004995,CUST-000092,P-PRD-106,2,1200.0,0.1,2160.0,2026-07-05 16:47:22,Cancelled,Cash on Delivery
ORD-0004996,CUST-000034,P-PRD-101,2,2499.0,0.15,4248.3,2026-05-13 12:20:00,Shipped,Debit Card
ORD-0004997,CUST-000249,P-PRD-109,1,550.0,0.0,550.0,2026-06-19 15:59:57,Pending,Credit Card
ORD-0004998,CUST-000079,P-PRD-105,4,4500.0,0.0,18000.0,2026-05-02 20:12:21,Processing,Credit Card
ORD-0004999,CUST-000378,P-PRD-105,2,4500.0,0.0,9000.0,2026-05-26 17:35:21,Cancelled,Cash on Delivery
ORD-0005000,CUST-000394,P-PRD-111,3,249.0,0.0,747.0,2026-07-31 06:26:23,Refunded,Net Banking
